estado,temp_ocular_real,temp_ocular_corr,distancia_cm,temp_ambiente,hora_medicion,delta_ambiental,zona_riesgo
0,38.69671415301124,38.50220916551066,15.618101782710436,24.72385431116733,13.851675858408672,13.972859841843913,1
0,38.06173569882882,38.43931363654738,24.260714596148745,17.585795431577495,6.960390837191239,20.475940267251325,0
0,38.8476885381007,39.21531265239742,20.979909127171076,28.085918450322225,8.907957737444868,10.761770087778473,1
0,39.723029856408026,39.54642605131169,18.979877262955547,24.19674358603862,15.28415215775101,15.526286270369404,1
0,37.96584662527667,37.86113553397317,12.340279606636548,17.358058253354315,12.344230244145837,20.607788371922354,0
0,37.96586304305082,38.024519433102256,12.33991780504304,29.435070862218105,17.135628741444535,8.530792180832712,0
0,39.77921281550739,39.97779614439976,10.871254182522993,22.77548195002981,11.145016900096252,17.003730865477582,1
0,38.96743472915291,38.9112521857754,22.99264218662403,16.093476778074823,16.437748389767076,22.87395795107809,1
0,37.73052561406505,37.564780051470194,19.01672517614813,24.402493566226006,11.38746524973885,13.328032047839045,0
0,38.74256004358597,38.86961613115846,20.621088666940683,18.797983605192154,17.750979344423826,19.944576438393813,1
0,37.73658230718754,37.82355678577473,10.308767414437037,27.055401778159535,17.51801257678652,10.681180529028005,0
0,37.73427024642975,37.92186135117206,24.548647782429917,27.267331103492857,9.949640466672964,10.466939142936894,0
0,38.441962271566034,38.52252631729744,22.48663961200633,29.684210337819927,16.63108404500164,8.757751933746107,1
0,36.286719755342205,36.219775656277065,13.185086660174143,22.528042965367554,16.17133649058779,13.75867678997465,0
0,36.47508216748697,36.76540517443267,12.727374508106509,21.824353195916057,8.528164767930754,14.65072897157091,0
0,37.63771247075903,37.56958292734642,12.751067647801507,26.30213408169721,13.491484809399235,11.335578389061816,0
0,37.18716887966558,37.12410352123897,14.563633644393066,16.987059845128897,6.872187787077778,20.20010903453668,0
0,38.51424733259528,38.434370138344825,17.871346474483566,23.203732706896865,16.04052864700154,15.310514625698417,0
0,37.29197592447879,36.8944502879843,16.479175279631736,23.193714001962764,8.09455060204196,14.098261922516027,0
0,36.78769629866471,36.769263225262755,14.368437102970628,16.342096842155808,6.849776416629174,20.445599456508905,0
0,39.66564876892156,39.74984190973917,19.17779342083569,21.269761282603703,10.802629146465733,18.395887486317854,1
0,37.974223699513466,38.05760582417194,12.092407909780627,27.79927197850803,12.923065663195722,10.174951721005435,0
0,38.26752820468793,38.73726156536065,14.382169728028273,27.842304329919905,16.259003502717253,10.425223874768022,1
0,36.77525181378655,36.74809148020964,15.495427649405375,16.488564973795214,17.69091030626084,20.286686839991333,0
0,37.65561727547482,37.78911349407026,16.84104976325554,16.360813241217464,11.273910150838365,21.294804034257353,0
0,38.31092258970987,38.42847654275977,21.777639420895206,18.94043215502903,6.7253630758232426,19.37049043468084,0
0,37.0490064225777,37.55502807249352,12.995106732375396,28.121490938309904,14.989386948310448,8.927515484267794,0
0,38.57569801834568,38.48453168979118,17.713516576204174,16.933538776102484,12.78207907468725,21.6421592422432,0
0,37.5993613100812,37.35360038368471,18.886218532930638,25.799952039411693,11.374696138133558,11.799409270669507,0
0,37.90830625020673,38.02786012564643,10.696756190799967,16.51748429419655,9.711226545506277,21.39082195601018,0
0,37.5982933877706,38.10522345755026,19.113172778521573,24.34706780621738,12.028782334122429,13.251225581553221,0
0,40.05227818450894,39.877271924105706,12.557861855309373,20.341009486787172,10.06415525348437,19.71126869772177,1
0,38.18650277526207,38.365330324444095,10.975773894779193,26.833709444488004,15.084142412968323,11.352793330774066,0
0,37.1422890710441,37.411957146140956,24.233283058799998,18.505356732380456,12.526724357911693,18.63693233866364,0
0,39.02254491210319,39.3632957804732,24.48448049611839,24.588027440849398,16.52217328984934,14.434517471253795,1
0,36.97915635002898,37.011718095850895,22.125960221746915,18.535238018638275,12.522526975793305,18.443918331390705,0
0,38.40886359500476,38.35436076602654,14.56920653760056,25.704904246682307,8.85914896007916,12.703959348322453,0
0,36.24032987612023,36.23515863585271,11.465081710095758,28.10517051841123,16.213102586785734,8.135159357708996,0
0,36.87181395110157,36.92478378410479,20.263495397682355,16.9020269869014,12.686628539160527,19.96978696420017,0
0,38.396861235869125,38.55600851736854,16.60228740609402,27.998935328932554,8.482092457722736,10.397925906936571,1
0,38.93846657999541,38.98877096947029,11.830573522671683,23.90362881621447,13.482093719474666,15.034837763780942,1
0,38.37136828118997,38.22474674109596,17.427653651669054,16.90665736300536,10.29260117930913,21.464710918184615,0
0,38.08435171761176,38.28869497735684,10.515827816728276,21.41312783039568,16.13286734750479,16.67122388721608,0
0,37.89889630441071,38.14069676478179,23.63980603118173,17.412904402276467,11.439596863758513,20.485991902134245,0
0,36.72147800963258,36.83595825333602,13.881699724000253,25.505218332998542,14.717296297289,11.216259676634035,0
0,37.48015579160529,37.10893582386985,19.937834265309732,26.383022016269244,7.146434491634846,11.097133775336047,0
0,37.73936122904021,37.667304417567266,14.675666141341164,16.586947804091984,10.752292155628155,21.15241342494823,0
0,39.25712222621892,39.479263217676646,17.801020317667163,22.592097790419665,17.798897237668783,16.665024435799253,1
0,38.543618289568464,38.24224499327689,18.200654190149194,27.219375840388757,15.70152347372578,11.324242449179707,0
0,36.43695984463727,35.90766043501389,12.772816832882906,29.042445623264946,7.919289628403144,7.394514221372326,0
0,38.5240839693948,38.95837785599099,24.54376941646838,22.70276800112655,9.333168593727061,15.821315968268252,1
0,37.81491771958369,37.86596649316663,21.626992350416717,29.254188354171106,9.957789706276333,8.560729365412584,0
0,37.523077999694046,37.695717323545274,24.09248412346284,23.035334556840446,13.80438672594535,14.4877434428536,0
0,38.81167628884087,38.49269714064801,23.422410256414732,20.91285741899862,15.083937113875866,17.898818869842252,0
0,39.23099952249596,39.33821562457365,18.968499682166275,27.72304692829343,14.994319305694917,11.507952594202525,1
0,39.1312801191162,39.100842074745024,23.82811352534675,22.394740656871335,12.118488675676833,16.736539462244863,1
0,37.360782476777366,36.983371698732256,11.327387530778793,22.078537658467845,15.729846454057814,15.282244818309522,0
0,37.89078762414879,38.28116250127083,12.939742936287178,22.354687341147425,11.2449369930897,15.536100283001367,0
0,38.531263431403566,38.57838579977563,10.67840933365807,27.70177502804618,7.486566783546743,10.829488403357388,1
0,39.17554512712236,39.160167014997434,14.879954961448966,27.479123125320783,12.77330209984576,11.69642200180158,1
0,37.72082576215471,37.59157760090718,15.830159345342231,21.052799886603168,17.42761661521328,16.668025875551542,0
0,38.014341023336186,37.50000401681554,14.070235476608438,19.999497898057875,15.515923816710135,18.01484312527831,0
0,37.09366502599397,37.2009686371153,22.43106263727894,22.37892036058694,12.944407772306908,14.714744665407032,0
0,37.00379337591933,37.15126729883155,15.35129990040384,23.591587646056634,13.761667924189164,13.412205729862695,0
0,39.0125258223942,38.89139953472464,14.214017645310712,18.575058159419953,17.166744324426872,20.43746766297425,1
0,39.556240028570826,39.804725389834125,18.14044124737373,26.909326270733857,11.140113533219527,12.64691375783697,1
0,38.12798987841967,37.66162206811211,12.11386337462144,22.297241485986344,9.976729667311648,15.830748392433325,0
0,39.203532897892025,39.13991453418961,22.032954711310595,20.010683226299392,17.72689878000539,19.192849671592633,1
0,38.56163602504764,38.38718148084432,11.118259655196562,16.60231489445986,16.361317602124,21.95932113058778,0
0,37.55488024539488,37.41133858075157,24.80330404900776,18.582677406054103,9.876523015423228,18.972202839340774,0
0,38.561395605508416,38.56608625938928,21.58367153944986,29.239217576339755,11.565367168331074,9.322178029168661,1
0,39.73803656646597,39.763388037581656,12.980735223012587,19.576495302292898,10.98093754809359,20.161541264173074,1
0,38.16417396089005,37.939736885275956,10.082831756854036,17.53288934050553,7.789148144057207,20.631284620384516,0
0,39.76464365581401,39.6047192650014,22.231921426822513,21.9100918748249,17.493831885759107,17.854551780989112,1
0,35.58025489591026,35.94314947079677,20.602860157714257,19.606316150403728,10.851749174637106,15.97393874550653,0
0,39.02190250437523,39.59578088996746,20.93510752061481,15.527388754067912,16.503948991654894,23.494513750307313,1
0,38.287047068238174,38.34122257392647,21.569055200289185,19.84717825919126,8.27227473216798,18.439868809046914,0
0,37.90099264953413,37.71470696512726,11.110669776011356,23.16162935909203,12.574449727646638,14.739363290442103,0
0,38.291760776535504,38.573794515357605,15.376985928164089,23.275685580299502,6.287536621491238,15.016075196236002,1
0,36.21243108539911,35.897212929458775,11.738035892876946,20.34838381765333,15.170645806107704,15.864047267745782,0
0,37.98032811216249,37.96632366924969,22.946551388133905,21.70954134378901,12.97096677895534,16.27078676837348,0
0,38.55711257151175,38.30413784981183,19.34947190241337,29.482768773521496,13.507075001637032,9.074343797990256,0
0,39.67789404474152,39.43471818273236,14.963470372789738,20.660227158454674,6.620650590655842,19.017666886286847,1
0,37.681729781726354,37.66901278240881,10.953375254290355,18.873402198899743,8.532459962503385,18.80832758282661,0
0,37.39150639710682,37.07078395471199,14.664734825734932,18.652005661001404,6.8919704682429614,18.739500736105413,0
0,37.69824295641546,37.80506824647551,14.877749830401205,21.866469190562015,9.466971789645742,15.831773765853448,0
0,39.11540211770208,39.02885758215397,20.944092675070962,26.39280223075416,13.529268092185813,12.722599886947922,1
0,38.52875110965969,38.335281417897384,19.563362070328196,18.089822762827097,12.794231811808503,20.43892834683259,0
0,37.67023979623296,37.65488446474311,23.308191138644897,25.63944190711152,13.345797859360683,12.030797889121441,0
0,38.71326743311336,38.69746202119807,17.08322387742924,15.317247350241244,12.591015256534732,23.396020082872113,1
0,38.297077549348046,38.38972804264193,11.793913689074525,21.28399466975919,9.276345548110312,17.013082879588858,0
0,39.16864499053289,39.226896192175666,20.698671808344926,26.6379759780418,8.934089968133103,12.530669012491089,1
0,37.49794690612265,37.73935204530707,21.411775729253463,20.08099433661647,7.644716202438975,17.41695256950618,0
0,37.87233785340224,37.972351547826555,18.419157963542446,23.456056521680992,16.188850498841905,14.416281331721251,0
0,37.80789184686785,38.035402492060896,21.564507699318415,18.074688492388663,13.397752302494933,19.733203354479183,0
0,36.73648505186789,37.13096055306486,17.40693394546586,26.129930866892586,8.238132150048717,10.606554184975302,0
0,38.49612027706458,38.27372650760775,17.840992440729913,15.784186549031395,8.126512557854873,22.71193372803318,0
0,38.46105527217989,38.39769488261494,16.413115275378246,27.788139673132505,16.47642721831364,10.672915599047386,0
0,38.20511345664247,38.6562164336294,10.381286901161427,17.97294579632502,14.912770365159831,20.23216766031745,1
0,37.96541286662485,37.875072236194995,11.618371404899566,28.115970475624962,13.912788958864457,9.84944239099989,0
0,36.78462925794959,36.09769649104394,10.471437785301013,20.28793861950776,10.882369290471598,16.49669063844183,0
0,37.77935467723464,37.79327797106306,19.546156168956706,25.8402536171173,9.14370677134221,11.939101060117345,0
0,37.857285483473234,37.901692964265656,14.7153397161449,19.788379466792826,17.753409157353886,18.06890601668041,0
0,37.39772273077838,36.69129059945184,17.62856036747054,28.588675068519713,15.566874900273602,8.80904766225867,0
0,38.03871428833399,38.4048035449378,23.613497108891394,16.899556882775617,9.621350677635318,21.139157405558375,0
0,38.60405085681454,38.45857762528728,13.739383437233124,17.67779683908898,16.170777555341935,20.926254017725558,0
0,40.08618590121053,40.160836384980946,16.155743845534445,22.395451877382033,15.107183383376178,17.690734023828494,1
0,38.374577812831845,38.39016738731542,21.33326707814573,16.22907658557219,9.56496659853598,22.145501227259654,0
0,38.457550390722766,38.156482377835786,13.431972482374338,17.93970277052643,11.118634250899676,20.517847620196335,0
0,38.12555408423383,37.806748034134564,11.154698647431895,29.156495733180215,8.23144134469232,8.969058351053619,0
0,36.28122878470096,36.00282124066225,14.34627179370652,29.647344917218305,7.332629332537312,6.633883867482652,0
0,38.173486124550784,38.51484888048035,12.418319308810066,20.64388993995633,14.673144394076362,17.529596184594453,1
0,38.26023020994103,38.20920567747833,23.945464785138597,28.849290315209032,9.210142288246399,9.410939894731996,0
0,40.66324211248529,40.55462103891919,22.121805693466253,23.172370135101474,15.840712388955044,17.49087197738382,1
0,38.00763903521888,37.567630904095154,19.501056347656352,19.046136988106504,17.947304538173114,18.961502047112376,0
0,38.501547342333616,38.87571215347033,23.071908852815767,25.53598081620898,6.9194377671557845,12.965566526124636,1
0,38.16528823029476,38.400931783211014,22.055081153486718,24.883527098622856,11.676421501004404,13.281761131671907,0
0,37.03132196238048,37.32130496170695,12.798550883290538,29.836879786631002,15.624750711729636,7.194442175749479,0
0,39.342822814515024,39.66819432551089,23.388384977349666,18.975709311139248,15.467410758494802,20.367113503375776,1
0,38.951933032686775,38.95935285968059,18.090133628734762,25.080892539926033,15.119965899971621,13.871040492760741,1
0,38.99103194704305,38.79375714939646,22.111602327460936,15.780356325441703,10.187939223622932,23.210675621601347,1
0,37.29061254520526,37.20636247535639,23.4413694988524,16.70469058045079,11.446239068220628,20.585921964754473,0
0,39.602794310936105,39.49952979500587,14.770052124577958,15.0587756242664,13.139620288097642,24.544018686669705,1
0,36.79814893720772,36.24006471827284,11.650778867915152,29.991910215895096,17.68728700287909,6.806238721312624,0
0,38.78685709380027,39.163727156342304,13.419027438129126,27.034105457212167,9.930567251261914,11.752751636588105,1
0,40.390455625809984,40.145593238231974,16.406616829393844,26.80084522100311,17.077726652602294,13.589610404806873,1
0,37.20946367486931,37.37883287096542,22.270221488837397,22.645891129322695,9.23228301816593,14.563572545546617,0
0,37.63370227039723,37.983991950051355,22.910958748845154,19.5010062435816,17.868893585684454,18.13269602681563,0
0,38.29965136508764,38.36184828586448,10.10428195796786,17.268964266940138,14.043164241931102,21.030687098147503,0
0,37.6965243458838,37.92583903133843,17.661209538663485,19.270121082696953,11.562137764302612,18.42640326318685,0
0,36.64933656893387,36.3548834533685,16.261165047231685,20.639568328937088,13.360685136763259,16.00976823999678,0
0,38.26856297480603,38.72924278836236,13.331617157060954,26.34465145470441,9.270374028482482,11.923911520101619,1
0,37.1376962862739,37.27524058533162,11.797980510005242,23.094926833547284,9.2900862901376,14.042769452726617,0
0,38.67359243063518,38.65070196481334,15.06422757105442,16.16225439833224,7.362654526121926,22.51133803230294,1
0,37.2805757657662,37.25783651892493,24.143645558687787,15.270435134383684,7.368603572464785,22.01014063138252,0
0,39.74993440501754,39.46772013845591,14.848043980311328,16.534982693010946,10.172060897626936,23.214951712006595,1
0,37.41674670766377,37.51074015435632,17.781859326150492,21.157480705460692,15.15426573475646,16.259266002203077,0
0,37.87793848379432,38.06801684995412,20.545284383427667,28.997893755735276,13.29565401117795,8.88004472805904,0
0,39.01351721736968,38.763511702254895,15.45444403568941,24.561037218138324,7.231014723972249,14.452479999231358,1
0,36.96913568356605,36.64378089201494,24.57673124081441,27.027388498132726,16.22683829971093,9.941747185433325,0
0,38.42745993460413,38.26403504865946,24.43670942413167,21.99561891756823,13.216411523880797,16.4318410170359,0
0,39.507142754282434,39.7766000700166,13.776734437380462,20.424991247925643,17.530266921417358,19.08215150635679,1
0,36.59251676543877,36.34699195527401,17.45872758838578,16.62600559074934,14.04222560893449,19.966511174689433,0
0,38.384633858532304,38.334888037337656,14.513174647251546,28.138995332793073,8.102098364450171,10.245638525739231,0
0,38.45988279424843,38.96602079651665,14.272607415662014,26.74740043541854,11.685400347693868,11.712482358829888,1
0,38.98182287177731,38.75982582828828,10.553304210317991,17.521771463965877,13.78197117056645,21.460051407811434,1
0,36.96304928912192,36.858528732334854,19.143465009698453,22.683908458143907,6.339176412599732,14.279140830978012,0
0,36.87954338691573,36.721515023049456,17.54018534843292,22.310622118818674,6.178923169857695,14.568921268097053,0
0,38.7219415656169,39.184989013677615,10.77218126874984,24.376373290297927,7.552836007182815,14.345568275318975,1
0,38.49698467323319,38.98645757272105,14.179696963549173,29.19280340986892,9.01997322054565,9.304181263364274,1
0,38.45049285034588,38.7104274269885,23.623988289499806,23.696571626437194,11.154589482248106,14.753921223908687,1
0,38.54644820949698,38.735173927986565,13.593428360004587,23.103259001679277,11.849285685117461,15.443189207817703,1
0,37.51997527842151,37.473961248047836,12.173423081368346,15.754843994019959,7.656331307254762,21.765131284401555,0
0,38.43225369716101,38.932451102877835,17.341791404163445,15.943612140270359,14.08069894938997,22.48864155689065,1
0,38.49307247329868,38.53751838504079,24.78475681165901,17.81020186990183,13.153656740358418,20.68287060339685,1
0,37.48564858197364,37.77610350739699,13.630829072672507,15.487061575376224,9.533569186093922,21.99858700659742,0
0,40.06577451114476,40.070797652531596,20.08203321108818,26.150293433550186,6.163918601223504,13.915481077594574,1
0,38.67383292091179,38.513200363520724,21.424294229930766,25.84995455990945,6.931774984239489,12.823878361002343,1
0,37.00869650279736,37.50367325186821,13.564563159885996,17.040843516474645,10.700337306130074,19.96785298632272,0
0,38.85655360863383,38.95967053190457,20.923245229177894,27.541183511929212,7.847692213988207,11.31537009670462,1
0,37.22531832977268,37.661425675818464,15.516746990788798,17.32179052269168,10.52183527377565,19.903527807081005,0
0,38.98708460374245,38.943858929560314,19.48458745890369,19.517633804960383,13.53819125412426,19.46945079878207,1
0,39.35859557900741,39.230122772100636,19.50294566141342,18.734653487420474,12.566849134551402,20.623942091586933,1
0,37.379317681648295,37.23532314817123,18.036620261121378,20.584606478595717,8.77411059764873,16.79471120305258,0
0,39.16337612924433,39.089440348093206,11.354346550816125,18.819956488349426,10.12586989510503,20.3434196408949,1
0,38.6127809269365,38.46132588882739,22.52953743383857,22.33426389657678,13.368374381383807,16.278517030359723,0
0,39.022060159994496,38.69111105423744,14.811700974576038,21.111118220320282,16.330260336521384,17.910941939674213,1
0,40.09679298265395,40.28161166110648,12.797777655997812,29.798542361689897,15.038561264866527,10.298250620964055,1
0,37.95461188399713,37.853288837984614,10.611627123321458,15.838895251923384,12.64080032200098,22.11571663207375,0
0,37.44626383564251,37.40293823483352,18.863394147823627,17.132720645810274,10.347515979797834,20.313543189832238,0
0,37.31048557037448,37.193660892730975,20.163465427634236,15.792388408629037,10.380615330501666,21.518097161745445,0
0,37.384189715034566,37.18489905660211,10.248817433917843,24.387617924735636,16.553007723172755,12.99657179029893,0
0,38.1228982905859,38.49345888671036,17.681395874489215,15.817639161205793,6.470922912486557,22.305259129380108,0
0,38.54115197481665,38.21962723151486,13.39743662796907,27.54659606064185,17.855791733043134,10.9945559141748,0
0,38.47669079933002,38.518567364318166,19.677591856141746,22.679079460228916,13.972504930218747,15.797611339101106,1
0,39.02718324903603,39.17675908505022,12.61549643507487,22.905114368723005,14.173652388868685,16.122068880313023,1
0,38.21300189187791,38.27260865907454,20.36406607153699,23.423917615682914,6.455974047656905,14.789084276194995,0
0,39.65353407715732,39.25950235524326,15.801030194508062,17.56220559459316,13.266351298695266,22.09132848256416,1
0,37.935343166762046,38.13627716362626,24.050949831051017,17.965354546717315,11.817336721085365,19.96998862004473,0
0,40.92016916658962,41.00174192125524,12.062814162189898,19.78225984309507,7.269346882728804,21.137909323494554,1
0,38.82566734776501,38.728780430101374,15.115995265753877,23.902446237327773,9.33506412923231,14.92322111043724,1
0,37.34284244358372,37.53478586688718,11.702102818608836,18.15176663910322,16.683773474563814,19.1910758044805,0
0,37.12910750193889,37.246040192744005,23.87040427417844,16.744975906998917,12.599860990391434,20.384131594939973,0
0,38.68247241524319,38.32358597362979,23.160090300714714,29.55175329627648,10.960998902086905,9.13071911896671,0
0,37.97653721467415,37.79736218222284,13.869124415727335,15.329727222144344,6.872185870089732,22.64680999252981,0
0,38.91400049409209,39.10367631135968,19.899760690512686,27.040461080040323,14.569458328827668,11.87353941405177,1
0,38.673237624573545,38.865435782051,22.258333003018237,26.82052724362533,14.434209880752391,11.852710380948213,1
0,38.12717108734313,37.844334306338595,18.328012173991937,19.45821170767644,13.368523283670763,18.66895937966669,0
0,37.3532062819316,37.163724806079124,17.944758675340097,17.0343992401097,12.12315175464779,20.3188070418219,0
0,36.68515277531414,36.602524562395345,13.627784363506775,17.18442970058135,11.205412826488473,19.500723074732786,0
0,37.75348504793298,37.676308205931534,11.396541517088489,25.461474258557885,13.119253115855908,12.292010789375098,0
0,39.05639879432348,38.78286320906966,23.458236369299904,24.642098866292606,8.800745420740881,14.414299928030871,1
0,38.414093744130206,38.04607051908984,23.506270857449955,26.7411851137708,17.295108770131773,11.672908630359405,0
0,36.954261221288014,37.22750225931211,19.49652185909902,29.06221758598657,13.065534350162755,7.8920436353014445,0
0,38.37318092585119,38.59696871640801,15.08544686573051,25.37891044899888,9.734309332252518,12.994270476852307,1
0,38.58531737972884,38.24129781561383,15.238143619189913,17.33777304827165,11.396158210621888,21.247544331457192,0
0,37.31614256379887,37.31078688598816,20.88933518305359,18.65163925148116,15.668217466522709,18.66450331231771,0
0,38.35372510594553,38.23893675229523,23.456653899288657,27.632905963096718,7.939392728763569,10.72081914284881,0
0,38.258208718446,38.19488327089989,23.30629636397676,18.13959113751313,9.514027469523125,20.11861758093287,0
0,37.05702970216938,36.95129732196546,21.698133187864357,16.08783475431722,14.154096272838665,20.96919494785216,0
0,38.557787360348286,38.41560639351493,19.630474692314316,25.549200810633756,9.785870477786688,13.00858654971453,0
0,38.76078452636824,39.21169683734118,11.262099474925733,21.03789533235213,15.510020182337591,17.722889194016112,1
0,39.28305124317528,39.26959519369449,12.424430711419205,28.800600788188554,7.56544184612833,10.482450454986726,1
0,39.25380205203491,39.161969391468766,23.478312827906187,24.753826066404923,15.152234045455302,14.499975985629984,1
0,36.82233063204291,36.529149722665004,19.09643589489385,16.356284666874913,6.820220578206795,20.466045965168,0
0,37.26217496008488,37.406257211929564,10.137955774249445,29.217848508804913,6.151111352009938,8.044326451279964,0
0,38.71503526720866,38.36897312836317,11.522073142990482,18.878358954603687,16.778682225985946,19.836676312604975,0
0,38.71378595091221,38.43953450115124,19.952526536620837,20.058187356094287,12.976070603187583,18.655598594817924,0
0,38.71504768630605,38.971728750357975,10.07592375769328,21.033906205253132,10.221922765041738,17.68114148105292,1
0,42.05273149065472,42.033853084431485,12.41212077126248,15.768364446064698,8.791135643566205,26.284367044590024,1
0,38.77089051069317,38.74041814933233,18.231006840498793,22.447731333459075,13.402629399129793,16.323159177234096,1
0,39.33556564018061,39.865201781070965,20.3784279653904,16.849777366129384,12.108026202440858,22.485788274051227,1
0,39.154001763493206,39.2318835607974,19.779418892539006,21.014554900325276,17.89917330635982,18.13944686316793,1
0,38.8513912513058,38.73791482544095,13.364039641908397,20.260646819881266,17.79859183984495,18.590744431424532,1
0,37.884730755359655,37.78725918998882,20.68268832021304,26.59260125139755,13.620294793699316,11.292129503962105,0
0,38.95896922049327,38.64361953860408,13.558736312452002,27.047557674490967,11.314446073270686,11.911411546002306,1
0,37.427174785462434,37.84159045411331,14.880995472389015,17.30119323583632,11.893691629615946,20.125981549626115,0
0,37.96318139326,38.13601385751449,21.197371076770363,20.498267810688393,14.189748794842343,17.464913582571608,0
0,37.7146364521709,38.01519762067618,19.74449348570822,20.600297415477478,7.218894530824576,17.114339036693423,0
0,38.281874139386325,38.52183074672767,22.73835115741267,17.271156659041274,9.940224885728618,21.01071748034505,1
0,40.51465856667351,40.48418557939386,19.86419338450515,26.976802575767856,6.903266892043247,13.537855990905655,1
0,36.33273480740826,36.05513260059975,18.524629050032075,25.60842492503135,6.880329114203034,10.724309882376907,0
0,38.886260190374514,38.85715418564436,11.405121517421387,17.85572679445552,8.350070902730804,21.030533395918994,1
0,36.58728412881035,36.31599337096875,15.515737045891502,20.500828628906987,11.823039055118723,16.086455499903366,0
0,37.72806813421057,37.84730339701722,13.978035515225882,16.587075372847714,15.417291853953472,21.140992761362853,0
0,39.28895059696737,39.664615208348835,13.659844650686253,24.42309895639566,11.825950693990471,14.865851640571709,1
0,38.264280019095466,38.28543536905416,24.595158321286682,16.820578868229294,10.025719326730437,21.443701150866172,0
0,37.1222552220707,37.02168789976501,15.896465870001407,29.789012529373768,6.988235884041098,7.333242692696931,0
0,37.48469629074003,37.426318151037464,23.3806983276567,26.710231120317935,12.603546278197555,10.774465170422097,0
0,38.87959774893468,39.09317137404992,19.467079389958943,20.853578243759927,9.255223037798121,18.02601950517475,1
0,37.469633368282864,37.17057232812648,21.922169553124725,23.678458984190314,13.379210135005769,13.79117438409255,0
0,38.41645858958198,37.89063898205403,17.539556396577883,28.67012724324613,17.72625286958902,9.746331346335847,0
0,38.24557183990382,38.3735080863525,18.653558269395386,23.31148920593739,7.335771857730602,14.934082633966426,0
0,37.54839965239419,37.87906018163225,17.38776540728296,17.617477295969326,8.54550478466328,19.930922356424862,0
0,40.343944089325326,40.49455559733026,12.928644816970667,20.68055033371739,11.677134457192498,19.663393755607935,1
0,38.833919022318014,38.65882261619643,20.83678172892258,27.647172975446182,17.623365784151154,11.186746046871832,1
0,36.1748574133424,35.982694438081246,14.211585436612836,24.66319523984427,15.261717315239947,11.51166217349813,0
0,38.38645431476943,38.56191307387994,10.364739496471808,24.760865765007004,16.77875031795396,13.625588549762426,1
0,37.53821353523161,37.45598142171738,19.682084438607518,28.002322285327338,10.004578181709515,9.535891249904275,0
0,39.05243333479623,39.0327232331045,12.656660191105734,28.409595861937568,17.904461685343136,10.642837472858659,1
0,37.4074792615673,37.90962489138647,24.106878765293715,28.796888576691543,7.233993792769889,8.61059068487576,0
0,38.08526355853311,37.92861809680962,24.308928655038812,16.42273789879734,6.63567487255321,21.662525659735767,0
0,38.70498727898046,39.01470487976443,23.72296585330673,23.161890029446514,16.267231524648338,15.543097249533947,1
0,39.06575519417012,39.0311388574538,15.552380503831666,26.10764281827478,17.127178442483835,12.958112375895343,1
0,36.99970359294423,36.529168778584754,10.231849247933011,26.353902676905207,7.087024290553221,10.645800916039022,0
0,37.86549876415906,37.8071940557636,23.92477843881588,24.10074302955006,7.361129120950098,13.764755734608997,0
0,37.725054688839045,38.01998551977796,16.422762224759715,17.501810027755113,6.398089893069286,20.223244661083932,0
0,37.54667076742629,37.444309533527,24.499822285655043,26.961308309124966,7.254090751712689,10.585362458301326,0
0,39.9654542402811,39.633586639978205,24.45429965633879,25.801670002724187,8.513037801603371,14.16378423755691,1
0,38.60498171096096,38.54966370741412,22.7951418320104,16.292036573235546,17.64091942692001,22.312945137725418,1
1,39.09979678005582,38.98434282103908,14.416733381043786,21.957147370115642,14.014322666876165,17.142649409940176,1
1,38.542810012698766,38.73912271205738,15.776465929028879,17.609660992827052,15.342636306222506,20.933149019871713,1
1,39.03136477112947,39.219502754514444,22.767050072752852,20.062155685694577,15.313672844298265,18.96920908543489,1
1,41.66973433559019,41.37783026893532,14.753830077344166,15.271216383085282,12.420884997350576,26.39851795250491,1
1,39.06578144451847,38.931960415790705,12.542391200291387,21.004948026161372,15.569867732556206,18.0608334183571,1
1,43.72209668428861,43.794014769461256,18.352018936875254,23.24815381734316,13.149690388679636,20.47394286694545,1
1,40.94131327114516,40.62565008886075,24.042321612411715,24.293738892406303,9.774553171240292,16.64757437873886,1
1,40.540286960803336,40.32038115858455,20.440446950124596,24.952355176930652,12.733321305220809,15.587931783872683,1
1,39.18413488576442,38.95964504242771,18.550917551340476,27.544369696536897,12.40210303361416,11.639765189227525,1
1,41.21040284323168,41.37414445112691,11.457647406561527,18.23194360913595,15.881436645111847,22.978459234095727,1
1,39.55167082589089,39.68554218130739,19.225108400487546,16.807227336577018,17.780726608579908,22.74444348931387,1
1,40.45861275903896,40.317815539372255,24.85080775156395,27.773057578468887,10.932510785051166,12.68555518057007,1
1,43.62810989974943,43.681206462212884,12.101260228547861,17.34919222338975,15.160688141296315,26.278917676359683,1
1,40.17512213035796,40.66302879023966,17.77494478545605,29.62140122004293,7.197156048457602,10.553720910315032,1
1,41.794055324171374,41.578895412472164,23.160596078919333,27.638073440979554,15.321976433379463,14.15598188319182,1
1,39.38587064733635,39.03989480729325,21.111529266313067,22.513149088343987,10.457002943918786,16.87272155899236,1
1,40.25451496235394,40.22222942900936,20.455236114929022,29.721321373830378,6.47268195467624,10.53319358852356,1
1,42.60204082632616,42.50831479250704,20.53726125980664,16.460650936620063,10.358954142746127,26.141389889706097,1
1,39.4849428248759,39.38363210865899,15.392367268296328,19.545986417626523,13.327713011059737,19.93895640724938,1
1,42.656183125396005,42.82341307019512,14.4038776639674,24.57336622560917,7.431002012177599,18.082816899786835,1
1,41.22007751609212,41.337999175783224,22.140417332177705,20.25010302709768,17.088413909163055,20.96997448899444,1
1,39.56879319133745,39.06859529376231,22.15170092018771,28.925588279711878,6.932068959274063,10.64320491162557,1
1,41.12213006077217,41.05212486941866,23.006084778701556,15.984391322667264,17.160080637997993,25.137738738104908,1
1,41.56432078451475,42.154070580152684,23.698608288347067,23.241177480914466,14.485650215228237,18.323143303600283,1
1,41.10835295088236,41.229096047912584,17.67013598291407,23.86299401092672,9.956546104970442,17.245358939955644,1
1,38.2587078641424,38.44167262514674,17.522744420307994,24.79092185665836,10.689004172509119,13.46778600748404,0
1,39.35472167142767,39.549320053200184,21.974427684501627,18.834993349977218,14.88971237679293,20.51972832145045,1
1,39.97822577378304,39.97625202869762,19.749458961666477,20.46849641279797,13.217653210574488,19.50972936098507,1
1,40.20323654216994,40.498758336440204,20.529503158865552,27.655207944974663,14.059715057459343,12.548028597195277,1
1,41.10687372681588,41.25660686772358,21.936890041541517,17.924141534552398,10.66997539816176,23.18273219226348,1
1,40.531011301213226,40.620775858339194,23.350080127263496,27.40301770760043,11.853761781691187,13.127993593612796,1
1,38.56405233367686,38.55248134925167,15.069927352773037,23.439831343541137,17.87840980845472,15.124220990135726,1
1,40.79425720630775,40.94853749865671,15.63374428959916,26.432812667911232,8.567074445996612,14.361444538396515,1
1,41.09376146886897,40.91436711604838,11.409729097613035,25.704110493952072,11.014274238265576,15.389650974916897,1
1,41.02772758231035,41.015098620553815,18.67420211494261,18.112672430773184,9.501878250887607,22.915055151537164,1
1,41.705014943221,41.37174247162793,10.539134106951131,23.532191046508093,15.181338125278199,18.17282389671291,1
1,41.38409880091357,41.255873221663386,16.9839702719869,28.015847292076387,15.168151507988648,13.368251508837183,1
1,40.896934102996966,40.94814605158377,18.13966952061365,21.481743552028938,9.509345531968751,19.415190550968028,1
1,40.20878457510376,40.02400910757321,14.298118781924266,29.49886155334975,6.976683799595795,10.709923021754012,1
1,38.14075078642921,38.165734187987795,18.862498908535162,21.78322650152577,6.137192120066448,16.357524284903437,0
1,40.85850368487236,40.84286572359986,10.457503749085742,17.141784550018272,11.129406398909826,23.71671913485409,1
1,40.56999399331204,40.71326783839068,10.560222831238216,20.8415202011651,10.92405113202925,19.72847379214694,1
1,40.65305248835399,40.825795711233134,22.339008409894873,29.275536095858058,17.860678543678354,11.377516392495934,1
1,38.6402268514336,38.501633498079215,15.402859621168943,19.795812740097816,11.637624908372155,18.844414111335787,1
1,38.89462649746925,39.235828220815954,11.905907689778271,28.02147239800594,9.077020434905048,10.873154099463306,1
1,41.66909870933277,42.03424991819818,17.833648900822066,28.218760225228348,16.69475329237761,13.450338484104424,1
1,40.24857829998635,40.27797761708017,21.54990329647916,20.252797864979417,11.892815395842941,19.99578043500693,1
1,41.18595090658441,41.23000908103393,13.237315412452649,16.248864870759483,13.190107622526934,24.937086035824926,1
1,40.3368138889696,40.433053050900945,19.343357137285004,25.868368637382275,7.148024525138553,14.468445251587326,1
1,40.33868298134447,40.52261852411832,11.28021197490652,19.672684485209793,10.594996887957288,20.665998496134677,1
1,41.5197689477688,41.76604916628909,10.775225817529115,26.743854213863585,17.33068409368544,14.775914733905218,1
1,39.62914185331741,39.94688141820875,17.97031947352222,21.639822723906498,13.074064610105104,17.98931912941091,1
1,40.42495701002328,40.46176799091889,18.109526824151597,22.279001135139325,10.13402226170954,18.145955874883953,1
1,39.69904212468344,39.98665087119017,19.5614485224731,26.668641101228054,13.508006167579117,13.030401023455383,1
1,39.73515490433799,40.1341164002726,20.891370005839924,20.735449965924417,16.924933074937393,18.999704938413572,1
1,39.89807623949076,39.866824718561254,24.637781191938018,21.64691017984372,9.28788720567108,18.251166059647044,1
1,40.58877390312382,40.51485714374765,17.74450522451793,20.64285703154433,12.061400621648094,19.94591687157949,1
1,39.67762679183748,39.65591913816673,14.844347094118689,20.5101077291592,17.504287846941065,19.167519062678284,1
1,41.932482963245576,42.07688641077183,21.927792921530553,22.88919865352189,8.068753719581432,19.043284309723685,1
1,39.137010507114645,39.52294406665986,14.062483768931113,27.131991667517262,14.635967107160539,12.005018839597383,1
1,40.05706686259023,39.8765878025693,16.584571310584543,20.42652467883849,13.373772098435788,19.630542183751743,1
1,39.72834962424357,39.49708943353547,11.17684572013399,22.863820808066052,14.156101573687618,16.86452881617752,1
1,42.18107124965985,42.15951272094689,10.380261151231863,25.060909881639013,10.214635568010836,17.120161368020838,1
1,40.55552120946504,40.46766726644356,24.439726220168875,19.041591694554825,9.76655248180518,21.513929514910217,1
1,41.641397901309226,41.186697263411716,22.539701807683088,19.162842073535888,14.210516047060445,22.478555827773338,1
1,38.36877151505193,38.127990424757186,20.43961309140547,29.001196905351822,8.586519421254543,9.36757460970011,0
1,40.64716534563004,40.69317585120027,16.134294166214048,25.85301859996633,11.035856938308061,14.794146745663713,1
1,41.45652003431047,41.7307375988532,12.599414801062686,23.657800143349633,8.258095752635016,17.79871989096084,1
1,40.40696918605805,40.44227359346953,12.34655564006629,24.71580081630918,6.099658093479957,15.691168369748869,1
1,41.68512448758496,41.75648406682759,13.75364347246893,15.439491646551275,17.64068832045683,26.245632841033682,1
1,39.62752501486951,39.8858276441326,18.238399970591807,24.27154448342545,11.180435743877029,15.355980531444061,1
1,42.13215167224125,41.8588589352131,20.718938840500932,22.642633098363028,17.632195373037902,19.48951857387822,1
1,43.28856756070502,43.49451003842647,19.90296065076597,23.186245196691537,7.683882237213913,20.10232236401348,1
1,39.82830987142844,39.856869140780304,14.199008454189142,20.391357402462255,13.048401353489833,19.436952468966183,1
1,39.72084672217899,39.91022313227445,24.32297920994791,16.222108465694127,8.411688393494876,23.498738256484863,1
1,42.18939982025301,41.97679929196656,21.068453750436525,17.900088504180783,15.480889523559297,24.289311316072226,1
1,42.353443789449926,42.08591063441448,18.31531078767101,29.261170698190078,15.404435865131703,13.092273091259848,1
1,39.62028196470075,39.73095605252749,19.175811193515283,21.130493434064007,7.351285788471742,18.489788530636744,1
1,39.75375713777538,40.2839980213003,16.29400093641685,22.000247337462962,16.94477343451667,17.75350980031242,1
1,39.93368000848134,40.19367482521759,13.715964842517362,15.790646847801584,8.335555766438695,24.143033160679757,1
1,38.55221433565544,38.375492052454725,15.339590179768923,15.56349344315971,13.355728099072325,22.988720892495735,0
1,39.10575246957054,38.63393822635439,21.367691656965537,25.757721705701364,17.82760344105245,13.348030763869176,1
1,38.99461700322231,38.71542864030547,10.215902329446338,23.07141996181667,16.588758417196367,15.92319704140564,1
1,39.30186316536463,39.53895528189405,11.741089607603744,22.630589763244,17.47876714273403,16.67127340212063,1
1,40.25490964639718,40.09082505634928,10.690039630326291,18.64686795634003,10.111185254617434,21.60804169005715,1
1,40.60447915229747,40.470629912204416,10.610932034784552,26.171260974448835,7.26690770663356,14.433218177848637,1
1,42.3156506406583,42.57981161050699,22.831908760165106,17.52354868662738,8.2601624794734,24.79210195403092,1
1,39.00213974703957,38.737207830760674,20.554867890700358,17.8490211549153,12.005938740919365,21.153118592124272,1
1,41.57961911801956,41.78471453943821,17.11260743630988,21.910682570224132,15.518756139279866,19.668936547795425,1
1,40.02181450250684,39.86564641654657,11.467512409765021,19.294197931679115,7.801843730206503,20.727616570827728,1
1,40.23569717745183,40.11030444225202,17.374238126752484,18.711944718497197,13.916778387129085,21.523752458954636,1
1,41.17726533981658,41.2025714826536,17.102076561708486,24.678564668299977,9.882931248474142,16.498700671516602,1
1,38.840461371969006,38.70188339057378,12.598028048650228,24.76457617827817,10.094424868705842,14.075885193690837,1
1,40.79713267003926,41.04105795162401,16.507774738569594,27.367756046998938,13.943012761895115,13.429376623040323,1
1,40.51638787067697,40.28987497196325,15.977571015960603,21.265628504594638,11.603993034398643,19.250759366082335,1
1,40.94018664321059,40.41122978907686,19.237751470783245,16.096276365392253,15.744399516311926,24.843910277818335,1
1,40.67591923708016,40.627160033809425,19.526404763014657,19.104995773821866,7.871022115953925,21.570923463258293,1
1,43.49189018188416,43.162399344416386,10.679560146580668,29.700081947952256,15.479379237204462,13.791808233931903,1
1,39.47093802047328,39.52844897097208,15.619189219397068,23.94387862849053,6.77082297668905,15.527059391982746,1
1,39.60970395849763,39.49483154982388,19.387898735713545,25.646056272015304,8.32864656294726,13.963647686482329,1
1,39.4899173156478,39.239117060444954,17.547043878701317,15.110367444381218,13.873796574037986,24.379549871266583,1
1,39.577879745091664,39.6578153121381,22.847347617824834,22.77308598273781,16.259107878132856,16.804793762353853,1
1,39.471396734501525,39.235496561096184,19.880404474284177,15.562929862977047,9.032155532872189,23.908466871524478,1
1,41.84572149043981,41.83169237454903,12.444016406221445,23.53845318137172,9.926299269946956,18.307268309068085,1
1,42.14665552238681,42.40950749804367,11.058531211006448,28.81156274454113,12.44544897944088,13.335092777845677,1
1,39.55802981812568,39.40378970433996,19.636289173094735,29.526286957506116,8.538873677871628,10.031742860619566,1
1,39.2179377549645,39.11513367895333,10.397669658124327,23.108290130833865,15.733875139050067,16.109647624130638,1
1,40.912840223302325,40.10501542336973,18.78663371910195,21.87307207878324,15.28363974006913,19.039768144519087,1
1,39.582110042434735,39.62659794869018,24.103453621374364,29.17525641372741,7.743500543589379,10.406853628707324,1
1,41.12281136308216,40.9591668201604,18.632112668138184,25.104147479950427,11.565956781799585,16.01866388313173,1
1,40.563799927106686,40.31221208645539,15.822548893097828,15.973489193076142,15.297933199855457,24.590310734030545,1
1,38.3295326505036,38.4641129306799,19.649323276635297,21.985883665012462,10.047954373240977,16.34364898549114,0
1,42.31175676172908,42.551170597784285,16.873793357372747,18.60367527696456,13.597281872612779,23.70808148476452,1
1,42.634640975024176,42.46362348142616,18.184251839739026,22.047064821730224,6.602557457490873,20.587576153293952,1
1,39.50337470237029,39.28534413135924,24.12197213164788,21.831983580095425,13.304265126351815,17.671391122274862,1
1,39.79598797208322,39.790142623662234,15.791539567011615,23.73217204222113,7.831835760007284,16.063815929862088,1
1,40.67162500794237,40.13718754115809,24.41785845735871,20.351557355238768,15.966999901373416,20.3200676527036,1
1,40.73479382698313,40.44028754606529,23.580259629340958,17.46405674183892,10.265393562965741,23.27073708514421,1
1,41.15610755447468,41.319553667849206,12.936867021839447,22.555791518849343,9.378646352738349,18.600316035625337,1
1,42.913265900396254,42.780375653878515,11.040419513127482,27.45304326518643,16.09066772053782,15.460222635209824,1
1,40.06996860425773,39.62031853263189,11.5116700206614,24.960183421014037,6.6017282768617225,15.109785183243694,1
1,39.26221358210001,38.79939585608898,10.273327384773246,20.07551798887824,10.759305592012137,19.18669559322177,1
1,38.50688500358111,38.52773723726894,11.416644411338925,29.03284534138286,10.440042486900376,9.474039662198251,1
1,39.3497909480755,39.650535091450095,20.245101601245352,28.68311356873773,9.41760449099461,10.66667737933777,1
1,40.25693493526406,39.81487819207391,11.067829726903435,18.140225990761483,16.941051984017726,22.11670894450258,1
1,42.63292522257312,42.83526988978556,14.784634454406419,15.591263776805445,15.011140722200667,27.041661445767676,1
1,39.627105311252976,39.97104295499791,22.67312966454182,26.119630625261433,6.767077970303266,13.507474685991543,1
1,40.590924337130566,40.960686768638105,10.349079036037388,27.414153920237297,14.576249393219449,13.17677041689327,1
1,40.27865023510542,40.34385625208584,22.217027238834035,29.51796848927033,12.327589597545527,10.760681745835086,1
1,41.84491125548251,41.993219632709405,14.227821621600999,28.34754591132466,16.81041473281895,13.49736534415785,1
1,43.5850121536357,42.987935827815235,11.772472414324843,24.00802152309622,9.755347408180302,19.57699063053948,1
1,39.60987059520358,40.036393719294516,20.45105748046226,22.95078508818571,12.889943995314995,16.65908550701787,1
1,39.66372872472631,39.45665907384849,19.43414270169826,15.417615768938795,12.009063296891831,24.246112955787517,1
1,41.65740914018979,41.39040122637863,23.162080202905795,18.699846702671667,11.874730874731268,22.957562437518124,1
1,41.1864589365142,41.08484622979205,21.026065657058286,21.894221275993896,11.473264794206552,19.292237660520303,1
1,42.70071952345684,43.02457953198997,22.05221395577273,24.427558501253518,8.467553706387376,18.273161022203322,1
1,41.05910664092375,41.61312978000179,14.230518588569598,23.35877749977616,15.068519069908714,17.70032914114759,1
1,39.83292028197682,39.950883681238196,12.661593156695842,26.139539845225357,11.416032392871465,13.693380436751461,1
1,41.0678512799,41.34642796829356,21.259221274612877,19.196503963305613,17.502195300031268,21.871347316594385,1
1,41.74131465475778,41.752205687081705,22.10252108900896,23.474289114787098,9.129701126313316,18.267025539970682,1
1,41.36662683555657,41.089422930793106,24.8575771300101,16.322133650861883,14.192926075524493,25.04449318469469,1
1,40.959456240439486,41.37036013717002,16.189265153671396,21.204982853748106,17.2886049556693,19.75447338669138,1
1,41.6866770964659,41.52998070004545,15.580271286891747,26.252412494319017,13.96149987619311,15.434264602146882,1
1,41.820084267579375,42.176791897588515,21.646194411129954,25.401012801435662,16.455274891408735,16.419071466143713,1
1,42.09680668834879,42.38112287153934,15.112053103795269,29.859641057582685,15.929771517084074,12.237165630766107,1
1,41.143322853866536,41.22665306488147,23.961359884053472,19.16836688981634,10.321412585868046,21.974955964050196,1
1,40.08274649558809,40.58021728409912,22.876191277645177,22.472839487609686,13.201487279273959,17.609907007978403,1
1,40.49072779236332,40.980456350347126,16.434910410625275,19.94295620660995,7.875136077736267,20.547771585753374,1
1,41.86846165646086,41.7071276263129,21.26306601687246,21.609046710887622,12.426310592347194,20.259414945573237,1
1,39.23798362771659,38.97716598441567,21.318143111270235,27.854251948040822,8.765063661772047,11.383731679675765,1
0,38.69671415301124,38.257894910977384,11.546858032538989,25.2631361278273,14.924841779429347,13.433578025183945,0
0,38.06173569882882,38.61410705703829,23.538293600193498,28.236617870213728,12.336701062705496,9.825117828615092,1
0,38.8476885381007,38.95557866700017,17.578785586717856,18.052666624978297,10.934728351579926,20.7950219131224,1
0,39.723029856408026,39.91519666585903,22.396861991616124,28.10041676762157,9.22556515400373,11.622613088786455,1
0,37.96584662527667,37.79282852709859,14.800744015459177,15.896434112675767,17.98438178209544,22.069412512600902,0
0,37.96586304305082,38.273368086347546,23.432848427443005,28.32898920655729,6.860526250619192,9.636873836493528,0
0,39.77921281550739,39.64051114646471,15.838025181012448,19.93610669191092,6.52272816686904,19.843106123596474,1
0,38.96743472915291,38.78224948399031,10.162564772204476,19.718814501210996,8.607088805926374,19.248620227941917,1
0,37.73052561406505,37.79854937079616,23.580729646288955,22.68132865047996,17.652869503533836,15.049196963585093,0
0,38.74256004358597,38.64711717747321,11.369300151792004,29.110352815848476,17.750858019839814,9.632207227737492,1
0,37.73658230718754,38.014266236238235,14.789704563856223,15.71672047022108,13.859132817265632,22.01986183696646,0
0,37.73427024642975,37.637732282991514,24.250929505762073,20.28346462606118,16.561280006476856,17.450805620368573,0
0,38.441962271566034,38.637211361358005,24.25910720406334,27.84857983025004,8.567540770089545,10.593382441315995,1
0,36.286719755342205,36.272473462707744,18.601568321849292,20.940817161532003,17.664505130119483,15.345902593810202,0
0,36.47508216748697,36.27610117228835,19.47755818254699,17.987353463956005,7.713418201674775,18.487728703530962,0
0,37.63771247075903,37.66902469824023,16.726682829674797,21.371912719971178,7.213502258179899,16.26579975078785,0
0,37.18716887966558,37.613733699821,14.398161575470969,20.78328752237504,7.346538470967275,16.403881357290537,0
0,38.51424733259528,38.630150055824,14.92996818054874,28.73124302200055,12.877535079270777,9.78300431059473,1
0,37.29197592447879,36.96856787491083,20.087776841155577,26.429015636146456,15.37169280861663,10.862960288332335,0
0,36.78769629866471,36.57938613331072,21.2856179415652,22.576733336160096,10.400006134495598,14.210962962504617,0
0,39.66564876892156,39.82139553199341,21.873685655887726,29.82555850082357,17.73475185343352,9.840090268097988,1
0,37.974223699513466,38.36416669624689,21.84427214191831,21.979162969138848,11.213041657419954,15.995060730374618,0
0,38.26752820468793,38.51301146030157,11.368091545730355,15.873567462304129,7.805382609278595,22.393960742383797,1
0,36.77525181378655,36.648527081382205,17.41630457053872,18.934114827224775,11.59160097823364,17.84113698656177,0
0,37.65561727547482,38.187671542373685,10.863381400249665,21.54105720328969,14.148445985069278,16.114560072185128,0
0,38.31092258970987,38.281171685102464,18.242933234856032,17.353539362191803,15.986709366052544,20.957383227518065,0
0,37.0490064225777,37.326292184841115,16.622957520600657,29.213476894860644,11.505219479479114,7.835529527717053,0
0,38.57569801834568,38.387978132261864,23.315562741374496,26.502733467266594,13.12328191259001,12.072964551079089,0
0,37.5993613100812,37.10780553594867,15.26372518828118,19.02430800641659,9.20813654590624,18.57505330366461,0
0,37.90830625020673,37.40910345597785,11.756005246414087,23.862068002768737,13.750998316866168,14.04623824743799,0
0,37.5982933877706,36.67342610114685,12.144875230792538,25.82173735664358,17.831663327404122,11.776556031127022,0
0,40.05227818450894,40.647046528531185,21.42265947576208,29.11918393360197,6.588642871053526,10.933094250906972,1
0,38.18650277526207,38.43420375809895,19.273270949743917,28.224530237631157,16.638368048462013,9.961972537630913,0
0,37.1422890710441,36.77817693286342,11.516840141841854,22.727883392073206,12.747390033210273,14.41440567897089,0
0,39.02254491210319,39.02704168562484,11.261602091724962,26.619789296895263,9.025183914747599,12.40275561520793,1
0,36.97915635002898,37.01254262954069,20.5145369718868,23.432171307413775,17.458676520111094,13.546985042615205,0
0,38.40886359500476,38.61367553319454,11.091445095462904,23.2905583506831,11.800251636706786,15.118305244321661,1
0,36.24032987612023,36.60623096499941,22.32790088935534,16.721129375072877,9.980283020080627,19.51920050104735,0
0,36.87181395110157,36.78486348103806,20.593633407347443,16.89206487024228,8.177971539250095,19.979749080859293,0
0,38.396861235869125,38.25645596619731,11.220231709628496,22.94300422533686,8.933426523079945,15.453857010532264,0
0,38.93846657999541,39.12773661460252,11.27256571127788,19.0329231746851,15.99418849909731,19.905543405310315,1
0,38.37136828118997,38.67747557170475,24.79959367751763,15.315553536907029,13.372920111805989,23.055814744282944,1
0,38.08435171761176,38.13325929553197,15.614061936341805,25.842588058503182,16.95894743385979,12.241763659108578,0
0,37.89889630441071,38.35610160839718,15.559632206003364,15.487298950352475,8.783621425893429,22.411597354058237,0
0,36.72147800963258,36.56856677906752,22.191993508862538,23.92915261656082,7.453662886186818,12.792325393071756,0
0,37.48015579160529,37.355296744704724,24.20872866075788,23.087906911909716,6.07305037170708,14.392248879695575,0
0,37.73936122904021,37.903742237130665,24.790015957343066,29.532220358667068,12.094344451391926,8.207140870373145,0
0,39.25712222621892,39.02189442327828,21.300672778884124,22.263197090214625,17.979683164583857,16.993925136004293,1
0,38.543618289568464,38.51236782763467,15.643893782963737,15.95402154566696,14.339583225823667,22.589596743901502,1
0,36.43695984463727,36.193797443863225,11.252510750480031,23.275319517096925,9.700735103581753,13.161640327540347,0
0,38.5240839693948,38.37906845952607,21.65720373891155,27.61644255924152,16.52230299631406,10.907641410153282,0
0,37.81491771958369,38.28037808588623,18.376063746037076,29.9527392642216,15.380667191855515,7.862178455362091,0
0,37.523077999694046,37.46835881915732,16.363330138704644,21.455147605336087,6.1849819929184715,16.06793039435796,0
0,38.81167628884087,38.62156415090039,23.59531577642104,19.804481137451138,15.80232576649227,19.007195151389734,1
0,39.23099952249596,39.631201604365764,11.66796223459227,28.59979945427998,9.606321086861952,10.631200068215975,1
0,39.1312801191162,38.99705094451087,17.389376564362887,17.86863193614182,7.796081575003213,21.262648182974377,1
0,37.360782476777366,37.18614853019605,10.170304671511285,24.2314337254939,8.715970076844895,13.129348751283466,0
0,37.89078762414879,38.21131426909829,17.029909629911895,21.085716362714216,11.622957652501668,16.805071261434577,0
0,38.531263431403566,38.595070116205335,10.84454913522756,15.61623547433333,11.098415124816132,22.915027957070237,1
0,39.17554512712236,39.39832538308332,11.782268744021078,20.209327114585466,9.466647592490721,18.966218012536896,1
0,37.72082576215471,37.40817257729968,11.762893701656573,18.978427837540117,8.066619866484393,18.742397924614593,0
0,38.014341023336186,38.19766906152678,19.738154531740953,25.291367309152303,15.146769475706032,12.722973714183883,0
0,37.09366502599397,36.846145140276974,21.19067318898135,29.231857465378773,17.881317404819004,7.861807560615198,0
0,37.00379337591933,36.74783433751457,18.750531476457397,19.020707810679568,15.333498965036284,17.98308556523976,0
0,39.0125258223942,39.322624087301804,24.43258822711813,27.17198908727523,9.551243612058494,11.840536735118974,1
0,39.556240028570826,39.39335682196739,15.623058692855562,15.830397254076143,8.9377075369456,23.725842774494684,1
0,38.12798987841967,38.175425478795226,14.28568129422791,23.071815150597196,8.611990512791259,15.056174727822473,0
0,39.203532897892025,39.19153399235481,23.028986922841902,16.05825095564842,7.640340893868435,23.145281942243606,1
0,38.56163602504764,38.227916041064326,13.35393757779179,29.01049486695959,12.615966596307615,9.55114115808805,0
0,37.55488024539488,37.70803784633311,24.44833809160917,26.495269208360853,13.26480446344013,11.059611037034024,0
0,38.561395605508416,38.74104601065545,10.182317120347244,24.869248668068884,14.466031927957648,13.692146937439531,1
0,39.73803656646597,39.201132434205036,24.548182400614586,27.358445724369965,14.162560451204016,12.379590842096007,1
0,38.16417396089005,38.24229762453158,10.647398679258641,24.712796933552447,9.50799973540059,13.4513770273376,0
0,39.76464365581401,39.76372667233909,23.367146705471065,29.53416595761437,9.963732064762159,10.230477698199643,1
0,35.58025489591026,35.85432504625623,17.915516636294498,25.70936921797157,14.178174425308054,9.870885677938688,0
0,39.02190250437523,38.60904096685013,24.894471941789504,28.8698791437337,10.19337168940354,10.152023360641525,1
0,38.287047068238174,38.277944172958726,11.106948471030982,22.75697838015957,8.551478275431757,15.530068688078604,0
0,37.90099264953413,37.94595227044218,18.30781426601981,16.75596619472794,10.492033844360876,21.145026454806192,0
0,38.291760776535504,38.196618673429235,24.539538034286487,22.922665821345255,9.265009890935731,15.36909495519025,0
0,36.21243108539911,36.34477526063243,17.846467662552232,16.9030924209464,7.059752654622933,19.30933866445271,0
0,37.98032811216249,37.64890078249883,19.440979572028937,23.887402187646074,15.961666827319842,14.092925924516415,0
0,38.55711257151175,38.98210083273668,20.436230334769256,22.237395907914944,16.237336669884435,16.319716663596807,1
0,39.67789404474152,39.94529095226007,16.818115971516598,24.338630967491724,8.637003602002554,15.339263077249797,1
0,37.681729781726354,37.95879436227342,19.41337120126095,15.150704715822474,6.777266394302421,22.53102506590388,0
0,37.39150639710682,37.556619141001356,18.764714678846502,17.922607374830463,14.865929248214155,19.468899022276354,0
0,37.69824295641546,37.661040348170545,23.517370157364837,22.369956478681964,8.538343510360964,15.3282864777335,0
0,39.11540211770208,38.9259395726093,10.681695705121868,29.257553423837024,10.721225873242323,9.857848693865058,1
0,38.52875110965969,38.39396691515738,14.214447843883455,20.754135605327377,6.769623026848599,17.77461550433231,0
0,37.67023979623296,37.96907535687357,24.25617226114838,21.36558039080452,8.715235017101222,16.304659405428442,0
0,38.71326743311336,38.97423646931921,23.353956758363744,25.72044133509933,15.51482733995563,12.992826098014028,1
0,38.297077549348046,38.10754486912567,16.834851291785693,24.056891359291768,15.652757362982422,14.240186190056278,0
0,39.16864499053289,38.3841288619882,19.30198896702305,19.483892251474998,8.485017898652526,19.684752739057892,0
0,37.49794690612265,37.390702032531905,14.16071774471699,21.162245933511414,10.030966141280274,16.335700972611235,0
0,37.87233785340224,37.793876024137134,12.82181739585642,18.265496982858487,7.610861029124923,19.606840870543756,0
0,37.80789184686785,37.884077424904376,16.95547607409973,29.490321886953126,6.890071563419069,8.31756995991472,0
0,36.73648505186789,36.90432387421312,15.300283420390793,16.959515723360397,17.906060573380913,19.77696932850749,0
0,38.49612027706458,38.63537958585203,18.754841677763082,20.577551768496292,13.867127414938071,17.918568508568285,1
0,38.46105527217989,38.7568993233336,11.166019554474772,15.387584583300168,12.505158110379824,23.073470688879723,1
0,38.20511345664247,38.33338646096797,24.615922114992497,18.326692379003195,15.185982004863595,19.878421077639278,0
0,37.96541286662485,37.52634346339438,24.793161167194043,26.707067075702323,16.08092591625269,11.25834579092253,0
0,36.78462925794959,36.775858972125334,20.47242571029618,18.01762848433319,15.68057721653673,18.7670007736164,0
0,37.77935467723464,38.35039239169652,18.041445495161806,16.200951037934484,6.198473391478519,21.57840363930016,0
0,37.857285483473234,38.04306561841866,14.642914244294916,22.11679769766785,8.241694778285982,15.740487785805385,0
0,37.39772273077838,37.43880369183186,22.20692529560423,15.149538521017778,13.858863625413973,22.248184209760606,0
0,38.03871428833399,38.10982806146884,20.27096758830819,16.271492316394998,10.509112173647555,21.767221971938994,0
0,38.60405085681454,38.64308489565244,12.43925409017337,27.114388043444627,17.789791812733284,11.489662813369911,1
0,40.08618590121053,39.54742319861685,23.663907767407636,26.572100172894096,13.984857511659047,13.51408572831643,1
0,38.374577812831845,38.350183341551414,22.338058643847535,28.72708230607344,17.47858690475048,9.647495506758403,0
0,38.457550390722766,38.43745814769071,24.24699869937886,27.817731538661242,8.417357779749526,10.639818852061524,0
0,38.12555408423383,38.39801893241122,20.8857926258254,25.24763344859727,16.367484337380276,12.877920635636563,0
0,36.28122878470096,36.373720057123926,19.201227939036848,15.784992859509943,9.856227669782704,20.496235925191016,0
0,38.173486124550784,37.8260581658416,16.273645544359283,26.742729269799863,17.87477769885368,11.430756854750921,0
0,38.26023020994103,38.398538702699135,23.9909272503102,27.68266216260841,7.892264064877768,10.577568047332619,0
0,40.66324211248529,40.48411014250736,22.990958342506126,26.986232186579315,12.19607782605992,13.677009925905978,1
0,38.00763903521888,37.63898251576304,10.678280051592841,22.62718552962039,15.514134406045464,15.380453505598489,0
0,38.501547342333616,38.15205177936206,10.39550461745878,18.493527579742224,11.19170976724843,20.008019762591392,0
0,38.16528823029476,38.15856040291735,15.646950503170743,27.6799496353309,11.61700872225176,10.485338594963864,0
0,37.03132196238048,37.51274046283118,22.158299961727494,25.907442146102078,17.83626954606889,11.123879816278404,0
0,39.342822814515024,39.44230865907334,24.809141939724167,29.711417615832772,11.10369780361384,9.631405198682252,1
0,38.951933032686775,39.12131688826929,12.256253366552922,17.335388966338993,13.248865207188762,21.61654406634778,1
0,38.99103194704305,39.15292025003375,18.911960730282026,18.384968745780824,6.654475928101808,20.606063201262224,1
0,37.29061254520526,37.27458422201422,15.713362849465323,18.17697224822254,16.10652096252312,19.113640296982723,0
0,39.602794310936105,39.84489522788544,24.548715967219046,26.88809651432005,13.778016587754522,12.714697796616054,1
0,36.79814893720772,36.337571124425985,22.631783847035628,17.80360944675177,10.848241234353763,18.99453949045595,0
0,38.78685709380027,38.912000820421206,22.574930570667068,15.999897447349591,6.194034479454237,22.786959646450683,1
0,40.390455625809984,40.120172703209725,17.030397396924556,29.978412098784432,13.100025847122048,10.412043527025553,1
0,37.20946367486931,37.59702193462658,16.222292535064977,15.372258171677236,6.151893941809947,21.837205503192074,0
0,37.63370227039723,37.499770712780936,14.101106078960594,27.528660902382985,6.014443366908215,10.105041368014245,0
0,38.29965136508764,38.35615597901392,10.845632449763906,20.48050262325979,13.393182745792256,17.81914874182785,0
0,37.6965243458838,37.23900614482907,22.9708356438258,27.624231896367228,8.268204808014652,10.072292449516574,0
0,36.64933656893387,36.833445541054665,22.193515136951163,23.319307368167173,8.302650596617143,13.330029200766695,0
0,38.26856297480603,38.39180425246164,24.995765099291958,28.5244684422954,13.839258789992925,9.74409453251063,0
0,37.1376962862739,37.32885684163024,24.94955255610858,28.8928947962194,6.644366255272491,8.244801490054499,0
0,38.67359243063518,38.49890821824631,18.33147558403941,15.136472719211639,9.760866737694677,23.537119711423543,0
0,37.2805757657662,37.09095053888087,21.534811227707657,16.131182639891826,7.793182825704228,21.149393125874376,0
0,39.74993440501754,39.8899569524515,24.17148594823642,18.755380943562834,12.962116437558407,20.994553461454707,1
0,37.41674670766377,37.39968215003638,22.74471086016117,25.039731245452526,13.94118185672875,12.377015462211244,0
0,37.87793848379432,37.97340733641862,13.710221526147965,28.32408294767259,14.653630243188523,9.553855536121727,0
0,39.01351721736968,38.36480696584473,16.758162029651402,21.899129269409443,9.062774603022785,17.11438794796024,0
0,36.96913568356605,36.92716322604709,11.937391227272425,24.104596744113984,7.070997019639008,12.864538939452068,0
0,38.42745993460413,38.917380017664534,24.310765408880833,17.827497791933418,6.944203883302774,20.599962142670712,1
0,39.507142754282434,39.703403979934194,19.0926195167632,27.07450250822528,11.113818581408685,12.432640246057154,1
0,36.59251676543877,36.78392062663758,13.42964208255194,29.509921670302045,17.35013290875258,7.082595095136728,0
0,38.384633858532304,38.82776812805025,20.075510266087853,19.02898399371896,8.612748410964295,19.355649864813344,1
0,38.45988279424843,37.84062088580794,19.271923606868437,22.422389274008196,9.080899216098592,16.037493520240233,0
0,38.98182287177731,38.78966606673923,15.372440770492608,16.291741657595608,7.210665625270307,22.690081214181703,1
0,36.96304928912192,36.85290360122445,11.703363882994434,23.387049846944528,13.266843286727163,13.575999442177391,0
0,36.87954338691573,37.0796659869784,20.073597933891996,22.541751627700208,14.1584744873661,14.33779175921552,0
0,38.7219415656169,38.98266762190139,17.8046155135569,17.166547262326162,13.71517449792912,21.55539430329074,1
0,38.49698467323319,38.28695205442583,21.58477587603459,21.630993196771126,16.333562916537375,16.865991476462067,0
0,38.45049285034588,38.67990744174961,17.8024525166799,20.011569781298448,11.83711002031286,18.438923069047434,1
0,38.54644820949698,38.45738029496338,22.7827225047781,22.82746312957784,7.613484489204773,15.71898507991914,0
0,37.51997527842151,37.749721479748544,18.278602581617285,23.78481503143199,9.472861568452952,13.735160246989523,0
0,38.43225369716101,38.298980530567135,18.414069573030794,15.127433679108142,13.949159681056221,23.304820018052865,0
0,38.49307247329868,38.48867928204605,23.149804039875175,26.415089744243332,13.357463684898718,12.07798272905535,0
0,37.48564858197364,37.41443828497659,16.052242993185956,25.695214377926114,12.37203755691555,11.790434204047529,0
0,40.06577451114476,40.37604563365522,12.01022842675961,20.494295793097834,14.195573024264245,19.571478718046926,1
0,38.67383292091179,38.43364768773174,10.431740144700084,15.794039033532274,13.648690204479593,22.87979388737952,0
0,37.00869650279736,37.04940809522579,21.327058835104285,26.323988096775757,16.57589867357942,10.684708406021606,0
0,38.85655360863383,38.985378980742624,19.30464327030197,29.32762740717199,13.03219652973956,9.528926201461843,1
0,37.22531832977268,37.33118180847736,20.561196521488355,18.602273940330214,15.343216304406678,18.62304438944247,0
0,38.98708460374245,39.14117704635156,13.194462422633661,19.85286920605557,8.984485871597615,19.134215397686884,1
0,39.35859557900741,39.37794245326218,12.045572133801546,17.757193342227225,14.138191015068816,21.60140223678018,1
0,37.379317681648295,37.350767665198624,10.218169985018228,23.654041850172597,16.82632942059211,13.725275831475699,0
0,39.16337612924433,39.18141903264231,15.258813382098955,17.322620919711824,10.628787934797998,21.840755209532503,1
0,38.6127809269365,38.57725672678463,18.848765302819494,20.342909151920693,15.34925024806376,18.269871775015808,1
0,39.022060159994496,39.11635843832789,15.883660676495985,25.455195209013944,14.697471614345226,13.566864950980552,1
0,40.09679298265395,40.15278608203888,16.562123830355937,23.401739745140226,6.71431436246187,16.695053237513726,1
0,37.95461188399713,37.91362449228065,23.562380417406224,20.79693846491903,12.978099715488867,17.1576734190781,0
0,37.44626383564251,36.9695700477831,15.223832005349506,21.30374402711313,7.562272190409629,16.142519808529382,0
0,37.31048557037448,37.53254669408521,17.709842337397163,23.431663239348442,17.607830066767093,13.87882233102604,0
0,37.384189715034566,37.419296232653544,21.754795191117147,15.08797091830742,15.736890032407874,22.296218796727146,0
0,38.1228982905859,38.53057881578557,15.948141734819053,16.17764802680415,7.316685614965442,21.94525026378175,1
0,38.54115197481665,38.45424903186844,19.331300503418102,28.218871016445174,7.461023971772141,10.322280958371476,0
0,38.47669079933002,38.17065452130905,22.93545563120118,16.168184836369363,13.133686258951428,22.30850596296066,0
0,39.02718324903603,39.055183568454744,24.242809354864633,25.60205394315758,10.1386700900782,13.42512930587845,1
0,38.21300189187791,38.24959542030692,12.20610221393557,28.800572461635788,6.418870308877311,9.41242943024212,0
0,39.65353407715732,39.96751796748379,23.89881437742242,19.060254064525967,12.499698093996637,20.59328001263135,1
0,37.935343166762046,37.515541027552864,17.38174439619307,20.557371555892715,10.654141196230164,17.37797161086933,0
0,40.92016916658962,40.931729431298635,13.873665824484375,23.533821087670745,7.212917908460912,17.38634807891888,1
0,38.82566734776501,38.79419492364337,16.887036343573918,28.22563454457877,15.623044707071791,10.600032803186242,1
0,37.34284244358372,37.28697132952875,24.700488629282155,29.128583808906303,16.98092118334567,8.214258634677417,0
0,37.12910750193889,37.05125241022665,17.389271409893045,26.09344872166902,15.07912720816956,11.03565878026987,0
0,38.68247241524319,38.68960562869744,14.931274154312623,16.29929641282041,15.869067720195329,22.38317600242278,1
0,37.97653721467415,37.739701501335816,19.501012814750887,25.03731233302276,8.597886807193408,12.939224881651391,0
0,38.91400049409209,38.93076355337528,13.602184281672896,21.154555828089933,9.162875411023212,17.75944466600216,1
0,38.673237624573545,38.38351588006107,11.137949921629959,22.060514992365924,8.502330483590253,16.61272263220762,0
0,38.12717108734313,38.43410219315858,11.933195828659738,15.737225855177655,15.180761176386767,22.389945232165473,0
0,37.3532062819316,37.11707254327844,11.920687584366586,17.865932090195372,17.375004947213966,19.487274191736226,0
0,36.68515277531414,36.48513836709596,12.278540402684415,26.857704113004715,14.60204648080683,9.827448662309422,0
0,37.75348504793298,38.24552494003426,12.082407589741152,21.809382495717898,16.577601178554673,15.944102552215085,0
0,39.05639879432348,39.36380053100426,19.613121172048217,19.52493362446723,13.664389138598072,19.531465169856247,1
0,38.414093744130206,37.9339177111242,12.728201265987172,20.76028610947437,10.651918806705588,17.653807634655834,0
0,36.954261221288014,36.75747205840092,15.185009249857949,27.815992699885204,11.109139379163661,9.13826852140281,0
0,38.37318092585119,38.330120117911406,23.45182614859018,26.234985261074353,6.9038571860088584,12.138195664776834,0
0,38.58531737972884,38.68732215233827,17.109424603943086,19.084730957716243,6.377486342952313,19.5005864220126,1
0,37.31614256379887,37.12589977917452,20.013366077815405,16.7625276031856,14.345707250268928,20.55361496061327,0
0,38.35372510594553,38.70976021340272,12.584798068024448,18.779973324661075,11.261146704134168,19.573751781284454,1
0,38.258208718446,38.489509225873434,12.884335282130062,28.811346765821007,12.626580816655554,9.446861952624992,0
0,37.05702970216938,37.17020933945803,10.613029243997183,23.723832567746328,12.691934971468996,13.333197134423052,0
0,38.557787360348286,38.99598237495063,12.534025946082469,23.002203131171743,9.328509759999617,15.555584229176542,1
0,38.76078452636824,38.84843276803691,14.17885508547938,23.94590399538692,11.710710129953888,14.81488053098132,1
0,39.28305124317528,39.45607660811042,12.655157264151203,20.49042398619773,11.649122660012427,18.79262725697755,1
0,39.25380205203491,39.62314715756166,11.330538006355834,27.10660530479269,10.661126654734284,12.147196747242216,1
0,36.82233063204291,37.21720565008397,11.809538066509012,22.849293739503747,15.848104600812846,13.973036892539167,0
0,37.26217496008488,37.14599025166774,16.911681520490887,16.751218541531934,11.41396804425115,20.510956418552944,0
0,38.71503526720866,38.724512185020515,13.095005776086888,16.935976872435944,13.243734294071853,21.77905839477272,1
0,38.71378595091221,38.635576902419686,15.464047915721132,23.052887197539278,16.74624144456991,15.660898753372933,1
0,38.71504768630605,38.8076115738315,17.551259062822854,29.048553271062588,16.394803474307068,9.666494415243463,1
0,42.05273149065472,42.16299774539886,20.35592242944048,19.62528182514298,16.68506644534998,22.42744966551174,1
0,38.77089051069317,38.435655059736895,10.589682097616484,28.043117532888274,9.240059957580169,10.727772977804896,0
0,39.33556564018061,39.348308529610534,21.99115598363564,26.46143379868319,6.419789859696754,12.874131841497423,1
0,39.154001763493206,39.170262506851174,19.418505842363615,18.717186643603604,9.132801598743951,20.4368151198896,1
0,38.8513912513058,38.85563911020205,11.226385479233079,15.545111224743637,9.344488147448503,23.306280026562163,1
0,37.884730755359655,37.84777832818291,23.103679361601657,16.52770897713574,16.912323920699617,21.357021778223913,0
0,38.95896922049327,39.132580727938304,23.813086007977198,25.927409007711603,13.790912794055647,13.03156021278167,1
0,37.427174785462434,37.43603963143512,10.916169397822957,17.9950460706097,6.980447515226745,19.432128714852734,0
0,37.96318139326,38.03544748953935,14.153164722208055,20.569063807580907,7.624543152133214,17.394117585679094,0
0,37.7146364521709,37.99979610007923,22.09301919689592,22.525487490096374,7.868113506503705,15.189148962074526,0
0,38.281874139386325,38.41294381978598,21.223895355754877,25.882022526752444,13.565060978027077,12.399851612633881,0
0,40.51465856667351,40.546412253208906,12.76781529034566,16.69846834888688,14.824968306084036,23.81619021778663,1
0,36.33273480740826,36.131236031366704,13.140239850050655,21.095496079161922,16.315726926784755,15.237238728246336,0
0,38.886260190374514,39.121791250902874,15.55708154187073,22.27609363714043,17.287638609674918,16.610166553234084,1
0,36.58728412881035,36.615100752323414,17.26784477786532,23.112405959573096,8.420454688637301,13.474878169237257,0
0,37.72806813421057,38.20179672303257,19.27382157295444,27.27540962092825,9.717269816688589,10.452658513282316,0
0,39.28895059696737,39.259398616594815,15.533704593546586,17.575172925648253,8.883874568937967,21.713777671319114,1
0,38.264280019095466,37.803060225780804,16.938020741997217,27.117471777399334,10.305138809593654,11.146808241696132,0
0,37.1222552220707,36.6968545886764,21.21206407200635,25.393176415449783,16.97598128908499,11.729078806620915,0
0,37.48469629074003,37.59329550229612,10.550248043358968,23.33806221298439,12.901350803272338,14.146634077755643,0
0,38.87959774893468,38.796056655551695,13.786554165160311,25.49291805603858,14.858302767893989,13.386679692896099,1
0,37.469633368282864,37.610557871325796,20.70024378826829,21.180266084274848,11.881430833521383,16.289367284008016,0
0,38.41645858958198,38.423392289683825,23.428102565307988,17.075963789521868,6.346294960033495,21.34049480006011,0
0,38.24557183990382,38.22010817116816,17.67516163173499,24.98647860398051,6.770345831973772,13.25909323592331,0
0,37.54839965239419,37.61703932319772,17.981702278979736,22.870084600284333,12.45507637521463,14.678315052109856,0
0,40.343944089325326,40.12327502393487,11.607580170096641,24.590622008141633,14.625468417840308,15.753322081183693,1
0,38.833919022318014,38.819440146276584,16.711185502351817,20.06998171542735,8.583966330344778,18.763937306890664,1
0,36.1748574133424,36.11117601071922,17.98925899682535,28.60299866009754,14.662914887907649,7.571858753244861,0
0,38.38645431476943,38.36951561577093,13.637057554520945,23.810548028633654,15.727989281802149,14.575906286135776,0
0,37.53821353523161,37.4497517018851,14.038648464240715,16.281037264363107,10.942769740345334,21.257176270868506,0
0,39.05243333479623,38.966023521115474,15.65926244656934,21.74705986056643,14.95703079412926,17.305373474229796,1
0,37.4074792615673,37.72923727343076,10.301067966665896,26.345340821154515,10.848359403941519,11.062138440412788,0
0,38.08526355853311,37.984703852592126,14.831187483747675,26.912018425984087,14.14020755346024,11.17324513254902,0
0,38.70498727898046,38.960648353668354,13.17172010494817,22.418955791456384,15.167964591834517,16.286031487524077,1
0,39.06575519417012,39.49263029150025,14.91246028266872,28.421213562469518,17.90311941969733,10.644541631700605,1
0,36.99970359294423,37.16787978753669,11.79643197728877,19.015026557914464,10.144759944763154,17.984677035029765,0
0,37.86549876415906,38.030728156331406,23.357909211098423,21.158980458574,10.932489366895338,16.706518305585057,0
0,37.725054688839045,37.712168370731725,18.90388680331073,28.47895365853455,7.987440712922056,9.246101030304494,0
0,37.54667076742629,37.69244919402341,20.186534787167346,28.443850747073682,8.448876700821682,9.10282002035261,0
0,39.9654542402811,39.87771446774104,21.837568579110076,25.285691532370215,14.320740031180533,14.679762707910882,1
0,38.60498171096096,38.816922334345335,17.476632983935858,27.884708206833302,17.004547081853712,10.720273504127661,1
1,39.09979678005582,39.189347207965255,11.303804321311356,16.33159900434349,10.735259419934886,22.768197775712327,1
1,38.542810012698766,38.63620060285507,18.056598127278217,27.974924643116644,8.158133362026495,10.567885369582122,1
1,39.03136477112947,39.161525611213975,18.802616770313186,19.809298598253402,9.421193992595928,19.222066172876065,1
1,41.66973433559019,41.638600218508614,21.18159211276495,17.674972686423246,11.460620457697663,23.994761649166946,1
1,39.06578144451847,38.97127561963895,16.47489319344519,18.590547545130697,9.487803952384422,20.475233899387774,1
1,43.72209668428861,43.70984377903833,11.913704541933456,21.269527620208308,8.802948997462394,22.4525690640803,1
1,40.94131327114516,41.10985695944746,14.256638586980866,18.767880069067008,14.831813865084955,22.173433202078154,1
1,40.540286960803336,40.90153188967802,15.446234445979528,19.808513790247485,6.094139054887478,20.73177317055585,1
1,39.18413488576442,39.483802581671405,19.688758619974017,17.02467729107463,12.470766328037797,22.15945759468979,1
1,41.21040284323168,41.40445878813292,18.56167457003368,19.442651483384978,15.525201684357047,21.7677513598467,1
1,39.55167082589089,39.61132594225496,15.341450888467694,23.58425721813002,9.194739435809618,15.967413607760868,1
1,40.45861275903896,40.76697755502907,24.797728731894694,21.627805621365958,13.23949812734421,18.830807137673,1
1,43.62810989974943,43.638393748651694,19.086622290353308,20.200781418538668,14.026801267423414,23.427328481210765,1
1,40.17512213035796,39.95042574453715,13.558401876039916,26.19678193285671,13.86029635686108,13.978340197501254,1
1,41.794055324171374,42.072778803432804,11.526737089306057,28.40264957089977,11.350195610384613,13.391405753271606,1
1,39.38587064733635,39.24918529325171,12.292887087764981,26.351838343535956,10.15893585450935,13.034032303800391,1
1,40.25451496235394,40.040159915745875,13.689365925767621,19.98001053176519,16.03108887633376,20.27450443058875,1
1,42.60204082632616,42.230666939859496,12.410220598893336,26.166632517563308,15.101351483998371,16.435408308762852,1
1,39.4849428248759,39.681762378103116,12.798505360769585,17.279702737110767,9.85506208096695,22.205240087765134,1
1,42.656183125396005,42.24436184142905,14.276427530407705,16.954769821369364,7.236230333306473,25.70141330402664,1
1,41.22007751609212,40.97852475555567,12.600603929421322,20.184405555542384,6.86169054534563,21.035671960549735,1
1,39.56879319133745,39.783075715714716,23.451481369396376,27.115535535660854,7.131311734787232,12.453257655676595,1
1,41.12213006077217,41.25043821033093,11.203506184924633,18.69522370863453,12.994432334304513,22.426906352137642,1
1,41.56432078451475,41.332409590932166,17.86767084355382,15.948801133480194,6.619946109947876,25.615519651034553,1
1,41.10835295088236,40.984194855775236,16.155952404844925,16.975643028095327,10.043122499568462,24.132709922787036,1
1,38.2587078641424,38.05695060377645,24.735679253629094,27.881174527943703,15.038396422970752,10.377533336198699,0
1,39.35472167142767,39.163946005830326,11.680583532520785,24.506749271209316,9.532177998184537,14.847972400218353,1
1,39.97822577378304,39.9496158603956,15.967833985686124,18.79801745054965,15.159696926161558,21.180208323233387,1
1,40.20323654216994,40.03336450096062,24.54205649913053,23.32943737992272,14.945604458484663,16.87379916224722,1
1,41.10687372681588,41.19669044530896,22.982606888409705,22.913694336380257,8.949925591598596,18.19317939043562,1
1,40.531011301213226,40.30134768258712,22.256081064239197,24.83153967660992,14.745866161112946,15.699471624603305,1
1,38.56405233367686,38.87201749346941,13.868542405674098,18.497813316324244,14.973319659265208,20.06623901735262,1
1,40.79425720630775,41.01627164153667,12.563313810850987,27.966044807915964,10.769447108004321,12.828212398391784,1
1,41.09376146886897,41.402875772550395,20.029648298866466,19.64052843120019,8.52504580489822,21.453233037668777,1
1,41.02772758231035,41.276704201522854,23.94063983691379,25.411974809643553,12.255249682702429,15.615752772666795,1
1,41.705014943221,41.678065042435335,18.351443395208946,15.241869695583222,17.056771056002354,26.46314524763778,1
1,41.38409880091357,41.335281144412704,18.574190342048496,20.58985694841221,13.675400789184744,20.79424185250136,1
1,40.896934102996966,40.35779482184494,14.199686404904263,20.275647269382127,8.075069971527135,20.62128683361484,1
1,40.20878457510376,40.97478186857004,21.542393997879053,23.152266428745218,14.193083096802239,17.056518146358545,1
1,38.14075078642921,38.07127164858674,12.80565622836285,16.091043926657946,11.126436327382015,22.049706859771263,0
1,40.85850368487236,41.10518423515287,14.855188546063655,26.851970605891623,13.098345568264476,14.006533078980738,1
1,40.56999399331204,40.3138663037879,16.38154657924625,18.266712026513527,14.808768420277294,22.30328196679851,1
1,40.65305248835399,40.97875546221416,17.614155680266826,25.155567223230154,12.179368218173337,15.497485265123839,1
1,38.6402268514336,39.163614545210706,13.636145986226204,27.0481818486614,15.767807694879703,11.592045002772203,1
1,38.89462649746925,38.912574765251016,11.722552371088053,23.428154343622698,14.665866951799533,15.46647215384655,1
1,41.66909870933277,41.431094015193366,19.159300636624486,26.113248100829782,13.380880080222127,15.55585060850299,1
1,40.24857829998635,40.160576762534205,14.329458298603836,24.927904683225083,7.809513789988218,15.320673616761265,1
1,41.18595090658441,40.67733642434176,18.718573321339186,20.332946957280114,16.031389330938822,20.853003949304295,1
1,40.3368138889696,40.44293697531597,12.315440729113035,27.132878085503478,17.230867023837792,13.203935803466123,1
1,40.33868298134447,40.464635835613734,17.217101527822262,19.42052054828292,7.643581485711538,20.91816243306155,1
1,41.5197689477688,41.45145444986982,17.98884148827379,23.568193766272756,11.858893553201167,17.951575181496047,1
1,39.62914185331741,39.570552271303015,10.777353052336403,26.180966087123092,9.106664903646054,13.448175766194314,1
1,40.42495701002328,40.4945252908225,15.049064172908809,20.684338647187616,15.054279689106774,19.74061836283566,1
1,39.69904212468344,39.82366788708591,12.016220154084614,19.541514114261375,14.6595556320564,20.157528010422062,1
1,39.73515490433799,39.28487847877926,10.950624557091515,21.89019015259234,7.690621446844784,17.84496475174565,1
1,39.89807623949076,39.9418443806781,24.84940348584918,27.269452415237303,16.524327255139646,12.62862382425346,1
1,40.58877390312382,41.24840938842252,14.835307674620845,28.94882644718497,8.171676767736027,11.639947455938852,1
1,39.67762679183748,39.294589990456814,22.148116687819524,23.176251192898352,15.56710830777729,16.50137559893913,1
1,41.932482963245576,41.82062405536116,13.819609821456458,24.92199307985478,11.483764315536058,17.010489883390797,1
1,39.137010507114645,39.71160716533133,20.22254083335894,28.549104333583713,9.939267522697815,10.587906173530932,1
1,40.05706686259023,40.428174377830445,21.403417898345296,16.478202771194137,7.898871152090562,23.578864091396095,1
1,39.72834962424357,39.63215057065606,18.934581109117666,18.481178667992474,8.011371073759552,21.247170956251097,1
1,42.18107124965985,42.23493199924981,17.073642828252375,25.633500093773737,13.942686656410803,16.547571155886114,1
1,40.55552120946504,40.62115066457052,16.177613712209027,27.356166928684495,12.605164655365446,13.199354280780547,1
1,41.641397901309226,41.317156516600335,15.23302399814493,27.85543542495867,7.465025059814792,13.785962476350555,1
1,38.36877151505193,38.250187138777406,23.94293716371739,21.22660765282399,7.352374325259902,17.142163862227942,0
1,40.64716534563004,40.48927921172498,22.459291116815937,16.340098534378,6.8677268972734975,24.307066811252042,1
1,41.45652003431047,41.50746622272405,24.47540365999769,21.566722159494297,14.925208168482529,19.889797874816175,1
1,40.40696918605805,40.17231184917516,11.86445835228317,18.461018853105806,14.54258502275147,21.945950332952243,1
1,41.68512448758496,41.325056425400405,20.963012128054665,19.367946824949364,6.701171890254901,22.317177662635594,1
1,39.62752501486951,39.6473278931795,24.075106852315567,26.584013352562586,12.723240907163675,13.043511662306926,1
1,42.13215167224125,42.570936749676896,12.718495992484902,16.132906290388302,7.016113862912279,25.999245381852948,1
1,43.28856756070502,43.380690253902316,10.997444010501663,27.41371826221053,16.844949247307298,15.874849298494489,1
1,39.82830987142844,39.728679709701105,21.116809739350884,21.415036287362536,16.88540903016159,18.4132735840659,1
1,39.72084672217899,39.84847232826793,18.617096697698678,23.940958966508926,14.378795877757561,15.779887755670064,1
1,42.18939982025301,42.12924173225172,22.62743165137408,16.344783468535184,17.114267057273402,25.844616351717825,1
1,42.353443789449926,42.93951691059712,12.096585649394342,20.060386175359195,15.737436364964287,22.29305761409073,1
1,39.62028196470075,39.50923588971822,21.929009677898353,16.345513785222685,15.942462911124593,23.274768179478066,1
1,39.75375713777538,39.864614753254266,13.024409800716167,29.42315584321664,12.836494206839198,10.33060129455874,1
1,39.93368000848134,39.78312860208085,12.454839142985568,27.10892473989376,9.672710378594111,12.82475526858758,1
1,38.55221433565544,38.68484406947723,12.463986968964894,21.894491315346905,8.613589381397059,16.657723020308538,1
1,39.10575246957054,39.07316769420116,22.21862080347073,18.354038224855067,9.92640026446715,20.751714244715473,1
1,38.99461700322231,39.027985387370016,19.977958310443,29.00182657874778,13.541945161068744,9.992790424474528,1
1,39.30186316536463,39.03864840851276,17.84598137153679,20.168948935904577,8.071878429988788,19.132914229460052,1
1,40.25490964639718,40.14068186819751,15.382457261852537,17.41476647531062,9.10368283964786,22.84014317108656,1
1,40.60447915229747,40.752420273385525,23.158008112196626,23.44746582680932,11.616730353545574,17.15701332548815,1
1,42.3156506406583,42.48674710555863,15.886676611339531,29.15661180517224,8.796601182295387,13.159038835486058,1
1,39.00213974703957,38.999540365139964,22.248991592073658,15.057454357504838,13.06372403659274,23.944685389534733,1
1,41.57961911801956,41.69142501880952,16.587023628553276,18.571872648809983,17.078112341475958,23.007746469209575,1
1,40.02181450250684,39.92738628315075,15.654166441373613,29.076714606156116,14.977072388437517,10.945099896350726,1
1,40.23569717745183,40.23946968397714,16.940196785044098,17.56628950285743,13.997119369786956,22.669407674594403,1
1,41.17726533981658,41.186410785803226,14.52066811246213,16.698651774597298,12.992657711805345,24.47861356521928,1
1,38.840461371969006,38.87157753410402,21.214140702643768,23.552808236997066,11.855374911084779,15.28765313497194,1
1,40.79713267003926,41.49657874120462,17.540805851387187,27.927657349422446,8.238766315615916,12.869475320616814,1
1,40.51638787067697,40.60274682187673,13.48319042720226,22.156647265408893,16.736525465122387,18.35974060526808,1
1,40.94018664321059,41.160652289197856,23.493618599118527,29.91846385026787,8.982432024154036,11.021722792942718,1
1,40.67591923708016,40.75849939605545,15.758368320598171,25.187575493069893,7.095706530937929,15.488343744010265,1
1,43.49189018188416,43.471111011134745,18.15329291670983,16.111123608156717,15.000182150744342,27.380766573727442,1
1,39.47093802047328,39.84086014419817,23.597081664468206,29.89248197522963,8.107386411973996,9.578456045243648,1
1,39.60970395849763,39.631052691586376,19.36356993870988,21.118413551702858,10.462751994494113,18.491290406794775,1
1,39.4899173156478,39.84551169593855,11.753470610625461,19.31103800768224,6.339419139491756,20.178879307965563,1
1,39.577879745091664,39.493054497970654,24.097481854202126,23.368187753668284,7.644815310485377,16.20969199142338,1
1,39.471396734501525,39.2834830889815,19.415620796071266,19.564613877312965,8.078443569118946,19.90678285718856,1
1,41.84572149043981,41.989625099145584,15.023584219856293,16.296862606802286,6.652921533002136,25.54885888363752,1
1,42.14665552238681,41.8198285988305,12.08908108995081,15.021425146187651,13.879883479474142,27.125230376199156,1
1,39.55802981812568,39.62604999764957,21.91037783905444,21.743750293803934,16.044093549637406,17.814279524321748,1
1,39.2179377549645,39.059576389332804,19.301091338927705,27.552951333398884,10.479784876391292,11.664986421565619,1
1,40.912840223302325,40.73132217772439,18.001916379644825,23.584727784451147,16.49491772061841,17.32811243885118,1
1,39.582110042434735,39.26009512412679,23.408388745764363,29.988109484151614,8.560158894721518,9.59400055828312,1
1,41.12281136308216,41.70557840252234,21.82895816836796,19.302699684708,9.904685082734874,21.820111678374158,1
1,40.563799927106686,40.08634539222879,12.275123195991267,19.206825971400832,7.808843916374021,21.356973955705854,1
1,38.3295326505036,38.38083006477193,14.675831016933223,17.396241903509164,13.446710345027984,20.933290746994437,0
1,42.31175676172908,42.54031236940816,13.727337097216985,17.460953823980027,11.038435090443683,24.85080293774905,1
1,42.634640975024176,42.9857776084788,21.159194388590155,19.277798940150717,13.359400162102784,23.35684203487346,1
1,39.50337470237029,39.66485919456718,10.502986521036691,26.892600679102905,15.140098864730202,12.610774023267382,1
1,39.79598797208322,39.61130918512362,18.54834527306975,28.586351859546717,12.548436192395382,11.2096361125365,1
1,40.67162500794237,40.882989539635076,21.43688028611036,29.62630754561522,13.531564258821454,11.045317462327148,1
1,40.73479382698313,41.03212524150843,23.151484551426243,18.48434481144679,17.223003772731996,22.25044901553634,1
1,41.15610755447468,41.23424429452631,15.131226230738612,28.219463184211374,9.588771715306118,12.936644370263306,1
1,42.913265900396254,42.98060938928673,22.318859570080193,19.923826339160055,10.309967263607437,22.9894395612362,1
1,40.06996860425773,39.966459134657974,11.659476054328108,16.692608167753267,14.612440340512043,23.377360436504464,1
1,39.26221358210001,39.13559700893758,22.696784376017774,28.050373882802482,13.33566620466464,11.211839699297528,1
1,38.50688500358111,38.843667323842766,11.912329934979736,24.54158451965428,8.142394854476578,13.965300483926832,1
1,39.3497909480755,39.68023229247028,15.959309358405509,17.470963441215925,10.513767720125882,21.878827506859576,1
1,40.25693493526406,40.04842024909844,21.959430486693304,21.44746886269504,11.614056157496579,18.809466072569023,1
1,42.63292522257312,42.52552907661475,12.248761410231607,19.308865423156014,11.032678055620671,23.324059799417107,1
1,39.627105311252976,39.55158465175478,13.438770928489623,26.051918530652955,8.139297699864489,13.57518678060002,1
1,40.590924337130566,40.48559005232509,20.833788525895994,21.80124345936402,17.093161101411148,18.789680877766546,1
1,40.27865023510542,40.461286406587234,20.800548048191118,29.839199176595773,15.14782514032771,10.439451058509643,1
1,41.84491125548251,42.15343060212884,19.61721449327946,15.821174733893926,11.776269985294228,26.02373652158858,1
1,43.5850121536357,43.55739816806365,20.4092266670065,20.325228992043698,14.160732339682038,23.259783161592004,1
1,39.60987059520358,39.4221719799468,18.140866650213944,22.22850250664966,16.76739206562626,17.38136808855392,1
1,39.66372872472631,39.959623973430205,13.776985883604292,22.547003321224796,7.634089708338855,17.116725403501516,1
1,41.65740914018979,41.56208770131373,15.185439902558791,19.739037335784552,9.004476608483731,21.91837180440524,1
1,41.1864589365142,40.91249117010829,12.723965752021385,25.93860373646352,12.51241496707974,15.24785520005068,1
1,42.70071952345684,42.55503035118132,23.626758420004425,28.12120610233462,15.588124456228304,14.579513421122218,1
1,41.05910664092375,40.927353683762654,18.75087692149181,29.080789529667946,6.4350587452983286,11.978317111255805,1
1,39.83292028197682,40.123388794784056,16.0127712514546,27.07640065199289,17.808217802356324,12.756519629983927,1
1,41.0678512799,41.53793037632321,16.93008705466199,27.758702959598992,11.458879234588766,13.309148320301006,1
1,41.74131465475778,42.1139345639256,24.20925009417723,23.258179509299932,10.310773687460676,18.483135145457847,1
1,41.36662683555657,41.580893412828786,12.300271046741203,27.38832339640222,9.512693254077263,13.978303439154352,1
1,40.959456240439486,41.22357953090224,18.793447480251956,19.552558637219285,8.09228049181046,21.4068976032202,1
1,41.6866770964659,41.372182548546895,17.58833018326699,20.977181431638215,15.498886907160335,20.709495664827685,1
1,41.820084267579375,41.92197043834177,19.171813531519717,19.753695207278163,17.464969976953157,22.066389060301212,1
1,42.09680668834879,41.803913519746246,10.271652757312607,22.010810031718883,10.963737058144778,20.08599665662991,1
1,41.143322853866536,40.96573044605137,23.081858634162273,19.283694243579546,17.429048337041475,21.85962861028699,1
1,40.08274649558809,40.44460662692947,23.981774237254186,29.4241716338167,15.885571385220409,10.658574861771388,1
1,40.49072779236332,40.48245864463932,18.476997753838134,19.69266942008502,11.77261352971582,20.7980583722783,1
1,41.86846165646086,42.288234655426685,20.449762358153386,16.470668071664097,14.088314149513593,25.397793584796762,1
1,39.23798362771659,38.99678194007395,23.837490717659435,22.9022574907562,11.219810150045555,16.33572613696039,1
0,38.69671415301124,38.75314811058658,20.608579514700978,15.856486176677645,12.70468089855063,22.840227976333598,1
0,38.06173569882882,37.646734820042965,12.28808564371392,16.658147494628707,6.696556044222046,21.403588204200112,0
0,38.8476885381007,38.79367327329645,18.644325402502197,18.290840837943694,14.355161703606397,20.556847700157004,1
0,39.723029856408026,39.88427797001414,19.100725695742838,21.965253748232126,6.6338957338096405,17.7577761081759,1
0,37.96584662527667,37.84800988812292,16.36196006953579,21.498763984635417,15.805019363035793,16.46708264064125,0
0,37.96586304305082,38.024036976559664,21.046663534370843,26.99537793004187,15.89936315352669,10.970485113008948,0
0,39.77921281550739,39.711263041533904,24.01550522153522,26.0921198082617,8.844927450674575,13.687093007245693,1
0,38.96743472915291,38.50884180472112,23.883527693601643,21.39477440986052,9.883953372429604,17.572660319292392,1
0,37.73052561406505,37.81995549509092,16.76259057106198,20.005563113634448,11.77572454269952,17.724962500430603,0
0,38.74256004358597,39.062023745912626,11.69857068761133,19.74703176092248,13.159954883189778,18.99552828266349,1
0,37.73658230718754,37.427120589524726,24.77261798443502,26.609926309410135,9.44824394090396,11.126655997777405,0
0,37.73427024642975,38.17375131125345,22.583471296689012,15.781086093319047,13.1098368555831,21.953184153110705,0
0,38.441962271566034,38.43846140205873,11.869940218049003,15.192324742659087,9.573444878751587,23.249637528906945,0
0,36.286719755342205,35.9645346729688,23.812628239260583,26.93316587889972,6.665888652852728,9.353553876442483,0
0,36.47508216748697,36.242742434881315,23.048445430931924,22.15719563983574,6.030330597982907,14.317886527651225,0
0,37.63771247075903,37.62429426337357,17.78257085689108,16.96321707830364,7.213812695021144,20.674495392455388,0
0,37.18716887966558,37.091732087848655,18.86913153617394,18.533489018917518,15.507008401968218,18.65367986074806,0
0,38.51424733259528,38.32809952562831,15.985040558051953,28.987559296460738,17.537175748600045,9.526688036134544,0
0,37.29197592447879,36.91685964292502,10.82142458233047,27.892544634373472,11.123594391374631,9.39943129010532,0
0,36.78769629866471,36.514825793973124,15.027958624688514,25.646775753359588,12.152207441399312,11.140920545305125,0
0,39.66564876892156,39.80213297235952,22.042801728970172,22.2333784550599,7.762178028881113,17.432270313861657,1
0,37.974223699513466,38.03756116485704,10.069480345069042,22.804854392870787,12.612376232161884,15.169369306642679,0
0,38.26752820468793,38.202970655765924,15.002487575367162,29.62866802925938,7.7358588240837225,8.638860175428547,0
0,36.77525181378655,36.88410754673389,15.97253040386415,29.486556658264305,13.33457197438596,7.288695155522241,0
0,37.65561727547482,37.9541677145057,18.060934044068844,18.229035686787515,17.199104010970245,19.426581588687302,0
0,38.31092258970987,38.54266745204336,23.797834246191407,27.16656849457977,8.348382471636475,11.144354095130097,1
0,37.0490064225777,36.93633088005996,15.195189915489419,17.95863999250525,15.174764616685223,19.090366430072446,0
0,38.57569801834568,38.71437550265393,15.204298028443414,18.203062168259272,6.2820290738198885,20.37263585008641,1
0,37.5993613100812,37.31886883590025,21.062518721646228,25.14139551246865,10.505966895859451,12.457965797612548,0
0,37.90830625020673,37.75139986816949,16.783269113347107,21.075016478813225,7.328982093966109,16.833289771393503,0
0,37.5982933877706,37.648214671147215,13.36907234409973,28.9731661065978,10.229705299148392,8.625127281172801,0
0,40.05227818450894,39.80931883181248,16.7865927419904,16.33514602344013,8.082443035666602,23.71713216106881,1
0,38.18650277526207,38.05861692310286,12.112855305696998,22.672884612142397,10.47965988147465,15.513618163119673,0
0,37.1422890710441,36.749777416346824,12.64580479759335,28.77782295664682,11.010273673290364,8.364466114397278,0
0,39.02254491210319,39.51150636074246,17.475516591092195,28.561704907192578,9.60709347337102,10.460840004910615,1
0,36.97915635002898,36.66121649439011,16.28388174256822,17.34793820123612,13.87946339367755,19.63121814879286,0
0,38.40886359500476,38.69600347598843,23.7226885160215,20.499565501446845,17.026224615106916,17.909298093557915,1
0,36.24032987612023,36.205705431994396,15.435908486749497,24.286821000700442,10.807144489263269,11.953508875419786,0
0,36.87181395110157,37.04087261382743,18.70882525417065,17.390923271571033,8.308117877700257,19.48089067953054,0
0,38.396861235869125,38.28383733935451,19.483964318792957,29.52033258068608,9.2486730983518,8.876528655183044,0
0,38.93846657999541,38.89023008055268,10.196416848825004,28.721239930914905,16.248009881956428,10.217226649080509,1
0,38.37136828118997,38.51996597851586,19.953060580250657,17.504252685517038,12.859676679241774,20.867115595672935,1
0,38.08435171761176,38.32546134464869,12.670539503046271,16.817331918914782,11.460132387683487,21.26701979869698,0
0,37.89889630441071,38.149750982063004,24.416054762041828,16.28112724212398,7.7956406581071205,21.617769062286733,0
0,36.72147800963258,36.630866760315605,12.229940916296695,28.641654960549467,11.396727699885384,8.07982304908311,0
0,37.48015579160529,37.35676514282455,16.219361855905355,17.90435714693191,9.34190404028864,19.57579864467338,0
0,37.73936122904021,37.19004580857468,11.280245021179658,21.24427392816532,17.31795753424019,16.495087300874893,0
0,39.25712222621892,39.54613783612176,24.95311377768921,21.732770484780044,16.608841312988776,17.524351741438874,1
0,38.543618289568464,38.90811867469437,17.532925154968638,23.985165663203514,7.006830501938376,14.55845262636495,1
0,36.43695984463727,36.71139175875031,18.930775259800654,16.076030156211374,12.199841871134915,20.360929688425898,0
0,38.5240839693948,38.51278896591194,11.006147160826412,18.40137926100774,8.700700146176064,20.12270470838706,1
0,37.81491771958369,37.50822115356973,21.249407055987668,28.97235580378389,10.929325074291487,8.842561915799799,0
0,37.523077999694046,37.17099078712777,13.148583896433786,28.626151609028543,16.522175979017476,8.896926390665502,0
0,38.81167628884087,39.18624512231132,23.470814341610705,26.71935971108538,12.330174238662538,12.09231657775549,1
0,39.23099952249596,38.71767185052581,13.077094607230109,15.291018684273231,10.010583520449117,23.939980838222723,1
0,39.1312801191162,39.00075918778047,12.860315809954999,19.90510152744153,8.494660249259965,19.226178591674667,1
0,37.360782476777366,37.34464495175885,10.548245017721424,24.41938103014362,15.60389831287787,12.941401446633748,0
0,37.89078762414879,37.926977174587186,17.08100417664999,19.127853176602137,13.494216184372165,18.762934447546655,0
0,38.531263431403566,38.510849596593545,18.472616998939245,28.64380042580666,11.616785525114775,9.887463005596906,1
0,39.17554512712236,39.28393326458011,10.985629591425285,24.508341927486626,8.609812246355737,14.667203199635736,1
0,37.72082576215471,37.071371193922026,21.63291425042516,16.078600759746685,10.010956489885576,21.642225002408026,0
0,38.014341023336186,38.070919329339716,16.799332521220414,28.635083832535546,17.518121120862222,9.37925719080064,0
0,37.09366502599397,36.60506800101885,17.8658540399137,29.366499872643338,12.241079251270012,7.727165153350633,0
0,37.00379337591933,37.170674509792995,16.611441204073422,16.16568627587588,10.808391374919035,20.838107100043448,0
0,39.0125258223942,38.716116771816644,16.01144591312989,22.985403522919725,12.257064508179887,16.027122299474478,1
0,39.556240028570826,39.043596286134296,18.394604969623266,19.55046423321256,15.347862070795305,20.005775795358268,1
0,38.12798987841967,37.93285931082223,12.328603688960687,20.892586147221035,10.081307238034425,17.235403731198634,0
0,39.203532897892025,38.998441853845364,12.728921957429067,17.69476826933013,8.144473451191306,21.508764628561895,1
0,38.56163602504764,38.810631347758516,22.92678431520276,23.671081530186186,13.019233420068574,14.890554494861455,1
0,37.55488024539488,37.58504247761014,24.19173193200449,29.36969029873336,13.982449241772805,8.185189946661517,0
0,38.561395605508416,38.79963128796741,15.599639744196294,22.546089004074137,14.552616035502595,16.01530660143428,1
0,39.73803656646597,40.050050250232665,14.061170097153306,16.24371872091722,16.583851089193555,23.494317845548753,1
0,38.16417396089005,38.12559983998271,19.659993148585237,24.300020002161126,10.454089448269357,13.86415395872892,0
0,39.76464365581401,39.899173240665846,16.131012566471448,20.103344916768854,6.904258754746701,19.661298739045158,1
0,35.58025489591026,35.67728897724905,10.380795334905173,27.83887784386947,17.50018300357131,7.741377052040789,0
0,39.02190250437523,38.707838622202026,12.342288960492855,21.520172224747053,11.220143129249703,17.501730279628173,1
0,38.287047068238174,38.71685924692693,20.739583432710965,17.892594134133684,13.479090116077575,20.39445293410449,1
0,37.90099264953413,37.63706732527706,19.88385912865227,17.866584340367176,13.995663877539506,20.034408309166956,0
0,38.291760776535504,38.547748298313465,10.406439887552253,26.531462710817408,12.558164504414442,11.760298065718096,1
0,36.21243108539911,35.78812948820312,13.329582428994241,18.9838139746104,8.463090356835242,17.22861711078871,0
0,37.98032811216249,38.1479319927009,13.46612194882107,26.508500912388342,15.061716601393698,11.471827199774147,0
0,38.55711257151175,39.055293522708006,20.078391153980924,18.08830966149899,15.64502369164898,20.468802910012762,1
0,39.67789404474152,39.58139763575584,10.295658066315463,19.82529553051964,12.635707032209277,19.85259851422188,1
0,37.681729781726354,37.56414156330723,11.561628729768607,21.98230458659549,11.862733927018098,15.699425195130864,0
0,37.39150639710682,37.566816498036786,21.99874128059784,29.147937745401762,7.367258197535824,8.243568651705054,0
0,37.69824295641546,37.66819222902954,12.678169930815004,28.97597137130737,7.0074199379974065,8.722271585108093,0
0,39.11540211770208,39.65517537494932,19.791191617778118,18.103078131334318,10.074778146762345,21.012323986367765,1
0,38.52875110965969,38.57701371505083,13.572741715700898,20.373285618646094,9.730153866208719,18.155465491013594,1
0,37.67023979623296,37.64207207338554,11.491620891390177,17.240990826806584,17.443877411559257,20.42924896942638,0
0,38.71326743311336,38.63880179048238,13.647582864991811,22.649776189702457,15.403472909321158,16.0634912434109,1
0,38.297077549348046,38.18473009391664,20.83400397783489,21.908738260419998,13.919091543108719,16.388339288928048,0
0,39.16864499053289,39.111908780505914,22.835447021594284,28.51140243676099,12.21177706821126,10.657242553771901,1
0,37.49794690612265,37.50839935466507,22.453297968504874,28.95008066686609,8.008410368719815,8.54786623925656,0
0,37.87233785340224,37.71397191307912,15.957752944276823,20.753510865109384,17.74148006621141,17.11882698829286,0
0,37.80789184686785,37.74099144683772,20.021277048559693,22.37606914528484,10.50048837888252,15.431822701583005,0
0,36.73648505186789,37.252451650102465,13.074764431237314,28.443543737191995,7.283107229366937,8.292941314675893,0
0,38.49612027706458,38.26319506307059,14.397215953915198,27.100617116175922,11.925586748588954,11.395503160888655,0
0,38.46105527217989,38.35956124263864,23.445037277816795,15.05484467016974,16.487976139357,23.40621060201015,0
0,38.20511345664247,38.46159285229797,10.195028852661041,19.800893462753738,16.647492021327952,18.404219993888734,0
0,37.96541286662485,38.02938709096767,11.28262796281702,21.326613629041887,6.131590992677367,16.638799237582965,0
0,36.78462925794959,36.87243404595801,13.11829382719041,18.445744255248474,16.635548937016797,18.338885002701115,0
0,37.77935467723464,37.83605140609249,10.397983058107295,17.99357423843908,9.257810609998302,19.785780438795562,0
0,37.857285483473234,37.77546585920852,12.72153152634696,15.566767598935195,6.467668367621076,22.29051788453804,0
0,37.39772273077838,37.52279563299163,18.745623414545385,24.650545876046408,16.173483244354493,12.747176854731975,0
0,38.03871428833399,37.94849876514202,16.321368258887468,18.937654357247485,16.366401071858498,19.101059931086507,0
0,38.60405085681454,38.19371833858825,23.390075666154623,15.785207676469696,13.1547729581082,22.818843180344842,0
0,40.08618590121053,40.01228248273663,22.261653426076613,18.464689657920953,12.8932050875563,21.621496243289574,1
0,38.374577812831845,38.183770325659665,15.127260275468139,27.028709292541897,15.757443271457033,11.345868520289947,0
0,38.457550390722766,38.23782129820242,13.891351501469387,27.7723377246982,15.435714632523357,10.685212666024565,0
0,38.12555408423383,38.32203205057681,15.695386122509003,22.24599367789954,16.68126568131245,15.879560406334292,0
0,36.28122878470096,36.41007151955096,18.854424137722116,21.241060056130294,12.632969371160442,15.040168728570663,0
0,38.173486124550784,38.64265755677979,14.020954612343143,29.667805402526724,17.611765112793705,8.50568072202406,1
0,38.26023020994103,38.09593224084943,19.36223361773701,18.008469893821047,17.95376197120006,20.25176031611998,0
0,40.66324211248529,40.77415688605745,16.141174782868607,18.23038924281913,7.398535319983591,22.432852869666164,1
0,38.00763903521888,37.94497593875563,18.2807077127797,19.378007655545996,16.194525114649466,18.629631379672883,0
0,38.501547342333616,38.81926912180627,16.541897937029752,17.591359774216308,11.997867092983068,20.91018756811731,1
0,38.16528823029476,38.4144761282155,14.416986393128765,20.690483973062797,10.650796059597985,17.474804257231966,0
0,37.03132196238048,36.710699892761234,24.22679960443235,28.662513404846308,13.35686771859258,8.368808557534173,0
0,39.342822814515024,39.00615825912457,21.454086912396413,24.230217609428614,6.671586687144084,15.11260520508641,1
0,38.951933032686775,38.91056641416653,12.101697636496787,21.179198229183953,12.077533425204958,17.77273480350282,1
0,38.99103194704305,38.96787070465145,23.027019638468694,29.016161918568223,16.45068684032,9.974870028474825,1
0,37.29061254520526,36.9741842921029,17.311467973742705,15.726963487137334,8.561538193667626,21.56364905806793,0
0,39.602794310936105,39.39476685865178,23.418283403411372,18.15414266852792,11.116678737233102,21.448651642408183,1
0,36.79814893720772,36.852093367387795,21.997828839209728,23.488329076526384,17.273770652578506,13.309819860681337,0
0,38.78685709380027,39.18613368521682,16.3782025670385,24.23328934789769,11.142766053668367,14.553567745902583,1
0,40.390455625809984,40.25525309921249,10.337039624801761,15.593362598439198,10.30041158798878,24.797093027370785,1
0,37.20946367486931,37.311635349051144,14.030160390774192,21.04558136860698,11.286439777480538,16.16388230626233,0
0,37.63370227039723,37.54210152422029,18.124513219913005,24.73730947246309,12.233433198210676,12.89639279793414,0
0,38.29965136508764,37.996231534431594,19.50217329739221,25.471058196051025,13.583896129577626,12.828593169036616,0
0,37.6965243458838,37.84342321169805,13.868315281498035,24.57209853774404,15.608313611000774,13.124425808139762,0
0,36.64933656893387,36.42153241307669,12.090341111092362,19.808448365413867,11.425226469171772,16.840888203520002,0
0,38.26856297480603,38.40877758516825,22.523953551989486,16.402801853968644,15.809771221081684,21.865761120837387,0
0,37.1376962862739,37.108746506429675,24.766032710553283,21.40668669629001,12.404647936224968,15.731009589983891,0
0,38.67359243063518,38.92454946751583,17.885352734540287,16.931316560520834,10.061766124415731,21.742275870114348,1
0,37.2805757657662,37.14628516097752,12.575189287724552,29.214354877810006,13.89540993743297,8.066220887956195,0
0,39.74993440501754,39.722979496077286,14.084609897790534,22.127562990339424,14.612667056921897,17.622371414678117,1
0,37.41674670766377,37.20192889907718,10.275860148212,19.758887615353014,12.69658770755385,17.657859092310755,0
0,37.87793848379432,37.88804351146573,23.714482098407487,26.4945610667835,6.679379677616681,11.383377417010816,0
0,39.01351721736968,38.08024616889013,11.766266243352117,22.46922888873396,8.038594501929898,16.544288328635723,0
0,36.96913568356605,37.4427959171185,18.647747132713803,19.65051036018675,9.423572650682738,17.3186253233793,0
0,38.42745993460413,38.582563870913106,14.11082831030809,27.179516135862023,9.391507271417918,11.247943798742106,1
0,39.507142754282434,39.255941741879866,18.3126700377369,28.00728226501683,14.081049602962446,11.499860489265604,1
0,36.59251676543877,36.47923902004536,19.771305825277963,25.095122494330155,6.220183940083591,11.497394271108618,0
0,38.384633858532304,38.17436426931108,22.446127055608024,15.70446633611501,15.068181324594239,22.680167522417293,0
0,38.45988279424843,38.77204125438002,13.09631907640905,23.494843202497982,9.184109697683198,14.965039591750447,1
0,38.98182287177731,38.588404610560325,10.164937429877208,26.449423679959224,9.720262154593229,12.532399191818087,1
0,36.96304928912192,37.02361963854997,12.053284451032109,17.04754518125373,12.334917935327091,19.915504107868188,0
0,36.87954338691573,37.41255950983385,23.500279627721575,18.430061270769052,8.59110721126749,18.449482116146676,0
0,38.7219415656169,38.614100587391825,23.108351163437728,28.237426576022045,16.61365576290633,10.484514989594857,1
0,38.49698467323319,38.43758539337763,18.961196532554624,15.30182582779611,7.024425351918783,23.195158845437085,0
0,38.45049285034588,39.02967274346088,19.0077529065048,26.29090706738964,11.332588347612779,12.159585782956242,1
0,38.54644820949698,38.62314720489827,19.97555011819383,22.106599387716344,16.193067233458677,16.439848821780636,1
0,37.51997527842151,37.486387340939245,12.630569179351744,21.701582382594104,13.39012673305483,15.818392895827408,0
0,38.43225369716101,38.539148416100616,23.7161791888744,15.106447987423307,9.507954190111601,23.3258057097377,1
0,38.49307247329868,38.48167221228402,16.281557873381097,27.29097346449739,11.04912249331753,11.20209900880129,0
0,37.48564858197364,37.716821011923614,15.747077923742463,20.397373509548498,14.480332564110176,17.088275072425144,0
0,40.06577451114476,39.99510812424394,17.783765579242562,23.11148446950814,17.679128920366793,16.954290041636618,1
0,38.67383292091179,38.13872391763972,10.704489501625826,25.15951029503489,16.7176646205532,13.5143226258769,0
0,37.00869650279736,36.83568445082745,12.49425053134119,25.539443646568735,10.109193700588522,11.469252856228628,0
0,38.85655360863383,38.68528239294087,21.070504246395558,29.339700882391085,17.97837455145429,9.516852726242746,1
0,37.22531832977268,37.156239205611605,11.241980018876896,22.970099298549137,6.042055962372699,14.255219031223547,0
0,38.98708460374245,38.83203365388307,19.047281641995824,20.995793264616413,6.331557069700981,17.99129133912604,1
0,39.35859557900741,39.645555564820995,13.680236645219814,29.30555439737562,15.886086182054326,10.053041181631787,1
0,37.379317681648295,37.502946771796935,15.839434210629648,24.631653525382816,8.393552241996623,12.747664156265479,0
0,39.16337612924433,39.344221957246816,14.330406051560498,19.472255344148333,6.72923122075489,19.691120785095993,1
0,38.6127809269365,38.52482429055157,15.335090746974238,16.896963681053567,8.845776878838027,21.715817245882935,1
0,39.022060159994496,38.93889345982418,20.785688577763683,27.63831752197772,11.113201847770323,11.383742638016777,1
0,40.09679298265395,39.4965382076647,14.456825734347625,20.432724041912273,14.766795245200857,19.66406894074168,1
0,37.95461188399713,38.000743633436265,18.49606960445346,24.907045820466468,13.492026318614466,13.047566063530663,0
0,37.44626383564251,37.54350202967609,17.140756032986495,22.062246290488474,8.851454610725046,15.384017545154038,0
0,37.31048557037448,37.336128426424594,19.955067480439723,17.983946696925575,12.039245377207013,19.326538873448907,0
0,37.384189715034566,37.26779760696555,24.05244608987137,24.025299129306976,17.114569264782823,13.35889058572759,0
0,38.1228982905859,38.07271803172592,20.988581458153753,15.910246034260235,15.780093323805092,22.21265225632567,0
0,38.54115197481665,38.45039890481546,13.224105678861351,21.200136898067882,9.87827741798152,17.341015076748768,0
0,38.47669079933002,38.914406207240354,10.46774702591927,23.199224094955063,17.787174736268355,15.277466704374959,1
0,39.02718324903603,39.28767436310577,13.933960664497377,21.540704611778686,14.503444805221571,17.486478637257342,1
0,38.21300189187791,38.45015933896988,18.926168960503823,26.230082628764862,6.749392268001381,11.982919263113047,0
0,39.65353407715732,39.90064900545456,10.771387202263755,27.418874318179686,6.421928559463664,12.234659758977632,1
0,37.935343166762046,37.62745083111602,17.445493708018546,26.56864611049767,8.02089538812036,11.366697056264375,0
0,40.92016916658962,41.235342446262585,18.952642733753336,15.582194217177031,14.734270416601762,25.33797494941259,1
0,38.82566734776501,38.87670454754648,15.013658362254413,17.911931556689584,8.204867110109134,20.91373579107543,1
0,37.34284244358372,37.335607098888346,21.56368305618733,23.049112638956615,12.137841230506002,14.293729804627105,0
0,37.12910750193889,37.24782135514675,11.598973797006577,29.022330606657018,7.11912144216998,8.106776895281872,0
0,38.68247241524319,38.81980518699375,11.127066726037132,27.524351625781755,17.050633893962342,11.158120789461435,1
0,37.97653721467415,38.65889585899778,20.92283134305405,27.638017625277023,10.12752736300281,10.33851958939713,1
0,38.91400049409209,38.86361501674884,17.432369743092977,19.548122906395122,16.89758467872757,19.36587758769697,1
0,38.673237624573545,39.068466252350554,20.32603594641604,21.44171845618054,17.33850770292653,17.231519168393007,1
0,38.12717108734313,38.00351528632209,16.522410079056193,22.06058920973906,6.0735437677641695,16.06658187760407,0
0,37.3532062819316,37.40111540999801,13.696030498586602,17.360573750248655,11.569622246384785,19.992632531682943,0
0,36.68515277531414,36.856271824370666,22.286534765112997,15.466021953666845,6.295872668482715,21.21913082164729,0
0,37.75348504793298,37.866371652064736,21.991238184534687,29.20354349190775,16.90431319563487,8.549941556025232,0
0,39.05639879432348,39.591114489720376,20.4204470628164,18.6106887849526,12.22089053681491,20.445710009370877,1
0,38.414093744130206,38.091206131553164,14.08217705844944,18.599233555854468,6.899328152381962,19.814860188275738,0
0,36.954261221288014,36.94999451354775,18.853460003036307,16.250685806531393,7.3233207393188025,20.70357541475662,0
0,38.37318092585119,38.52857906976675,15.414608454100403,28.92761627915668,10.602108293912869,9.445564646694507,1
0,38.58531737972884,38.87043154620723,11.373731099899512,23.69605672409658,17.282810314474673,14.889260655632263,1
0,37.31614256379887,37.39995557714496,23.75970363193364,25.005552856880307,14.31490981881697,12.310589706918563,0
0,38.35372510594553,38.77061077352844,12.052279463784421,28.673653308945788,16.41142639426959,9.68007179699974,1
0,38.258208718446,38.0785255797319,24.253560307312036,20.184302533511843,10.397479756079756,18.073906184934156,0
0,37.05702970216938,36.70541912266343,16.690086594369337,24.322609667071262,6.51856439459998,12.734420035098118,0
0,38.557787360348286,38.635344065432534,12.776993932579295,15.581991820933311,17.69181164645297,22.975795539414975,1
0,38.76078452636824,38.757587296612265,18.12851421067537,17.80158792346694,6.206075887948435,20.9591966029013,1
0,39.28305124317528,39.52025050338921,23.094187538146123,27.468687076349138,17.371819836973067,11.814364166826142,1
0,39.25380205203491,39.1879877972394,20.98337329614342,26.501525345075038,10.424129086189737,12.752276706959869,1
0,36.82233063204291,36.797922877025144,22.098417217921746,20.259640371857202,6.121084860262578,16.56269026018571,0
0,37.26217496008488,37.1547827246671,19.88175050066076,20.652159416613188,14.2698867806941,16.61001554347169,0
0,38.71503526720866,38.77597346797357,20.384148467767787,23.003316503303694,17.76648364837625,15.711718763904969,1
0,38.71378595091221,38.69997107943779,22.73793477347979,15.003615070277018,17.587508674051108,23.710170880635193,1
0,38.71504768630605,38.57105067967544,13.745020132887788,18.61866504057042,7.931244134429021,20.09638264573563,1
0,42.05273149065472,41.935012182967014,17.34137445464711,18.123477129123216,8.17497367279386,23.929254361531505,1
0,38.77089051069317,39.04994204639003,13.318141627294033,18.75724420124645,12.786466975435921,20.01364630944672,1
0,39.33556564018061,39.36329129889599,24.815020119949708,27.08858763800162,13.647657917139894,12.246978002178992,1
0,39.154001763493206,39.70643913721443,24.160890095299198,19.19510784819665,14.873014963990387,19.958893915296557,1
0,38.8513912513058,38.81701744135399,10.591402170527589,17.87281983075222,8.17260432566577,20.97857142055358,1
0,37.884730755359655,37.67948838470484,20.58362758773533,22.563951911895472,17.508085041173214,15.320778843464183,0
0,38.95896922049327,39.55612259563527,23.878724761234988,27.98467554559098,13.664871075470854,10.974293674902292,1
0,37.427174785462434,37.5710380355395,12.708630176910003,18.620245557562498,16.164563026446658,18.806929227899936,0
0,37.96318139326,38.35057565086486,18.519178458289442,16.178043641891982,12.480788583410062,21.78513775136802,0
0,37.7146364521709,37.99723143169804,23.73232446382063,20.34607103774497,10.97132217107859,17.36856541442593,0
0,38.281874139386325,38.3902817810522,10.509189678786983,26.214777368474667,17.726194879139953,12.067096770911657,0
0,40.51465856667351,40.73391713463662,20.461304008702598,23.260358170421917,12.985456449838033,17.254300396251594,1
0,36.33273480740826,36.00198479565108,14.460235110588261,27.251900543615214,16.402482993590148,9.080834263793044,0
0,38.886260190374514,39.124848942286896,23.865942930647954,29.393882214138507,17.43950875639548,9.492377976236007,1
0,36.58728412881035,36.24488050278981,24.565873677480518,26.889937151274253,14.10425552410391,9.6973469775361,0
0,37.72806813421057,37.60754363053875,24.16399733670151,24.0570461826563,12.5872641422241,13.671021951554266,0
0,39.28895059696737,39.16079900943372,17.113213249861957,22.40012382078571,6.042130210927807,16.88882677618166,1
0,38.264280019095466,38.37519170963821,22.930639764839704,15.601036295224,6.480235688868072,22.663243723871467,0
0,37.1222552220707,37.34188136254232,22.668240978026056,29.764829682210618,8.410214592613396,7.357425539860081,0
0,37.48469629074003,37.673982265290995,14.786507098648833,20.75221683862564,8.232101182271943,16.732479452114394,0
0,38.87959774893468,39.02173261432998,22.43373211226016,17.283423208753003,9.057105542398144,21.596174540181675,1
0,37.469633368282864,37.45999493735243,10.555114520732388,25.00063283094685,9.65921565237193,12.469000537336015,0
0,38.41645858958198,38.365885405308546,18.944048177230798,19.26432433643189,10.320785922608739,19.152134253150088,0
0,38.24557183990382,38.549706607488275,13.450132559315545,23.786674063965712,11.046452280826518,14.458897775938105,1
0,37.54839965239419,37.86958785105865,11.808503286659182,23.80151861766887,7.186396061472176,13.74688103472532,0
0,40.343944089325326,40.14651242149166,11.154298024438138,21.68594731354304,6.508343183433384,18.657996775782287,1
0,38.833919022318014,38.37966576613459,20.444331638172095,27.54177923317564,14.087333388876282,11.292139789142375,0
0,36.1748574133424,36.08820395261335,15.098124456520992,18.974505923331645,12.448017898116932,17.200351490010757,0
0,38.38645431476943,38.626164089005876,20.87150157293142,21.72948887426601,11.329730426641436,16.65696544050342,1
0,37.53821353523161,37.815476944569085,10.980345111984136,23.06538192886457,13.613279294020227,14.472831606367041,0
0,39.05243333479623,38.80036503350793,14.729355067459155,24.954370811509495,15.932152886442486,14.098062523286732,1
0,37.4074792615673,37.38592337793933,18.092369385630057,26.75957775758384,11.132314909394456,10.647901503983462,0
0,38.08526355853311,38.51262312605461,21.860847472584453,20.922109243173843,13.693433580623752,17.163154315359265,1
0,38.70498727898046,38.76247436670841,14.781287543981048,24.69070416144894,17.442866686021905,14.01428311753152,1
0,39.06575519417012,39.40192668563178,19.38837064655514,17.259164296027787,16.07549395033873,21.806590898142336,1
0,36.99970359294423,37.268082227934904,23.28966622354281,28.98972150813718,11.112009726028914,8.00998208480705,0
0,37.86549876415906,37.69403294322948,19.23794782273457,20.745882096315054,13.736602053776917,17.119616667844003,0
0,37.725054688839045,37.67245742936283,13.494392121304507,25.942821329646577,8.124851062991278,11.782233359192468,0
0,37.54667076742629,37.45755907017414,10.36601172334807,15.305116228232665,12.726266218741078,22.24155453919363,0
0,39.9654542402811,40.015377542851425,23.05148310851395,18.077807143572105,17.775939493661312,21.887647096708992,1
0,38.60498171096096,38.84155009468117,10.319041162755807,22.30623816485367,12.219781382430266,16.298743546107293,1
1,39.09979678005582,39.19460970387212,23.12052509026299,28.173787015985198,17.131659590281767,10.92600976407062,1
1,38.542810012698766,37.776729382005925,17.934057010408182,22.908827249260156,10.888019046039128,15.63398276343861,0
1,39.03136477112947,38.768415542124735,24.086015477693444,28.948057234408186,17.986137926215576,10.083307536721282,1
1,41.66973433559019,41.30194437241006,21.981748536604982,22.256953448741946,12.950640422730693,19.412780886848246,1
1,39.06578144451847,39.10114610839168,24.969011658000063,22.35673645103925,6.507227930831215,16.70904499347922,1
1,43.72209668428861,43.86563038537994,15.260677231775652,16.79620182750798,13.041057560296657,26.92589485678063,1
1,40.94131327114516,41.00368125070174,21.5078243339669,27.039843662283296,9.29487234815516,13.901469608861866,1
1,40.540286960803336,40.330364150503954,16.028963704138633,18.70448118700594,6.389775864430737,21.835805773797397,1
1,39.18413488576442,39.37204650127532,17.198134304558632,28.494187340584727,15.85023965633596,10.689947545179695,1
1,41.21040284323168,41.55070109356035,19.41258194827555,28.662363304955942,9.308755643769071,12.548039538275734,1
1,39.55167082589089,39.22680278657511,23.10515671279508,29.149651678112246,15.558582648557982,10.402019147778642,1
1,40.45861275903896,40.21757234130763,24.76125203798943,22.80345733654635,9.458610995470403,17.655155422492605,1
1,43.62810989974943,43.598748745825965,21.524101207967774,25.156406771754668,8.331916246485292,18.471703127994765,1
1,40.17512213035796,40.6265780943926,16.266501732510008,26.677738200924953,17.68722688925313,13.49738392943301,1
1,41.794055324171374,42.364278245761945,16.32035503415605,16.965219279756983,10.339743933060234,24.82883604441439,1
1,39.38587064733635,39.627885136600305,21.06373452383337,24.01435792496246,13.216514537317925,15.371512722373886,1
1,40.25451496235394,39.9358842518436,13.581657186524534,15.514468519549675,13.31977791377366,24.740046442804264,1
1,42.60204082632616,42.760292069993355,11.65711169697092,22.463491250830888,12.72568178608202,20.138549575495272,1
1,39.4849428248759,39.441418878205575,15.319332364611647,17.322640224303413,16.976348922254576,22.162302600572488,1
1,42.656183125396005,42.43804924888455,14.308584874811226,17.743843889431272,14.093292856402421,24.912339235964733,1
1,41.22007751609212,40.616194291996884,14.444621806839852,20.475713500389023,10.844796049259163,20.744364015703095,1
1,39.56879319133745,39.62810753999402,13.50411626574865,21.486557500747544,16.348564614291288,18.082235690589904,1
1,41.12213006077217,40.94521930905614,10.631397844545429,24.347586367982807,8.172754789391572,16.774543692789365,1
1,41.56432078451475,41.71106858978738,10.268109021001207,16.116426276577734,12.530841091325009,25.447894507937015,1
1,41.10835295088236,40.459556988651514,24.81583584604047,22.55537641856167,17.406604463325074,18.55297653232069,1
1,38.2587078641424,38.29808498436963,16.416597006037936,17.739376953796516,13.504771558564952,20.519330910345886,0
1,39.35472167142767,38.79112297899619,15.764899707395225,23.60962762547613,15.803621405698514,15.74509404595154,1
1,39.97822577378304,40.323511446528656,20.194709240396048,24.561069183917752,13.842728706542314,15.417156589865286,1
1,40.20323654216994,40.413194889213656,13.273808317975963,23.35063884829281,16.072450362454685,16.85259769387713,1
1,41.10687372681588,41.0114045387426,24.24941775925338,26.074432657174615,17.333854558142924,15.032441069641262,1
1,40.531011301213226,40.739726890691095,21.795175216233282,20.03413866361352,9.275060730392841,20.496872637599708,1
1,38.56405233367686,38.348187209004024,11.341165034683893,26.476598874496965,8.035932975080627,12.087453459179898,0
1,40.79425720630775,40.82806795019502,16.263711636773927,21.491506225622906,11.807889003990478,19.30275098068484,1
1,41.09376146886897,41.341897860201286,23.18677461343247,22.262767474838952,14.42234912189059,18.830993994030017,1
1,41.02772758231035,40.40222774472867,24.170980334371155,24.72153190891607,8.726295038186594,16.306195673394278,1
1,41.705014943221,41.437796993920095,17.011022668748048,15.275375759988359,6.049217405162005,26.429639183232645,1
1,41.38409880091357,41.30152069342957,19.201170838160614,24.809913321303725,10.115221390040464,16.574185479609845,1
1,40.896934102996966,40.98576978211135,12.505509191381128,24.27877723608173,17.626312025613462,16.618156866915236,1
1,40.20878457510376,40.50281834598961,24.86752939205465,19.647706751299197,14.33960952727016,20.561077823804567,1
1,38.14075078642921,37.949704685812065,13.475075520751652,16.286914273492343,10.815905327294686,21.853836512936866,0
1,40.85850368487236,40.629087746010434,24.140976612026883,16.364031748695616,8.310913168162084,24.494471936176744,1
1,40.56999399331204,40.109213150361775,19.74469973488553,28.848356204778426,10.273076085056964,11.721637788533613,1
1,40.65305248835399,40.9772864814529,19.116051923182887,25.339189818387556,8.038073199614976,15.313862669966436,1
1,38.6402268514336,38.52474768634751,17.69032766524763,16.906539206561106,7.275669855755417,21.733687644872496,1
1,38.89462649746925,38.71719321968293,13.46004717576638,20.350847539633595,16.880908470870647,18.543778957835652,1
1,41.66909870933277,41.70890204073181,12.647920480082623,23.887244908523947,17.971804060505683,17.781853800808825,1
1,40.24857829998635,40.439731395389124,13.30729313605263,27.53357557635973,7.969373275149484,12.715002723626618,1
1,41.18595090658441,41.15476068855444,12.796573932163817,15.654913930695129,6.654270706539357,25.53103697588928,1
1,40.3368138889696,41.0116040242236,21.6937671035013,18.549496972050132,9.956773285754547,21.78731691691947,1
1,40.33868298134447,40.513230121164554,15.25187888750095,28.346234854430698,11.539910169136984,11.992448126913771,1
1,41.5197689477688,41.45890013397794,10.867640148450946,15.137483252757248,8.457854964910254,26.382285695011554,1
1,39.62914185331741,39.53583210766474,24.53653945211217,18.02098654190831,9.617098941582702,21.608155311409096,1
1,40.42495701002328,40.42491709888324,23.256788274451385,29.38536263959449,8.410448828299891,11.039594370428787,1
1,39.69904212468344,39.26639177841734,23.916284247928196,24.201027697832565,15.291126821189415,15.498014426850872,1
1,39.73515490433799,39.808599436003504,24.923617339696527,18.925070499562597,14.550935318967129,20.81008440477539,1
1,39.89807623949076,40.1319610686725,12.608428738292309,16.004866415937713,13.619418189131782,23.89320982355305,1
1,40.58877390312382,40.51661703914634,15.943630283539882,15.422870106708332,10.646614284950457,25.165903796415492,1
1,39.67762679183748,39.57063059044357,21.37357713556137,18.671176194553908,16.90849129577083,21.006450597283575,1
1,41.932482963245576,42.25422170164933,20.440309270806885,28.22228729383366,17.634390498420238,13.710195669411917,1
1,39.137010507114645,38.6300903614843,12.308438595097826,21.238704814462643,8.083671751504944,17.898305692652002,1
1,40.05706686259023,39.45355999570008,22.237496874859268,25.805000537489896,8.676151696942537,14.252066325100337,1
1,39.72834962424357,39.429805795754405,13.36660857754991,28.774275530699366,12.307572336004435,10.954074093544204,1
1,42.18107124965985,41.87103514460767,13.357264222339346,21.12060692404225,7.095006831386943,21.060464325617602,1
1,40.55552120946504,40.71704671547552,18.054616343401204,17.869160565560957,11.237380785877354,22.686360643904084,1
1,41.641397901309226,41.53794584829717,18.894099022625547,22.75676896285379,12.981495177332523,18.884628938455435,1
1,38.36877151505193,38.431029957552816,18.701293117567168,28.62125530589782,12.264882853647997,9.747516209154114,0
1,40.64716534563004,40.98347507030348,11.372302560966324,27.065616212065507,9.970902996936314,13.581549133564536,1
1,41.45652003431047,41.37210041879643,23.161912939455704,15.987447650447306,12.509349672926483,25.469072383863164,1
1,40.40696918605805,40.49689126399069,13.98400063883059,25.38859200116373,17.505611451106173,15.01837718489432,1
1,41.68512448758496,42.151372297304924,11.942723819242062,23.578462836884306,8.472208851496513,18.10666165070065,1
1,39.62752501486951,39.53110441883843,23.331221198034658,28.61194764519638,13.857976300728044,11.015577369673132,1
1,42.13215167224125,42.285302229977965,24.3347724734463,16.837221252754457,6.520760329872623,25.294930419486793,1
1,43.28856756070502,43.23591566641544,22.93191425898176,23.01054169806985,6.79699685377722,20.278025862635168,1
1,39.82830987142844,40.094464476778576,22.142741120873172,28.191940402678384,12.62193869068302,11.636369468750054,1
1,39.72084672217899,39.33079714559099,19.828629709585325,21.150356801126144,7.259270163935394,18.570489921052847,1
1,42.18939982025301,41.762160609872055,18.26286055913709,22.229923765993007,6.268161461122288,19.95947605426,1
1,42.353443789449926,42.291544718679965,11.304801398671152,16.056910165004375,8.058155971776266,26.29653362444555,1
1,39.62028196470075,39.206622763146136,16.12679819606048,19.172154606733663,12.778190051994894,20.44812735796709,1
1,39.75375713777538,39.52105920209973,15.59032775518471,19.86759973753421,14.44009145422719,19.88615740024117,1
1,39.93368000848134,39.886585306150614,13.896306756404893,29.176836731173303,8.42974276969656,10.756843277308036,1
1,38.55221433565544,38.64607991673506,20.851301705328773,19.240010408117385,14.019113246498094,19.312203927538057,1
1,39.10575246957054,39.12469575176764,17.43813602618156,21.91303102904478,8.189715973190753,17.19272144052576,1
1,38.99461700322231,38.79944346917229,11.215693238614719,25.069566353464197,13.361489119575086,13.925050649758113,1
1,39.30186316536463,39.24053799531105,13.30274802924717,17.43275058611816,10.943516158749587,21.86911257924647,1
1,40.25490964639718,40.081626913542976,20.24888145489394,22.29663580712812,13.8455941120034,17.95827383926906,1
1,40.60447915229747,40.331375315262896,11.141962892354503,26.078085592138613,17.94063302975097,14.526393560158859,1
1,42.3156506406583,41.775977374436756,22.76810371073153,28.00282819540599,17.253803582790745,14.312822445252309,1
1,39.00213974703957,39.02484888704051,17.427197905209617,24.3938891199364,6.0513810940332435,14.608250627103171,1
1,41.57961911801956,41.25971357816197,17.20879865989972,25.035802729754217,16.625265172347667,16.54381638826534,1
1,40.02181450250684,40.184845983289854,18.886116769892766,16.894252088768535,6.797889542097199,23.127562413738307,1
1,40.23569717745183,39.866506820330436,22.370214488877238,29.186647458695205,17.43655903391814,11.049049718756628,1
1,41.17726533981658,40.88409111070186,15.217138118532896,16.988611162267237,9.381908149196217,24.188654177549342,1
1,38.840461371969006,39.36703924753819,20.170242288385953,26.620094057726973,10.584417964935252,12.220367314242033,1
1,40.79713267003926,40.48822204138661,18.485979459936864,18.972244826674782,7.099658462108734,21.82488784336448,1
1,40.51638787067697,40.54796882275585,14.00542405254132,29.00389715551877,7.347273099946915,11.5124907151582,1
1,40.94018664321059,40.67360485527566,23.179449795327372,25.799393090542193,14.720886782751835,15.140793552668395,1
1,40.67591923708016,40.4695423544426,21.961390324103924,26.307205694675535,17.3319868289795,14.368713542404624,1
1,43.49189018188416,43.873712899232814,19.876777519876384,18.28588759589825,13.328981939451714,25.20600258598591,1
1,39.47093802047328,39.60683520280378,22.75872593641363,21.645599649527412,14.590200186321733,17.825338370945865,1
1,39.60970395849763,39.725862416649285,23.009413014397033,24.267197918839294,15.143636935165842,15.342506039658339,1
1,39.4899173156478,38.94760316581521,20.62544465072552,26.549604273099014,9.1537712946353,12.940313042548787,1
1,39.577879745091664,39.74752487489051,22.55519992545508,16.559390638685844,6.542755571042579,23.01848910640582,1
1,39.471396734501525,39.72451616202546,20.462071925039254,29.435479746817926,6.022472927030023,10.0359169876836,1
1,41.84572149043981,42.23317351953346,20.202111576404505,28.353310058318343,10.207791395448224,13.492411432121465,1
1,42.14665552238681,42.32755816914053,19.279170673227764,19.055228857433764,8.897570738390593,23.091426664953044,1
1,39.55802981812568,39.22126877083612,21.290749593364616,27.34140364548498,6.747812700590227,12.216626172640701,1
1,39.2179377549645,39.37780112923522,12.379076579396106,22.77485884559735,8.154339509924,16.443078909367152,1
1,40.912840223302325,40.884583222212555,23.213061387983927,21.92709722343028,7.493986779215374,18.985742999872045,1
1,39.582110042434735,39.14226790730263,23.07765291617848,19.71651158717108,16.978540567408444,19.865598455263655,1
1,41.12281136308216,40.71028376960421,10.438709245518387,23.71452879947389,7.683206561510027,17.408282563608267,1
1,40.563799927106686,40.812413305875566,22.38725125847144,25.948336765553968,12.45178156785215,14.615463161552718,1
1,38.3295326505036,38.430688051404466,11.933048012101677,21.163993574441374,13.117271461345975,17.165539076062228,0
1,42.31175676172908,41.904493696839005,15.026782813887127,24.438287895124382,12.521873492503605,17.873468866604696,1
1,42.634640975024176,42.89608244946136,21.152623844374116,25.489693817329556,7.188677210591855,17.14494715769462,1
1,39.50337470237029,39.554665381958166,12.411398440724623,25.666827255229286,9.825580341006614,13.836547447141001,1
1,39.79598797208322,40.113764068224256,22.26950536178593,15.779491471967704,6.61524398955784,24.016496500115515,1
1,40.67162500794237,40.55683026331779,22.482012669366128,27.896217085276003,10.748038969155793,12.775407922666364,1
1,40.73479382698313,40.805009602228196,17.612016006412542,21.87379972147572,8.263187175259104,18.86099410550741,1
1,41.15610755447468,41.42851007019646,10.095788075752504,18.93624122544322,12.739590399412558,22.21986632903146,1
1,42.913265900396254,42.73098825910244,14.30557199762369,18.626467612195224,14.313700726189207,24.28679828820103,1
1,40.06996860425773,39.94203830645873,19.253903775636132,22.245211692659257,12.385438322456478,17.824756911598474,1
1,39.26221358210001,38.99358021526373,24.717792670411352,28.30247309203439,11.21084035933675,10.95974049006562,1
1,38.50688500358111,39.03459829019808,19.477202905250024,20.675213725239704,10.648001050280309,17.831671278341407,1
1,39.3497909480755,39.23003291038597,13.897053715962397,26.24588620175315,16.100301217164045,13.10390474632235,1
1,40.25693493526406,40.10838175228153,19.51008554649417,16.452280964808278,8.632416780783242,23.804653970455785,1
1,42.63292522257312,42.542873195741876,18.099780695737834,22.140850532265926,14.810620074346426,20.492074690307195,1
1,39.627105311252976,39.66099766315288,21.697680927267154,29.875292105891035,15.089787896881429,9.751813205361941,1
1,40.590924337130566,40.76754746366492,11.604709582404375,26.556567041885053,11.030400087248815,14.034357295245513,1
1,40.27865023510542,40.014736581387126,21.41541853753042,18.157927326609194,9.567607190707673,22.120722908496223,1
1,41.84491125548251,42.23982702315625,18.118998680141654,22.52162210546866,11.646497832551702,19.32328915001385,1
1,43.5850121536357,43.59196502836217,24.44488005788492,18.5043714547285,7.118567110712382,25.080640698907203,1
1,39.60987059520358,39.790852688728506,15.12808249058029,21.14341390893764,6.55116038674908,18.466456686265943,1
1,39.66372872472631,39.726389917151806,19.489328397009224,26.70126035602447,7.3392383934227015,12.962468368701842,1
1,41.65740914018979,41.74745302216515,23.980421582650262,26.568372229356054,8.245740377546714,15.089036910833737,1
1,41.1864589365142,41.13262795465171,11.53764591986019,18.421505668535776,12.050121844056516,22.764953267978424,1
1,42.70071952345684,42.82933320182141,24.05842730854677,28.833349772322904,16.189639633933467,13.867369751133936,1
1,41.05910664092375,41.24889181806822,20.318285834512203,23.8885227414724,8.827707983996245,17.17058389945135,1
1,39.83292028197682,39.87440908508456,11.01755588657758,20.698864364430218,17.221944128961336,19.1340559175466,1
1,41.0678512799,41.0597677303063,14.514453504202244,22.52903371171291,17.458894907220042,18.53881756818709,1
1,41.74131465475778,41.747391449587475,20.622581329679225,24.076068801566155,17.506855258142462,17.665245853191625,1
1,41.36662683555657,41.19281313617851,11.010259022031576,23.398357977686782,16.050752816115885,17.96826885786979,1
1,40.959456240439486,41.40163139573566,18.7325569026441,22.296075533042675,10.365900489572647,18.66338070739681,1
1,41.6866770964659,41.45940806350928,15.188245854294351,22.573992061341002,6.872206932031476,19.112685035124898,1
1,41.820084267579375,41.738830570748654,19.313732766512157,17.646178656418293,12.82582478119794,24.173905611161082,1
1,42.09680668834879,42.04247205148344,10.686130507187693,27.190993564570192,12.704177327246805,14.9058131237786,1
1,41.143322853866536,41.01498876160708,23.073052092285643,23.126404799115228,16.199709205315145,18.016918054751308,1
1,40.08274649558809,40.204270416595435,24.60233453766095,16.966197925570548,17.951892611353262,23.116548570017542,1
1,40.49072779236332,40.36806114781007,24.53316782928537,26.49235652374167,12.09788767872177,13.998371268621653,1
1,41.86846165646086,42.14810672259472,21.24477747614387,28.986659675660263,10.14244837247741,12.881801980800596,1
1,39.23798362771659,39.00632317209156,11.95129360195948,29.209603488554432,8.230820538675204,10.028380139162156,1
0,38.69671415301124,38.81571787211066,21.373947938935338,20.53526598616759,6.057597897808449,18.161448166843652,1
0,38.06173569882882,37.82373797517271,10.368803746882023,17.03275310341131,12.10936430986655,21.02898259541751,0
0,38.8476885381007,38.91779204480403,10.331853272934959,22.77599439949598,12.66622400043115,16.07169413860472,1
0,39.723029856408026,39.7664868924781,14.854153287243118,16.68913844023831,15.89926175780877,23.033891416169716,1
0,37.96584662527667,38.02792150977849,17.329647856069986,29.00981127768926,12.054923614713607,8.95603534758741,0
0,37.96586304305082,38.17797044471739,21.556111267116897,17.75369441032719,16.99762018399268,20.21216863272363,0
0,39.77921281550739,39.58966809680586,20.249430649097576,18.791487899267462,13.537001718857226,20.98772491623993,1
0,38.96743472915291,39.011203616773805,16.688540595651226,21.099547903274555,16.084034858653,17.867886825878358,1
0,37.73052561406505,37.594020263772904,14.104399994224988,20.747467028386886,7.779620817692965,16.983058585678165,0
0,38.74256004358597,38.74464045291226,24.956867502365668,26.919943385968335,16.264033563627777,11.822616657617633,1
0,37.73658230718754,37.56524198153388,16.392719533539594,21.844752308264436,14.10172625332618,15.891829998923104,0
0,37.73427024642975,37.4795078087996,16.770805364945133,17.561523900050055,8.042796389259966,20.172746346379697,0
0,38.441962271566034,38.36793481254167,12.454357317875038,19.00814843229111,8.27716269775213,19.433813839274922,0
0,36.286719755342205,36.8389063937775,21.92214323124894,22.63670077781283,17.118007428530657,13.650018977529374,0
0,36.47508216748697,36.482305529908864,20.40523338672233,17.211808761392025,6.386584325404474,19.263273406094942,0
0,37.63771247075903,38.06660131892248,13.311544191831405,24.174835134690213,11.550419319548473,13.462877336068814,0
0,37.18716887966558,37.25211032321386,11.23571568423764,23.486209598267187,9.761703479209219,13.70095928139839,0
0,38.51424733259528,38.49423572203413,20.207489531120697,25.720534745733865,13.980929279981137,12.793712586861417,0
0,37.29197592447879,37.567475446154475,19.81766821421703,29.065569230690514,16.075552650827902,8.226406693788277,0
0,36.78769629866471,36.97052945266786,14.098892904973141,28.683818416517333,10.324537458678835,8.10387788214738,0
0,39.66564876892156,39.506470925831735,24.262953433756156,29.191134271032467,11.122825047874047,10.47451449788909,1
0,37.974223699513466,38.070634128357156,12.265868376713502,18.670733955355516,17.78301341401697,19.30348974415795,0
0,38.26752820468793,38.22421216320328,16.48502201563903,16.97347959959032,15.406998116150433,21.294048605097608,0
0,36.77525181378655,36.243726795940425,24.154238802513984,19.53415050744673,16.766449571181496,17.241101306339818,0
0,37.65561727547482,37.912589779268046,16.295909753891834,28.426277591494717,11.265146647819556,9.2293396839801,0
0,38.31092258970987,38.64335358304518,19.57788921496128,29.580802119352324,8.808914447809382,8.730120470357544,1
0,37.0490064225777,37.51688100587154,15.963915969441913,27.88987426605714,10.942361584637421,9.159132156520556,0
0,38.57569801834568,38.5067978734647,14.113228035230051,16.650265816913155,14.593103013978162,21.92543220143253,1
0,37.5993613100812,37.606308640232825,24.759664719397424,29.2114199708969,7.313164858031752,8.387941339184302,0
0,37.90830625020673,38.129197036717905,16.140010094725646,21.35037041026179,9.245629267398106,16.55793583994494,0
0,37.5982933877706,37.798882765108516,23.411488055187014,15.139654361435305,6.559630805539085,22.458639026335298,0
0,40.05227818450894,40.44691275111022,13.449319088366293,21.635906111222905,11.188172860057579,18.416372073286038,1
0,38.18650277526207,38.194471699638946,13.19657056037625,15.691037545132014,15.929348831755359,22.49546523013006,0
0,37.1422890710441,37.074734649460666,10.46701124326767,23.158168817416765,6.295964259576129,13.984120253627331,0
0,39.02254491210319,38.79937351670756,19.775002380638277,20.07831041155577,14.103882321685992,18.944234500547424,1
0,36.97915635002898,37.20318780796871,15.527895155856417,22.101524003910733,17.189950494164876,14.877632346118247,0
0,38.40886359500476,38.06641955671083,22.965373747594555,24.197555411146755,8.843134338134188,14.211308183858005,0
0,36.24032987612023,36.47574386850186,17.098148600373356,28.032016437267302,14.323618088731777,8.208313438852926,0
0,36.87181395110157,36.94057181082337,24.522901418720828,24.92852364707893,17.701222813202406,11.943290304022643,0
0,38.396861235869125,38.427914135782615,12.782882735546817,21.510733027172712,17.54733672182956,16.886128208696412,0
0,38.93846657999541,38.96166865755956,23.02934751933416,27.291417805055474,8.81915031634972,11.64704877493994,1
0,38.37136828118997,38.891330143491224,21.648952791876127,28.583732063596983,7.203972638544824,9.78763621759299,1
0,38.08435171761176,38.24562880402814,21.563827669660782,16.79639949648296,7.779390454750992,21.2879522211288,0
0,37.89889630441071,37.696168042693664,22.671748421753314,22.97899466329187,14.424428021785706,14.919901641118841,0
0,36.72147800963258,36.70585856483091,21.415359864144982,19.267679396136664,14.709106505439307,17.453798613495913,0
0,37.48015579160529,37.13435265625477,19.39330482447123,15.70591796815421,14.090838739538388,21.77423782345108,0
0,37.73936122904021,37.85977439658632,11.968673165235813,25.02820042670978,10.032940652906857,12.711160802330433,0
0,39.25712222621892,38.97646750670489,10.487892692368778,27.941561661888386,8.037323277097466,11.315560564330532,1
0,38.543618289568464,38.86045168146271,23.8127177172353,17.44353981716091,12.969133103427037,21.100078472407553,1
0,36.43695984463727,36.80251036108513,19.249754717811072,27.18620486435851,11.804165349094397,9.250754980278764,0
0,38.5240839693948,38.35759251197557,21.948059364642646,27.800936003054126,14.74600976546764,10.723147966340676,0
0,37.81491771958369,37.73027914688003,17.22283527268825,28.715106639997252,11.296320944227457,9.099811079586438,0
0,37.523077999694046,37.528165789309675,11.759622834435916,18.979276336290788,10.06367633623762,18.543801663403258,0
0,38.81167628884087,39.11152563217721,11.877786883038256,28.55929597784834,9.521742928308173,10.252380310992532,1
0,39.23099952249596,39.721520469431624,20.283479308434572,19.809941321046484,8.537643840596958,19.421058201449473,1
0,39.1312801191162,38.77371943838534,16.45458842349194,23.285070201832543,9.188956514239937,15.846209917283655,1
0,37.360782476777366,37.33393910350013,13.00787090050505,15.757612062484231,7.137965266129216,21.603170414293135,0
0,37.89078762414879,37.83473426939575,17.373918201121555,15.658216325531154,10.162284131146674,22.23257129861764,0
0,38.531263431403566,38.09355521447213,10.96313405612701,25.805598190983044,6.438837748355498,12.725665240420522,0
0,39.17554512712236,39.14666240264267,18.72957102871598,21.667199669666864,8.236966165995922,17.508345457455498,1
0,37.72082576215471,37.789244914955695,14.034901066526466,18.844385630538262,14.96124533543315,18.876440131616448,0
0,38.014341023336186,37.83715038047701,21.96338650955782,17.856202440373654,9.905627864119472,20.158138582962533,0
0,37.09366502599397,36.85960558109689,14.655429383853606,25.04930236288827,14.018844203728126,12.044362663105701,0
0,37.00379337591933,37.85995181471696,16.828302236227017,15.006023160380098,14.602610107167328,21.997770215539234,0
0,39.0125258223942,39.12329305969638,10.174308098621509,27.088367537952813,12.974224112785363,11.92415828444139,1
0,39.556240028570826,39.55049004726441,11.086703316918383,16.188744091948934,17.50437289638478,23.367495936621893,1
0,38.12798987841967,37.77702124621102,15.887403346100271,17.87234422362179,6.257278399477359,20.255645654797878,0
0,39.203532897892025,39.21365163256411,17.199082520756853,20.793545929486342,14.863831807057705,18.409986968405683,1
0,38.56163602504764,38.50181695123407,19.000308221789556,22.272881095741553,17.505439727284895,16.288754929306087,1
0,37.55488024539488,36.91740058610233,14.374938680639548,20.324926737209125,16.34726075223527,17.22995350818575,0
0,38.561395605508416,38.28151454020188,20.424728291898138,19.81068247476441,8.01471230166016,18.750713130744007,0
0,39.73803656646597,39.90433007855122,22.901835957838067,29.458740181097827,9.921843675020785,10.279296385368145,1
0,38.16417396089005,38.58301043825079,21.69776483340025,24.623695218650916,8.069422078517585,13.54047874223913,1
0,39.76464365581401,39.93718804535591,10.594282380225357,15.351494330510823,13.21570036577645,24.413149325303188,1
0,35.58025489591026,35.90837889098668,17.207604208867433,21.452638626664697,14.546255783753907,14.12761626924556,0
0,39.02190250437523,38.87499895603072,11.573952676272622,28.125130496159553,9.804885232356698,10.896772008215674,1
0,38.287047068238174,38.30382525763073,13.630675237937911,19.52184279616002,12.474078887811546,18.765204272078154,0
0,37.90099264953413,37.98865323862707,24.799938899007195,16.418345171615822,14.29104684085434,21.48264747791831,0
0,38.291760776535504,38.68899382740921,12.1374331435227,26.375771573848766,11.05607779933258,11.915989202686738,1
0,36.21243108539911,36.56727834016767,17.483322301770343,24.09020747904122,16.24818636546551,12.122223606357892,0
0,37.98032811216249,37.81156249906082,19.27233601477179,23.55468761739756,15.258599223453805,14.42564049476493,0
0,38.55711257151175,38.65357081284711,20.53697455816156,15.80364839411112,6.775986526206848,22.75346417740063,1
0,39.67789404474152,39.76314011882454,18.39473025230371,17.10748514693276,13.453503589089948,22.57040889780876,1
0,37.681729781726354,37.66529407245443,10.146562711287755,24.33824094319671,8.823906611516996,13.343488838529645,0
0,37.39150639710682,37.35506113902494,14.896919623659878,18.117357621882537,12.690219176007304,19.27414877522428,0
0,37.69824295641546,37.7795115904302,17.76567465077067,22.561051196226366,17.482661311595596,15.137191760189097,0
0,39.11540211770208,39.354614197676476,11.3179974871725,23.173225290440904,16.548744054627,15.942176827261179,1
0,38.52875110965969,39.005979137167486,15.259403968137711,19.25260785406409,10.854196837381581,19.276143255595596,1
0,37.67023979623296,37.526188981335025,10.498046631870498,29.226377333122393,9.49816630013224,8.44386246311057,0
0,38.71326743311336,38.318904307179736,11.17867745732531,27.636961602533628,8.812868932899107,11.07630583057973,0
0,38.297077549348046,38.47331517908407,15.953849143023941,25.835602614491975,12.39017843707824,12.46147493485607,0
0,39.16864499053289,39.59064073603087,11.990736310645906,16.169907996141138,7.370981439096676,22.998736994391752,1
0,37.49794690612265,37.30726439768292,18.51311272392337,16.591950289635292,12.591300097538983,20.905996616487357,0
0,37.87233785340224,38.00086623849621,20.341974537058988,22.391720187974336,6.016003673889504,15.480617665427907,0
0,37.80789184686785,37.88071439809708,22.008800486636243,17.410700237864784,9.886195568950138,20.397191609003062,0
0,36.73648505186789,36.86260814437646,13.002253663672152,29.67398195294211,8.639211765966975,7.062503098925777,0
0,38.49612027706458,38.52097757191671,12.512238733886047,17.37780351041114,17.654625479529386,21.118316766653436,1
0,38.46105527217989,38.181503859744325,11.568517605016003,22.31201753195961,14.726907834839748,16.14903774022028,0
0,38.20511345664247,37.61630547317902,19.54645374315455,20.461815852622582,10.195840565546852,17.74329760401989,0
0,37.96541286662485,37.78327362942551,20.597135897303517,24.590796321811467,7.114141038367446,13.374616544813385,0
0,36.78462925794959,36.64451563093326,10.47379217238463,16.935546133341372,12.201607136287489,19.849083124608217,0
0,37.77935467723464,38.12836202863491,24.043183693655347,21.454746420635864,8.561374575912508,16.32460825659878,0
0,37.857285483473234,37.827035396063145,10.779569254772086,19.120575492107154,12.437154550780294,18.73670999136608,0
0,37.39772273077838,37.253469817039395,18.119445029516058,28.31627287007532,16.02434825014671,9.081449860703064,0
0,38.03871428833399,37.895129714543835,20.635907791763746,15.608785682020427,13.389510625216625,22.429928606313567,0
0,38.60405085681454,38.85035270071923,23.064536856191282,28.70591241009689,13.605461034540026,9.898138446717649,1
0,40.08618590121053,40.36004070337364,20.71130398198642,27.494912078295005,12.492363468753737,12.591273822915522,1
0,38.374577812831845,38.664291514027106,22.025921246046877,19.46356074661223,17.12718759157691,18.911017066219614,1
0,38.457550390722766,38.56528512143875,15.091752888142091,26.83935982015657,17.18283221304724,11.618190570566195,1
0,38.12555408423383,37.67625437275935,22.222376706197686,15.468203405081214,12.152678412882626,22.65735067915262,0
0,36.28122878470096,36.32397613396479,11.201722695770126,29.502983254400903,9.669113845722054,6.778245530300055,0
0,38.173486124550784,38.73680860688923,23.422249840907917,22.89892413884684,11.515044070553326,15.274561985703944,1
0,38.26023020994103,38.583606276872146,18.213885642306046,19.54921539098168,8.238694946347389,18.71101481895935,1
0,40.66324211248529,40.27649001448864,22.259466549437406,20.438748188920158,13.636131783817072,20.224493923565134,1
0,38.00763903521888,38.03203135758474,16.7847742677745,15.99608030190746,12.001108029386799,22.011558733311418,0
0,38.501547342333616,38.60127805831495,19.653665427947875,29.840242710630587,7.239605733759358,8.661304631703029,1
0,38.16528823029476,37.95528496658192,17.896039914041697,15.589379177260387,8.371773373435385,22.575909053034376,0
0,37.03132196238048,36.56141114522226,20.973842826329978,24.823606847217885,11.75558347439432,12.207715115162596,0
0,39.342822814515024,39.44687168867522,11.224449730458844,21.641038915596873,16.6510678886263,17.70178389891815,1
0,38.951933032686775,38.886130053817354,10.905281259858457,29.233743272830726,12.79668864757317,9.718189759856049,1
0,38.99103194704305,38.81048003116319,13.706548510152196,18.689996104601928,14.17842000250165,20.30103584244112,1
0,37.29061254520526,37.236149581127435,12.393170201697824,22.98130235907017,10.068342596926916,14.309310186135093,0
0,39.602794310936105,39.502117254970074,23.076753498883026,22.235343128741295,12.85693671653081,17.36745118219481,1
0,36.79814893720772,36.87565602671399,13.288209810370665,25.54299666075152,11.368557871656808,11.2551522764562,0
0,38.78685709380027,38.531838772165706,24.63797883728697,16.020153479286307,13.909558951477928,22.766703614513965,1
0,40.390455625809984,40.3967453043972,15.053436876566604,17.90683695035032,6.606906792948124,22.483618675459663,1
0,37.20946367486931,36.694252221588854,12.731768735330489,18.218472301392747,11.91960259486751,18.990991373476565,0
0,37.63370227039723,37.751421909419,21.845477607137187,26.072261322625344,9.551911501727604,11.561440947771885,0
0,38.29965136508764,37.47730335644079,19.880616632513142,17.8370804449011,9.914220735334911,20.46257092018654,0
0,37.6965243458838,37.75118098833308,17.472935746797084,23.602376458364652,17.531009178696735,14.09414788751915,0
0,36.64933656893387,37.014170741539886,18.330453264064467,18.228657307514304,8.192337752536593,18.420679261419565,0
0,38.26856297480603,38.01660500598992,20.78802667408396,27.924374251259678,9.734943030943164,10.344188723546353,0
0,37.1376962862739,37.426937745461245,13.426821119969482,29.13278181734458,12.118710908770462,8.004914468929321,0
0,38.67359243063518,39.09778084300693,24.94500874085113,22.777394624133606,16.356323377795484,15.896197806501576,1
0,37.2805757657662,36.5377229338949,24.62189743220175,20.284633263137675,11.000040998476445,16.995942502628527,0
0,39.74993440501754,39.6119130669979,19.754885295204055,18.510866625262487,14.926383370658053,21.239067779755054,1
0,37.41674670766377,36.734026279817236,12.993136763937176,15.746715022845656,16.276489178577627,21.670031684818113,0
0,37.87793848379432,37.8877799908563,20.20342363646937,19.02750114296243,9.720196269862187,18.85043734083189,0
0,39.01351721736968,39.021491706406565,11.082976134687637,24.81353669917977,10.71300220246452,14.19998051818991,1
0,36.96913568356605,36.2559659682429,10.459787533087091,23.004253969638164,10.278674684260276,13.964881713927888,0
0,38.42745993460413,38.906715046606294,13.865243327668205,29.160619174213913,15.994269703415053,9.266840760390217,1
0,39.507142754282434,39.61244672850099,16.939344351089744,20.94415893737551,6.532162343443214,18.562983816906925,1
0,36.59251676543877,36.39673639892059,23.024087581125706,25.40795013492592,9.70105306594416,11.184566630512855,0
0,38.384633858532304,38.64128127030299,20.90753604649462,22.33984121212682,14.15290269114156,16.044792646405483,1
0,38.45988279424843,38.118490854089096,21.140597817999716,22.688643238863175,12.785321994784113,15.771239555385254,0
0,38.98182287177731,38.54786708224751,16.382400016721128,19.016614719061764,11.235472311524331,19.965208152715547,1
0,36.96304928912192,36.54540590677896,15.189024888204443,21.824261652629996,12.479378726656613,15.138787636491923,0
0,36.87954338691573,37.20350580035847,15.565581444769041,22.061774955190607,8.37101502993982,14.81776843172512,0
0,38.7219415656169,38.83520289739013,24.814743456040866,25.59963782623401,11.168599459296125,13.122303739382893,1
0,38.49698467323319,38.547123200097666,10.601637871187236,29.109599987791707,12.020435810116188,9.387384685441486,1
0,38.45049285034588,38.580481446702095,23.00547244183673,19.939819162237562,16.81426946345522,18.51067368810832,1
0,38.54644820949698,38.734935943770246,18.6801311285859,15.633007028719476,9.130021953647717,22.913441180777504,1
0,37.51997527842151,37.64044458493993,16.579231287843857,22.444426882509596,16.41394202597919,15.075548395911916,0
0,38.43225369716101,38.5546646401421,20.878864906227047,23.16691998223753,13.730896809911783,15.265333714923479,1
0,38.49307247329868,38.45978713386417,17.300034121370544,17.52660826697873,6.244089972811212,20.96646420631995,0
0,37.48564858197364,37.26874424724687,23.10134857122491,26.406969094141,14.695576042792723,11.078679487832641,0
0,40.06577451114476,40.06180850698702,23.51052796016888,29.773936626622373,6.426622530588661,10.291837884522387,1
0,38.67383292091179,38.78650703395898,16.32581390310183,29.186620755126913,17.968573521765755,9.487212165784879,1
0,37.00869650279736,37.13634727534116,14.152416958525773,17.95659058235478,16.471640252294375,19.052105920442582,0
0,38.85655360863383,38.474956411211906,18.885254928900434,28.13044859851141,9.568124970480548,10.72610501012242,0
0,37.22531832977268,36.9754607636306,23.685450184250364,25.56740454617527,9.088934762360465,11.657913783597415,0
0,38.98708460374245,39.36553841234317,13.159932835084998,21.807698457103672,10.577292985267306,17.17938614663878,1
0,39.35859557900741,39.23512668068103,19.344498753452243,23.109164914870938,10.274003583773316,16.24943066413647,1
0,37.379317681648295,37.59804797900211,19.47340330138781,27.744002624736872,10.468053820624572,9.635315056911423,0
0,39.16337612924433,38.8223838072434,20.996695336229216,22.2020240945756,9.819318553433765,16.961352034668728,1
0,38.6127809269365,38.295215115707386,11.973515276908897,20.598110536576904,13.453600882179977,18.014670390359598,0
0,39.022060159994496,38.84081030083688,20.73737447023133,22.398712395389786,7.971163964647488,16.62334776460471,1
0,40.09679298265395,40.030504423515794,23.635487809984618,23.68694706052574,16.151775509352156,16.409845922128213,1
0,37.95461188399713,37.6573106815466,12.69524663305363,17.83616480667523,15.748829808375785,20.1184470773219,0
0,37.44626383564251,37.911891072367965,13.563149873858166,28.513615954004862,11.717798494263246,8.93264788163765,0
0,37.31048557037448,37.419097566140444,24.570926410624594,25.112804232444205,16.23275958334257,12.197681337930277,0
0,37.384189715034566,37.804007729919505,12.714654290642347,24.499033760062332,8.96574084036352,12.885155954972234,0
0,38.1228982905859,38.30806045285833,22.815776400543687,16.49244339270957,6.210785468447604,21.63045489787633,0
0,38.54115197481665,37.98749912741929,17.384167846720523,24.062609072588877,13.430495100357877,14.478542902227773,0
0,38.47669079933002,38.78548472053138,13.708466116047656,16.814409933577384,11.494912883576585,21.66228086575264,1
0,39.02718324903603,38.530556278976555,23.06124851908767,16.180465127930987,12.805974555550447,22.84671812110504,1
0,38.21300189187791,38.176722692522915,16.679578825039982,22.9096634346359,16.792072908220838,15.30333845724201,0
0,39.65353407715732,39.53166573591442,17.72226030894535,21.041783010697426,17.63910688279132,18.61175106645989,1
0,37.935343166762046,38.40934276758125,15.388500540996485,23.83215405234335,13.613437677067235,14.103189114418697,0
0,40.92016916658962,41.28929333983313,18.894262771523913,16.33833252085858,15.16866707822926,24.581836645731045,1
0,38.82566734776501,38.64828203245833,12.452858088775342,21.464745942708877,7.005701201845971,17.360921405056136,1
0,37.34284244358372,37.219025594194584,15.86622304977641,17.62180072567737,7.928587018698067,19.72104171790635,0
0,37.12910750193889,37.22154798968911,24.541184835029313,29.80650128886175,14.79845765943572,7.32260621307714,0
0,38.68247241524319,39.05266197450778,13.872001490516913,23.417253186527617,11.176385476656023,15.265219228715573,1
0,37.97653721467415,37.91750757668709,19.851049968119383,25.31155291411301,11.351583244852868,12.664984300561144,0
0,38.91400049409209,38.62094980631809,14.877850963370424,19.881274210239116,9.70329217962524,19.032726283852977,1
0,38.673237624573545,38.52863133022648,21.602096885299012,16.421083721690163,13.288276601732925,22.252153902883382,1
0,38.12717108734313,38.16289549646598,11.963104910775247,29.63806294175305,8.22198054499443,8.48910814559008,0
0,37.3532062819316,37.685648915754015,24.547315676178172,19.293885530747747,13.522995351766747,18.05932075118385,0
0,36.68515277531414,36.86914301777917,16.80684312075459,21.357122777603614,8.085586285622876,15.328029997710523,0
0,37.75348504793298,37.402016329395686,13.54075695019696,24.747958825538625,6.765912416516564,13.005526222394359,0
0,39.05639879432348,39.137036324277666,11.102451209950189,15.370459465291669,9.964292264388732,23.68593932903181,1
0,38.414093744130206,38.34276890433792,12.54636857631311,27.153886957759305,8.773684104118171,11.260206786370901,0
0,36.954261221288014,37.17561061719657,17.796609228340266,23.048672850429305,16.66789966267599,13.905588370858709,0
0,38.37318092585119,39.08661393755174,15.055047646469294,19.173257806032332,6.65944144642352,19.199923119818855,1
0,38.58531737972884,38.2926070417649,22.433250488239143,15.92411977938704,8.119364310889473,22.6611976003418,0
0,37.31614256379887,37.50050019014307,16.46331285492709,17.437476232116623,12.584635266996592,19.878666331682247,0
0,38.35372510594553,38.13259593693759,13.730714088814448,28.425507882801554,11.772806290169683,9.928217223143974,0
0,38.258208718446,38.27767709312769,19.25717479906045,25.290363359038366,6.5502242204964185,12.967845359407633,0
0,37.05702970216938,36.93001179340357,20.601658253281688,18.748525824553347,6.087029136181734,18.308503877616033,0
0,38.557787360348286,38.4521279082066,12.505628618514248,15.984011474175443,17.8568153035338,22.573775886172843,0
0,38.76078452636824,39.377126162513605,12.514288244324765,25.359229685799544,13.906016404306058,13.401554840568696,1
0,39.28305124317528,39.25131107288387,10.550071404003145,23.586115889516478,10.384873570818682,15.696935353658802,1
0,39.25380205203491,39.25145765706501,21.04603022598461,21.067792866873525,11.645186971958896,18.18600918516138,1
0,36.82233063204291,36.296366626097196,19.957067914327077,20.454171737850956,9.198601445451443,16.368158894191957,0
0,37.26217496008488,37.43398228688851,17.11946313624721,18.252214138936623,10.138485404318518,19.009960821148255,0
0,38.71503526720866,38.9796466492155,22.662556734537958,25.044168848062764,13.788533607218568,13.670866419145899,1
0,38.71378595091221,38.64351983666474,22.085052294250797,29.56002041690806,16.59374158640845,9.153765534004151,1
0,38.71504768630605,38.05891417049958,18.780315465951283,17.635728687552387,8.20956027697422,21.079318998753664,0
0,42.05273149065472,42.00834600559814,23.02406920769888,23.956749300232552,16.084338064623825,18.09598219042217,1
0,38.77089051069317,38.78909779331049,13.087618150551524,21.36277583618964,7.458679554219229,17.40811467450353,1
0,39.33556564018061,39.626397353390644,11.678794290965918,21.700330826169974,8.579906683060695,17.635234814010637,1
0,39.154001763493206,39.76950232638466,14.046244172754843,18.812209201917216,6.446103456595752,20.34179256157599,1
0,38.8513912513058,38.80098381492063,10.856302841339723,27.377023134921288,7.689742345115993,11.474368116384511,1
0,37.884730755359655,37.74176932750233,17.967542920015482,22.278834062208617,17.00763774556861,15.605896693151038,0
0,38.95896922049327,38.69479129773621,24.049085384424423,23.15108778297396,11.513264959420543,15.807881437519313,1
0,37.427174785462434,37.52342869046432,10.590153110027645,19.571413691959886,6.931990341340242,17.855761093502547,0
0,37.96318139326,38.138182984119965,11.831648710150402,17.727126985004247,17.516722056467536,20.236054408255754,0
0,37.7146364521709,37.46969075341566,16.782985424251528,16.28865582304231,16.547907693103802,21.425980629128592,0
0,38.281874139386325,38.554305703089014,24.008125262918576,25.71178711387374,15.056190250417695,12.570087025512585,1
0,40.51465856667351,40.65645188619746,14.742341574651258,17.943514225317834,17.201673503370692,22.571144341355676,1
0,36.33273480740826,36.357190957497345,17.608522130325888,25.351130312831966,8.64155305002917,10.981604494576292,0
0,38.886260190374514,38.65315482647437,10.623592885755881,20.855646690704308,16.036431516121034,18.030613499670206,1
0,36.58728412881035,36.47010702388125,12.225148014431333,21.236622014844773,14.279894356251674,15.35066211396558,0
0,37.72806813421057,37.30369870046887,24.799451844382702,22.037662441391575,16.437110994812258,15.690405692818992,0
0,39.28895059696737,39.4558749790247,24.476780446540683,20.515627621913147,15.562938788911557,18.77332297505422,1
0,38.264280019095466,38.22792560273329,10.074099714016144,16.50929965833885,10.1579407581219,21.754980360756615,0
0,37.1222552220707,37.10284418279966,24.277176781348587,19.644477150042686,15.292782444207067,17.477778072028013,0
0,37.48469629074003,37.56035187671673,19.586799067232505,24.956015410409076,9.149475635818684,12.528680880330956,0
0,38.87959774893468,38.90010587182373,23.01877441780033,24.986766022033066,9.943105956336659,13.892831726901612,1
0,37.469633368282864,37.4656530831312,16.82109783450789,19.293364608599916,7.294868606675713,18.176268759682948,0
0,38.41645858958198,38.32478768481308,17.733940428688754,21.90153939836532,17.220919391765626,16.51491919121666,0
0,38.24557183990382,37.85678633263857,17.3326987038538,17.901708420179062,9.49204036080338,20.343863419724755,0
0,37.54839965239419,37.41475535021642,20.002963863191567,18.155581222947536,12.247469582057422,19.392818429446653,0
0,40.343944089325326,40.397234349391205,12.094768821344694,15.345706326099112,10.695994037594312,24.998237763226214,1
0,38.833919022318014,38.77239041401108,10.449603848090169,28.45119824861617,17.519137447002016,10.382720773701845,1
0,36.1748574133424,36.394715200191015,14.618949123867864,18.160599976123592,10.020590051261788,18.01425743721881,0
0,38.38645431476943,38.272695934767626,20.5702114410497,18.41300815404695,15.342549857072267,19.97344616072248,0
0,37.53821353523161,37.48644782808259,13.027801781844225,19.194021489676977,16.26499385557416,18.344192045554635,0
0,39.05243333479623,39.06471103139655,20.101486499873758,16.911121075431435,11.227277969771592,22.141312259364792,1
0,37.4074792615673,37.68328845401823,24.548680691609057,24.588943247720444,10.538061773435174,12.81853601384686,0
0,38.08526355853311,38.19098284561869,11.408510736841276,16.127144297663797,14.972949851191537,21.95811926086931,0
0,38.70498727898046,38.98389570884084,20.089031773376895,17.013036394895252,16.954751763674807,21.69195088408521,1
0,39.06575519417012,38.52262919280919,16.656253289568568,24.671350898851394,15.059180796866858,14.39440429531873,1
0,36.99970359294423,37.17924072554223,23.02213381566258,20.09490930722164,8.725516387102388,16.904794285722588,0
0,37.86549876415906,38.155046260795864,12.657246841710789,25.619217400517837,16.659692969252465,12.24628136364122,0
0,37.725054688839045,37.59310903063958,20.389389283392468,23.36137117005213,10.650980009241998,14.363683518786914,0
0,37.54667076742629,37.669277459232624,22.571729344721653,18.840317595922695,12.914752941335212,18.706353171503597,0
0,39.9654542402811,39.76190064594128,24.16921329211035,24.76241925733992,15.977227431512532,15.203034982941176,1
0,38.60498171096096,38.126047158364855,20.24872042434469,16.74410520439321,8.260737208805907,21.860876506567752,0
1,39.09979678005582,38.915630754030396,17.45762146012641,23.046155746200455,15.414121628130637,16.053641033855364,1
1,38.542810012698766,38.3475422273946,19.267708603018207,21.55722157567552,13.15395357492813,16.985588437023246,0
1,39.03136477112947,38.96785517006191,23.033574767180774,19.018103742261612,16.720099701931296,20.013261028867856,1
1,41.66973433559019,41.48751940027126,18.559146199582443,24.0600749660925,8.063644822122516,17.60965936949769,1
1,39.06578144451847,38.91543996891917,10.455805895452553,28.07000388510424,11.048186844491141,10.995777559414233,1
1,43.72209668428861,43.780131436028434,23.964230432604666,29.98357049644615,15.99411711440205,13.73852618784246,1
1,40.94131327114516,40.847068467750795,20.342901265473415,24.116441531151366,6.230780441481122,16.824871739993796,1
1,40.540286960803336,40.6714352950805,20.147700786658696,21.070588114937554,7.346416401187714,19.469698845865782,1
1,39.18413488576442,39.432975147974055,13.235127285965758,18.378106503243025,17.886782553080817,20.806028382521397,1
1,41.21040284323168,41.72914846927259,19.883282053489857,18.856441340926676,9.364730143084206,22.353961502305,1
1,39.55167082589089,39.882465402622024,15.907966084812378,22.191824672246483,17.70651832468744,17.359846153644405,1
1,40.45861275903896,40.595926675846314,19.768494655622384,20.50916551921064,8.190378612104087,19.949447239828316,1
1,43.62810989974943,43.610342257285005,11.59889545461986,28.707217839374163,10.333133316088027,14.92089206037527,1
1,40.17512213035796,40.375804543881316,19.867679569045542,20.524432014835643,15.034433334042848,19.65069011552232,1
1,41.794055324171374,41.83518664906255,24.991205886559996,20.60166886718153,13.893340886858141,21.192386456989844,1
1,39.38587064733635,39.29397585850793,10.723180582908341,20.753017686509654,12.973468799148666,18.632852960826693,1
1,40.25451496235394,40.419605574755884,24.65761276331976,27.54930315551487,12.358790109660092,12.705211806839067,1
1,42.60204082632616,42.36190540149837,16.10361941084306,24.76182481270353,16.121285323976885,17.84021601362263,1
1,39.4849428248759,39.466299737961734,23.061301755058885,24.21253275478339,8.819382754000713,15.272410070092512,1
1,42.656183125396005,42.799902837313944,21.735782260874103,20.012145335757932,11.30965112392222,22.644037789638073,1
1,41.22007751609212,41.101851498780114,18.50524391480002,27.268562652486594,7.865427505877488,13.951514863605524,1
1,39.56879319133745,39.53539633663732,21.076738138769898,15.575457920335516,13.151299148768452,23.993335271001932,1
1,41.12213006077217,41.17550433931943,23.177733419520216,28.061957585071696,9.006533091255843,13.060172475700476,1
1,41.56432078451475,41.37847001202473,16.062104824765495,22.691248496908944,10.00610477212063,18.873072287605805,1
1,41.10835295088236,41.552209971816396,14.90549742344858,20.973753522951192,11.655008599482338,20.13459942793117,1
1,38.2587078641424,37.96033992631388,20.01390078345377,22.457509210765284,6.321247028437535,15.801198653377117,0
1,39.35472167142767,39.53991013633594,22.11768912911888,25.01123295800747,7.103255231050052,14.3434887134202,1
1,39.97822577378304,39.97846814881785,21.434277021649237,15.19148139776846,14.231150648498636,24.78674437601458,1
1,40.20323654216994,39.89541377722501,21.967204732879516,28.073277846873715,11.147639768610087,12.129958695296224,1
1,41.10687372681588,41.24639125696263,16.533749722193996,21.70109287967089,16.377482663998745,19.405780847144985,1
1,40.531011301213226,40.35884401763599,22.267513242625323,20.144497795501174,14.336064043730394,20.386513505712053,1
1,38.56405233367686,38.92341053212391,11.803135830559127,17.073683484510855,6.097211299767869,21.490368849166007,1
1,40.79425720630775,40.46726415507699,18.167336469412746,21.59198061537663,13.400547969205618,19.202276590931117,1
1,41.09376146886897,40.920441267445874,10.086379907471823,22.444841569265684,7.124698392716597,18.648919899603285,1
1,41.02772758231035,40.81156239666078,14.868787448504055,21.054700417402167,15.371198157485932,19.97302716490818,1
1,41.705014943221,41.25856078874077,15.496923023070968,25.179901407403456,17.89809225934202,16.525113535817546,1
1,41.38409880091357,41.869492416548894,15.942590374138831,21.31344793138839,12.374385530898138,20.07065086952518,1
1,40.896934102996966,41.10462989065841,20.432008100347932,29.4212636676986,14.193354002329563,11.475670435298365,1
1,40.20878457510376,40.32808669786117,15.828371519055185,23.98916276735388,8.84776993073702,16.219621807749885,1
1,38.14075078642921,38.043102647721774,16.73040433933796,27.112169034778635,11.251172925045523,11.028581751650574,0
1,40.85850368487236,41.22687729162686,13.563161963114911,16.640338546642184,16.273143986836605,24.218165138230177,1
1,40.56999399331204,40.35232504484649,15.598776874440102,20.959369394188585,8.009075372955014,19.610624599123454,1
1,40.65305248835399,40.89957827582634,13.409044408947272,20.05271552170729,9.186427267365145,20.6003369666467,1
1,38.6402268514336,38.47166211342361,11.097938856526655,23.542235822048877,11.345204103432362,15.097991029384726,0
1,38.89462649746925,38.79666637759263,19.05172890072067,27.916702800921385,14.546986702128168,10.977923696547862,1
1,41.66909870933277,41.75059941386856,20.023191978325244,16.1750732664301,10.510607457548087,25.49402544290267,1
1,40.24857829998635,40.25129102423463,19.292355190144217,16.088621970670662,17.132787357396047,24.159956329315687,1
1,41.18595090658441,41.33796187502109,16.952410657008585,27.754765622363983,7.13348461522463,13.431185284220426,1
1,40.3368138889696,39.994457989675404,15.696786702688447,18.192751290575362,10.44965037053817,22.14406259839424,1
1,40.33868298134447,40.31974960946602,22.95000474357738,25.031298816747206,14.507449481141062,15.307384164597263,1
1,41.5197689477688,41.5548546241167,17.78622677704327,23.143171985412078,8.71184118793791,18.376596962356725,1
1,39.62914185331741,39.48005276861353,17.187728164445964,27.493403923308442,13.876957610756076,12.135737930008965,1
1,40.42495701002328,40.98498933081963,10.384630987096536,16.876333647546055,7.970603498728151,23.548623362477223,1
1,39.69904212468344,39.06442604411328,15.118717414392346,16.94674448583917,6.671763418340237,22.75229763884427,1
1,39.73515490433799,39.573181796766605,15.702934281787856,23.352275404174613,7.452188600983787,16.382879500163376,1
1,39.89807623949076,39.926434561597,15.982341713453508,29.195679800375565,17.159817397609615,10.702396439115198,1
1,40.58877390312382,39.87020026899551,18.702585538409984,21.224966375561316,12.621010595274615,19.363807527562507,1
1,39.67762679183748,39.24076694796944,18.004038200903175,19.904131503820423,15.556149305755788,19.77349528801706,1
1,41.932482963245576,42.127197281216255,19.11857639190167,24.100339847968286,9.991854010860614,17.83214311527729,1
1,39.137010507114645,39.3083461679346,21.473248923131926,28.956729008175465,13.11190377462536,10.18028149893918,1
1,40.05706686259023,40.41956866005865,22.1947860807414,27.553917492669356,11.939425604459899,12.503149369920877,1
1,39.72834962424357,40.140541966712014,20.77184614339742,29.932254160998298,17.348855512827527,9.796095463245273,1
1,42.18107124965985,42.15729177001571,24.33285543932402,15.338528748035657,14.970895632649324,26.842542501624195,1
1,40.55552120946504,40.646457022634465,10.273488740145424,16.692872170691434,14.766511577958948,23.862649038773608,1
1,41.641397901309226,41.706863868396006,12.93666978525319,24.14201645049933,6.556239233211354,17.499381450809896,1
1,38.36877151505193,37.741530827279945,10.113443124672132,27.308646590007747,12.596036028044292,11.060124925044185,0
1,40.64716534563004,40.28577067892319,19.712120712319045,19.278665134601496,11.603897446821778,21.368500211028547,1
1,41.45652003431047,41.671294669435895,23.470458234249804,18.58816632051328,17.134107199274332,22.86835371379719,1
1,40.40696918605805,40.62556290407426,13.652234448644489,26.804636990718013,9.088103858274387,13.602332195340036,1
1,41.68512448758496,41.933234177537614,23.9055181719446,15.845727807798474,9.238001439493132,25.839396679786482,1
1,39.62752501486951,39.51567408229009,10.904010854343413,20.540739713738777,10.936154986578005,19.086785301130735,1
1,42.13215167224125,42.379302893288916,24.016540402082715,22.587138338884948,8.920436560876512,19.5450133333563,1
1,43.28856756070502,43.55275815907796,15.274340308594516,23.405230115254852,7.550207013704994,19.883337445450167,1
1,39.82830987142844,40.21256618118486,11.521312426738248,25.929227351891655,16.28897815980961,13.899082519536783,1
1,39.72084672217899,40.11741851318832,17.288076387794884,20.322685851459873,12.69931829284699,19.398160870719117,1
1,42.18939982025301,42.14647787863905,13.85164851580762,24.19026517011911,16.336352627478803,17.9991346501339,1
1,42.353443789449926,42.549754949265086,14.273093529428841,23.780631341864343,15.97361718484435,18.572812447585584,1
1,39.62028196470075,39.65428606792155,14.609349473894298,23.214241509806207,9.384508257476053,16.406040454894544,1
1,39.75375713777538,39.823142004822934,22.04538846748995,24.60724939713318,12.572849331891288,15.1465077406422,1
1,39.93368000848134,39.94886609947183,18.087419150128817,18.891737566021146,6.9986124328808454,21.041942442460194,1
1,38.55221433565544,38.44984214956985,14.669615487340055,16.269731303769433,16.9830226083691,22.28248303188601,0
1,39.10575246957054,38.98568739935523,19.155006749663777,16.789075080596152,10.851152580781838,22.316677388974387,1
1,38.99461700322231,39.07305011408153,20.742260113347903,18.368735739808514,10.724114206668256,20.625881263413795,1
1,39.30186316536463,39.639976247737266,14.089360011003006,22.50296903284178,9.633064447415439,16.79889413252285,1
1,40.25490964639718,40.119146869934475,16.203236522880275,27.6066412581903,11.527964936528445,12.64826838820688,1
1,40.60447915229747,40.81584479894939,11.828291400054214,25.51940013132576,9.021112638545377,15.085079020971712,1
1,42.3156506406583,42.545315127495755,12.717240243020205,26.83560906303071,10.498227273561655,15.480041577627588,1
1,39.00213974703957,38.87788292512887,20.216767809474742,20.26463435889137,15.599364583018582,18.7375053881482,1
1,41.57961911801956,41.951441551002176,12.721575215434404,21.069806124728252,16.011066043022062,20.509812993291305,1
1,40.02181450250684,39.87275817368113,17.877450755005903,20.905228289859192,9.650189731542193,19.11658621264765,1
1,40.23569717745183,40.61697521787146,20.63569392583649,17.878097766067523,11.628173166633456,22.35759941138431,1
1,41.17726533981658,41.17265400102277,11.603153846421158,15.91824987215358,16.485837315360627,25.259015467662998,1
1,38.840461371969006,38.82909006886073,18.509683294433554,23.8637413924084,6.632079981956366,14.976719979560606,1
1,40.79713267003926,40.62129399798953,13.848441755520456,29.838250251308793,16.669739543949426,10.958882418730468,1
1,40.51638787067697,40.41998043540597,24.443903128563697,17.502445574253944,8.63021214782798,23.01394229642303,1
1,40.94018664321059,40.81439782161209,17.25318470079887,15.700272298489107,14.142470930572511,25.23991434472148,1
1,40.67591923708016,40.44645619818113,22.08988824662737,26.692975227358993,12.990620356615203,13.982944009721166,1
1,43.49189018188416,43.44968967919783,18.253398132343925,18.788790100270862,12.635288978271024,24.703100081613297,1
1,39.47093802047328,39.16044274335765,10.651187992822287,27.444657080293926,16.312322697033856,12.026280940179351,1
1,39.60970395849763,39.81552759995586,19.497270633910336,25.559050005517733,7.218865723735935,14.0506539529799,1
1,39.4899173156478,39.926519175553906,24.271050133099855,29.18510305576207,10.164336303907632,10.304814259885731,1
1,39.577879745091664,39.1309287317092,19.024177302194968,21.13390853635008,12.459032956137188,18.443971208741583,1
1,39.471396734501525,39.98056361926593,22.287832891401855,24.929547591759512,15.735466247352477,14.541849142742013,1
1,41.84572149043981,41.884217426302406,23.263096950226117,21.97282171219906,8.597317000940059,19.872899778240747,1
1,42.14665552238681,41.82432935632298,13.421196579233987,24.458830459628153,15.635158096491315,17.687825062758655,1
1,39.55802981812568,39.58604813127907,13.1806725986234,21.74398359011606,10.795661789927228,17.814046228009623,1
1,39.2179377549645,39.05736413042911,19.164714832764876,17.829483696361123,8.266966277204345,21.38845405860338,1
1,40.912840223302325,41.05905231007959,16.16542704710057,22.618461240050713,15.107837285321791,18.29437898325161,1
1,39.582110042434735,39.33656989582751,22.597919543000806,22.928763021561636,7.090786817694574,16.6533470208731,1
1,41.12281136308216,41.00272753820878,23.500346850970168,27.159057723902414,12.177208488905315,13.963753639179743,1
1,40.563799927106686,40.791737515304774,15.301320689540772,26.032810586903718,6.766509406342661,14.530989340202968,1
1,38.3295326505036,38.240345005127026,13.55305838461723,24.956874359121663,10.27701426189345,13.372658291381939,0
1,42.31175676172908,41.86639354853369,21.70788272865793,16.700806433288587,13.212921588076712,25.61095032844049,1
1,42.634640975024176,42.89352604512035,14.122090533222043,25.809244359955727,12.673386497846558,16.82539661506845,1
1,39.50337470237029,39.05996338123746,22.339214777705173,22.50457734531772,10.855865014855999,16.998797357052567,1
1,39.79598797208322,39.532708055667264,16.356073804731444,28.411493041592387,11.148575927665387,11.384494930490831,1
1,40.67162500794237,40.98961548790434,20.013248489372057,28.79806401195814,8.721234640209198,11.873560995984228,1
1,40.73479382698313,40.31338120912779,11.433029707520022,15.827348859026781,11.470591061089234,24.907444967956348,1
1,41.15610755447468,40.541523012757466,19.357889870148597,27.309623405317183,17.43905826865001,13.846484149157497,1
1,42.913265900396254,42.95547631314928,16.776515181058436,15.56546085634006,16.205435013405484,27.347805044056194,1
1,40.06996860425773,39.9759396449166,18.79912694763211,20.50754438542534,7.742794428916126,19.56242421883239,1
1,39.26221358210001,39.15492400292547,12.52021311617295,23.134499634316185,6.357369447851051,16.127713947783825,1
1,38.50688500358111,38.54222790416475,21.053106174162732,17.221511979406912,17.202291752599567,21.2853730241742,1
1,39.3497909480755,39.470442342491715,22.941956163148426,26.19470718853615,12.320996998568972,13.155083759539352,1
1,40.25693493526406,40.018997435499344,13.251097001361636,15.125320562582079,12.454053877791694,25.131614372681984,1
1,42.63292522257312,42.97976811418792,11.435718332802425,17.52898572651055,15.368615948478269,25.10393949606257,1
1,39.627105311252976,39.15030438041758,10.354578790695045,23.711952447802133,9.776267686455919,15.915152863450842,1
1,40.590924337130566,40.57427349255552,19.62957250664899,25.715813430559386,11.782890826032027,14.87511090657118,1
1,40.27865023510542,40.450002827676734,19.106410541331712,28.74964654040874,17.62395495776085,11.529003694696677,1
1,41.84491125548251,41.59534040176784,18.20046119071105,25.582449779019356,14.065784243188887,16.26246147646315,1
1,43.5850121536357,43.45938648756942,13.479206441739631,25.07668905382299,7.844940383949432,18.508323099812714,1
1,39.60987059520358,39.93267906243792,15.86358993858272,20.915117195259967,7.59872097581224,18.694753399943615,1
1,39.66372872472631,39.45984586893679,18.917145027792596,15.019266382902021,8.451177099996064,24.64446234182429,1
1,41.65740914018979,41.52558088895172,17.45150288288754,16.80238888103433,15.20054009304861,24.855020259155463,1
1,41.1864589365142,41.27585345462928,24.81678280322331,23.01831817134059,9.544524046087393,18.16814076517361,1
1,42.70071952345684,42.838984413698675,12.046596288350997,25.126948287666295,6.256666160100957,17.573771235790545,1
1,41.05910664092375,40.46990620593243,20.427168310713906,21.26172425844694,17.330092362067944,19.797382382476812,1
1,39.83292028197682,40.372318518616595,16.06478152156438,25.960185172925854,8.036560996738928,13.872735109050964,1
1,41.0678512799,40.95737652456014,16.42299422388422,22.827934429982683,6.1146982337768225,18.239916849917314,1
1,41.74131465475778,41.63109885652868,20.763966484872643,16.11264293391468,8.845579228599876,25.628671720843098,1
1,41.36662683555657,41.596958049883845,20.386542269865544,17.880243764519232,8.820345445417605,23.48638307103734,1
1,40.959456240439486,41.09920021321073,24.868839905532823,27.599973348659145,11.064063010148676,13.359482891780342,1
1,41.6866770964659,42.23301047040507,11.925914341811879,25.87369119936659,17.044677978000443,15.81298589709931,1
1,41.820084267579375,41.412628561558506,11.561644740762496,28.421429805187422,16.550219013349174,13.398654462391953,1
1,42.09680668834879,42.22589313010549,20.865082256931117,16.763358736814048,11.482734659789134,25.333447951534744,1
1,41.143322853866536,41.38117329584619,18.675803755096137,29.853338019226108,10.930798859901678,11.289984834640428,1
1,40.08274649558809,40.014871194326005,14.112409998397087,18.141100709249002,12.660109037698215,21.941645786339087,1
1,40.49072779236332,40.538586414845604,11.191290534834799,15.17669814429963,8.92144814366119,25.314029648063695,1
1,41.86846165646086,42.08030924731358,11.284873743946457,29.96134408580331,6.626219903596354,11.907117570657547,1
1,39.23798362771659,38.98627113374659,23.412863119961774,19.216108281676696,17.27068963405448,20.02187534603989,1
0,38.69671415301124,38.9798376656985,12.878009870781144,25.0202917876884,8.240387818526074,13.676422365322843,1
0,38.06173569882882,37.53879812229884,14.850573431732812,17.65023471264458,8.380808750948596,20.41150098618424,0
0,38.8476885381007,38.4903725761361,13.39984603340482,23.703427982987126,11.669523946247372,15.144260555113572,0
0,39.723029856408026,39.61151580162545,15.32494458747906,28.560524796818388,11.899360138083969,11.162505059589638,1
0,37.96584662527667,38.461578259908585,11.0413576411914,19.80271751142658,6.221210516408903,18.16312911385009,0
0,37.96586304305082,37.839569522874676,17.785896863624053,25.05380964066539,7.775456865287648,12.912053402385428,0
0,39.77921281550739,39.81745156934419,11.014188453883223,17.818553831976246,10.5378578227289,21.960658983531147,1
0,38.96743472915291,39.30502455215375,22.005347617335424,24.37193098078088,14.20476832212647,14.595503748372032,1
0,37.73052561406505,37.6796259577819,13.505681228656496,20.04675527726265,8.74102148198323,17.6837703368024,0
0,38.74256004358597,38.37465500896945,18.100178719067657,18.168123878819276,11.076173354901151,20.57443616476669,0
0,37.73658230718754,37.66241815391557,23.20118631342187,19.697730760554528,12.688140776597603,18.038851546633012,0
0,37.73427024642975,38.17853907177907,19.76316053570791,17.68261602761699,16.663109935479504,20.05165421881276,0
0,38.441962271566034,38.391770067059454,17.99436679827003,28.528741617568244,9.912846027925479,9.91322065399779,0
0,36.286719755342205,36.69233757364195,14.865006296730634,20.957803294756932,7.602699190361802,15.328916460585273,0
0,36.47508216748697,36.63056648340307,14.995028695872968,18.67918957461551,11.871266710771298,17.795892592871457,0
0,37.63771247075903,37.48619105907809,20.04230432797285,21.726117615238994,14.960659220208745,15.911594855520033,0
0,37.18716887966558,37.34153565998322,24.91209041831751,19.808042502097432,7.318317084632801,17.379126377568145,0
0,38.51424733259528,38.2306696895424,19.92758784774068,26.16628880719989,11.096201900363525,12.347958525395391,0
0,37.29197592447879,37.10345361057374,18.366751260550373,29.568298678282417,6.213421695149801,7.723677246196374,0
0,36.78769629866471,37.80743596119628,20.959757653588692,21.5705048504647,6.402710179767014,15.217191448200012,0
0,39.66564876892156,39.916675992003334,16.97808418425577,27.915500999583607,11.795440358599986,11.75014776933795,1
0,37.974223699513466,38.212096431172846,10.902135139011778,23.487946103394293,9.578367577811154,14.486277596119173,0
0,38.26752820468793,38.20113172018869,18.434452238168646,17.3585349764135,16.141287588064948,20.908993228274426,0
0,36.77525181378655,37.137125270950236,24.364379267580702,25.359341131220123,13.22585167351745,11.415910682566423,0
0,37.65561727547482,38.0183878603449,12.629544135364895,22.701517456887302,11.447195540915885,14.954099818587515,0
0,38.31092258970987,38.68192721720975,20.350073362309985,24.75909784878155,10.895224452651556,13.551824740928318,1
0,37.0490064225777,37.5132375104914,13.014005329885848,28.345311188574975,11.96694576227476,8.703695234002723,0
0,38.57569801834568,38.26714785152127,18.03741526709622,21.60651855984069,6.485265974551936,16.969179458504993,0
0,37.5993613100812,37.23185868521392,11.450146744700794,28.517664348260332,16.71352027704792,9.081696961820867,0
0,37.90830625020673,37.769919718286204,16.755564043872777,26.26003521422482,17.9796378688075,11.648271035981907,0
0,37.5982933877706,37.34136740889464,21.34244993342869,22.329073888169773,8.177845498304384,15.26921949960083,0
0,40.05227818450894,40.167613343721044,15.21357286358473,24.048332034869453,7.444595577295437,16.00394614963949,1
0,38.18650277526207,38.120930264097716,19.97367586730827,19.88371698778517,7.722929561383143,18.3027857874769,0
0,37.1422890710441,37.541968324031345,21.93174941184594,29.753959496081613,13.932324698812405,7.3883295749624835,0
0,39.02254491210319,39.53991786043395,23.90766729219179,25.01026744575594,13.937290061409296,14.012277466347253,1
0,36.97915635002898,37.05473837770041,13.519631227831804,15.657702787449448,16.17508994734093,21.32145356257953,0
0,38.40886359500476,38.96080537131024,15.989738737139621,19.899328586220133,15.02191666111504,18.509535008784628,1
0,36.24032987612023,36.625202267948914,12.28624019995626,24.34971650638586,11.396276080432077,11.890613369734368,0
0,36.87181395110157,36.8332400066641,24.887252532375626,15.844999166988597,13.354264338783826,21.026814784112975,0
0,38.396861235869125,37.91713389704171,23.90501451886443,15.358262869787142,14.259416044416096,23.038598366081985,0
0,38.93846657999541,38.88599709125666,18.099356954208396,21.75036359291704,12.152837643422702,17.188102987078373,1
0,38.37136828118997,38.28007717843688,22.63049941564632,19.99035269539005,11.70781181341964,18.381015585799922,0
0,38.08435171761176,38.20740416703602,17.814369659080633,21.57447912049749,13.741169347711839,16.50987259711427,0
0,37.89889630441071,37.7884768028144,19.353785320041396,18.940399648200078,12.689694587707844,18.958496656210635,0
0,36.72147800963258,36.68023387036685,11.336866481740248,17.470766204144713,13.727307664030924,19.250711805487864,0
0,37.48015579160529,37.61730279716236,21.32905630745212,25.337150354705066,13.354257287560365,12.143005436900225,0
0,37.73936122904021,37.618251466047866,11.915702254528522,22.718566744017007,14.630358726163855,15.020794485023206,0
0,39.25712222621892,39.37598149465008,22.391014453787925,18.002313168740503,13.713642105394513,21.254809057478415,1
0,38.543618289568464,38.521649268848805,21.73042131505579,19.793841393899974,12.236909837247207,18.74977689566849,1
0,36.43695984463727,36.5889830510804,20.631170466144646,23.87711861494989,14.181561735412638,12.559841229687382,0
0,38.5240839693948,38.8913324782073,10.542405707871431,16.083440224087166,11.393783582225137,22.440643745307636,1
0,37.81491771958369,37.602305638888055,14.546925339179928,17.21179513899269,8.900054711671213,20.603122580591,0
0,37.523077999694046,37.631210527507115,13.946688548662642,16.09868406161085,6.0170186416069855,21.424393938083195,0
0,38.81167628884087,38.92252192007431,15.402046112072785,27.184759990711783,12.71956976575012,11.626916298129089,1
0,39.23099952249596,39.16971089201456,11.314641201457578,26.286138498180136,13.087862719303692,12.94486102431582,1
0,39.1312801191162,39.209602448174486,24.05436734546594,26.299693978188856,17.664587577308573,12.831586140927342,1
0,37.360782476777366,37.11404095878288,18.307033610685643,25.74488015214042,10.337740009131306,11.615902324636945,0
0,37.89078762414879,37.71967374915961,14.582864659870353,25.04078135504804,10.729598913939741,12.850006269100753,0
0,38.531263431403566,38.222760970154624,15.95472275611425,22.154878730672625,8.421594976106283,16.37638470073094,0
0,39.17554512712236,39.44292662037915,16.708038107572534,24.634172452606727,6.8464115428478625,14.541372674515635,1
0,37.72082576215471,37.63539661342544,19.00891500040926,15.57542332181962,15.273653914340887,22.14540244033509,0
0,38.014341023336186,38.145424269281186,17.735191415447467,24.32196633985177,8.996172772071901,13.692374683484417,0
0,37.09366502599397,37.52665467533557,23.79087959821626,26.66816558305316,13.306858332360456,10.425499442940811,0
0,37.00379337591933,37.07995699675387,17.454452243587454,22.505375405765854,14.253276426545778,14.498417970153476,0
0,39.0125258223942,39.25709840058873,24.882370222349692,20.362699926408553,11.654840247499772,18.64982589598565,1
0,39.556240028570826,39.80670879182389,22.77137436617644,19.161401022014687,16.5162253563263,20.39483900655614,1
0,38.12798987841967,38.52286375398055,13.127657715360037,24.64203075243124,11.325538091756744,13.48595912598843,1
0,39.203532897892025,39.156863856164414,23.958928219658745,25.39201797944863,9.418903476501182,13.811514918443393,1
0,38.56163602504764,38.71548388801649,11.74549596828214,28.06451399793814,16.75218627553947,10.497122027109501,1
0,37.55488024539488,37.158919910104686,22.261745627367873,20.13501123691486,16.338771410999477,17.419869008480017,0
0,38.561395605508416,38.46762732311373,15.709349402148701,26.546584610783782,7.968479364916956,12.014810994724634,0
0,39.73803656646597,39.63263730109728,23.169614806676044,23.42033736284007,6.311532220247051,16.317699203625903,1
0,38.16417396089005,38.65405962111863,23.020850351611756,28.242547360171187,7.079826676195449,9.92162660071886,1
0,39.76464365581401,39.65666254700452,22.088881001764317,22.917181624434313,9.438568782645804,16.8474620313797,1
0,35.58025489591026,35.21788442059225,21.85045654460592,22.764447425969507,17.667117620900527,12.81580746994075,0
0,39.02190250437523,38.73065475022709,14.570187086470611,23.668156221613636,12.7021938379299,15.353746282761591,1
0,38.287047068238174,38.45008215738291,11.213789245768783,26.239730327136517,10.479140784351227,12.047316741101657,0
0,37.90099264953413,38.08423714254059,16.04470268147742,29.470357182426916,16.664593135352955,8.430635467107216,0
0,38.291760776535504,38.511172397494114,12.60286772479763,16.103450313236486,11.437635977741996,22.18831046329902,1
0,36.21243108539911,36.41358784771308,20.424266333536927,15.801519035865258,9.782863540812254,20.410912049533852,0
0,37.98032811216249,37.66749395951112,15.191495898066783,29.063255061110077,17.294634344947887,8.917073051052412,0
0,38.55711257151175,38.216414924937816,24.63415301289872,22.94813438277309,16.194211994312134,15.60897818873866,0
0,39.67789404474152,40.10621163825197,19.61458116017998,24.223545218504043,16.124020505033293,15.454348826237478,1
0,37.681729781726354,37.74210916780863,22.337208454515412,22.23635402392093,12.147416916602557,15.445375757805422,0
0,37.39150639710682,37.7087611056871,11.987870091127727,16.40486178911212,15.47326078578546,20.986644607994698,0
0,37.69824295641546,37.54782927458976,22.93021723408934,26.521340676279998,8.152240311174623,11.176902280135465,0
0,39.11540211770208,38.970333042589374,23.841357857700913,26.208369676328804,12.878675490674924,12.907032441373278,1
0,38.52875110965969,38.542595601420864,17.305928782284038,19.675549822392178,17.80615107417055,18.85320128726751,1
0,37.67023979623296,37.423251290572594,19.093794066264664,19.593588678426006,9.49150116621554,18.076651117806957,0
0,38.71326743311336,38.69945903429134,21.472147013544934,27.567620713582777,15.532227950972102,11.145646719530582,1
0,38.297077549348046,38.31131712907104,12.622579408906187,16.0853588661199,11.885740886496807,22.211718683228145,0
0,39.16864499053289,39.19426738219721,17.538491146951635,28.216577225348487,6.477668198665048,10.952067765184403,1
0,37.49794690612265,37.04920059721249,15.979945416584696,18.849925348438717,15.156232773788009,18.648021557683933,0
0,37.87233785340224,37.84884183026934,12.195609882433736,23.89477121633241,8.022829732705354,13.977566637069835,0
0,37.80789184686785,37.48768069851979,15.51301633437297,29.039912685026664,13.577682805593001,8.767979161841183,0
0,36.73648505186789,36.5586252998156,11.022584640782403,25.171837523049696,7.027970328563675,11.564647528818192,0
0,38.49612027706458,38.550268422503954,10.387178604242305,21.21644718700555,17.36240876995158,17.279673090059028,1
0,38.46105527217989,38.31725589493135,12.027494337322342,25.343013133581227,9.500686646164331,13.118042138598664,0
0,38.20511345664247,38.49872244364204,24.44672667383761,20.159694544745552,8.717576300128739,18.04541891189692,0
0,37.96541286662485,38.2667289900381,18.242943038425253,19.158876245237792,7.549636848796012,18.80653662138706,0
0,36.78462925794959,37.16039800664784,24.487332417298298,29.950249169020196,17.352026320068575,6.834380088929393,0
0,37.77935467723464,37.50990517225843,16.487468174951978,26.261853467696817,14.542844909295662,11.517501209537826,0
0,37.857285483473234,37.58263360271418,14.677241996278894,24.670799660727262,14.899930664617063,13.186485822745972,0
0,37.39772273077838,37.37736524281368,17.59212794260366,20.329344648289783,11.992854736562935,17.0683780824886,0
0,38.03871428833399,37.85410070050139,16.59267532949365,15.737412437325723,11.696733423245801,22.30130185100827,0
0,38.60405085681454,38.43627317487578,11.58497026392616,15.465853140527335,7.32025491589772,23.138197716287202,0
0,40.08618590121053,39.65349824934614,19.612394720353095,23.31271883173198,12.7180931470079,16.773467069478546,1
0,38.374577812831845,38.388556073475314,13.240572737643994,26.430490815585767,8.962997941305485,11.944086997246078,0
0,38.457550390722766,38.49551449714674,19.293819323467446,23.060687856657825,17.72574399360487,15.39686253406494,0
0,38.12555408423383,38.399105791367305,19.753016385972302,27.611776079086717,15.558971280181769,10.513778005147117,0
0,36.28122878470096,36.49598881602881,12.280372796929722,15.501397996398325,10.955904722314651,20.779830788302633,0
0,38.173486124550784,38.53598975082889,10.920244406660021,20.5012811463891,7.816095104298396,17.672204978161684,1
0,38.26023020994103,37.9715515530591,21.711423791026597,18.55605586761267,15.423980293665409,19.704174342328358,0
0,40.66324211248529,40.88632724382114,16.8970063565398,21.70909452235683,7.464645204975792,18.954147590128464,1
0,38.00763903521888,37.77131483281671,10.872456932582137,16.08564589791184,8.272005041964846,21.92199313730704,0
0,38.501547342333616,38.20550420301147,24.922994757546505,29.311974623566087,8.53824621293073,9.18957271876753,0
0,38.16528823029476,38.01320935187168,10.8667084149455,18.348831016040414,12.682687659277132,19.81645721425435,0
0,37.03132196238048,37.18932306694197,20.4255284328783,28.83461663225377,15.444679847884395,8.196705330126711,0
0,39.342822814515024,39.208892821395594,24.755183878951204,21.388397325550226,9.771778544696307,17.954425488964798,1
0,38.951933032686775,39.381737104009375,13.587701563238884,29.78286199882827,7.016037771303473,9.169071033858504,1
0,38.99103194704305,39.11351299398478,12.133740530307943,23.31087575190316,11.574461562293031,15.680156195139887,1
0,37.29061254520526,37.2483000562989,11.820774091336434,28.962492962637114,14.977322893919226,8.32811958256815,0
0,39.602794310936105,39.93935812135669,14.549127213513934,15.080234830413342,8.65996611704866,24.522559480522762,1
0,36.79814893720772,36.89021134325829,11.5156871651597,26.2235820927135,8.639094576472491,10.574566844494221,0
0,38.78685709380027,38.5716339216277,20.38242012541198,28.54575979653773,17.36672432816053,10.241097297262542,1
0,40.390455625809984,40.96323353196252,10.93437697195094,17.09580850468431,17.449844725430133,23.294647121125674,1
0,37.20946367486931,37.24846489779214,17.641331922246845,16.441887775982273,17.885588784738918,20.76757589888704,0
0,37.63370227039723,37.60905128713768,24.95045280779465,21.368589107789333,15.69191521889736,16.265113162607896,0
0,38.29965136508764,38.20795853126405,22.209554042590284,29.005183591994026,8.258210030015347,9.294467773093615,0
0,37.6965243458838,37.83491361277715,19.228291573465164,23.13579840285658,8.543778249591137,14.560725943027222,0
0,36.64933656893387,36.73670522435339,14.593804311799175,22.911846955825983,10.082702898268703,13.737489613107886,0
0,38.26856297480603,38.44306486580408,19.358437544374578,17.11689177448983,9.81759037600189,21.1516712003162,0
0,37.1376962862739,36.95990525866882,17.905621958674775,15.011842666398282,17.47833298893611,22.12585361987562,0
0,38.67359243063518,38.84278318911054,16.39125075835557,27.15210136118192,15.468887794580324,11.521491069453262,1
0,37.2805757657662,37.54949105244165,11.960655651102993,16.313618444793573,14.688105505938648,20.96695732097263,0
0,39.74993440501754,39.68393802175176,23.299063228607,24.507747281029857,8.231558688697582,15.242187123987684,1
0,37.41674670766377,37.19024602545817,16.746769732319837,28.71924681772787,16.914306712347955,8.697499889935898,0
0,37.87793848379432,38.134961770420986,12.919337677311475,18.129778697376466,15.934444554074085,19.74815978641785,0
0,39.01351721736968,38.58016725965157,15.516390263159344,24.979092543553662,7.963702095935084,14.03442467381602,1
0,36.96913568356605,36.9305561707951,16.211946287933905,16.180478650612642,16.45404398353167,20.78865703295341,0
0,38.42745993460413,38.22754938273948,22.413068433503113,24.056327157564194,9.266970436445655,14.371132777039936,0
0,39.507142754282434,39.90032819348562,21.00421570842103,17.458975814298043,6.970436949985272,22.04816693998439,1
0,36.59251676543877,36.51168557273818,21.539573404620096,26.039303407727672,13.88186767817052,10.553213357711101,0
0,38.384633858532304,38.62385224462473,10.165468966429708,19.518469421908623,13.845655912611967,18.86616443662368,1
0,38.45988279424843,38.40439307894344,16.24230997269642,21.950865132069694,7.139184114787417,16.509017662178735,0
0,38.98182287177731,39.22806833495668,17.220162274529855,23.991458130414326,9.82622170723899,14.990364741362985,1
0,36.96304928912192,37.43944719072005,10.28788415234585,17.569101159993593,17.913773547066462,19.393948129128326,0
0,36.87954338691573,36.631003461765886,13.897198131175514,26.124567279264312,14.141120004104842,10.754976107651416,0
0,38.7219415656169,38.843683159123586,21.404347346832026,19.53960510955222,14.76090199923995,19.182336456064682,1
0,38.49698467323319,39.22051537681047,12.056645585934985,24.935577898691303,8.555007427251669,13.56140677454189,1
0,38.45049285034588,38.52100603391607,18.029651971788873,17.374245760490606,6.945384852046972,21.076247089855276,1
0,38.54644820949698,38.43742588089524,13.228028080258563,25.321764888095252,9.322820276891251,13.224683321401727,0
0,37.51997527842151,37.66461743126275,10.181811619658399,16.922821092156926,8.986780622318303,20.597154186264586,0
0,38.43225369716101,38.368957220447605,13.618021863993121,21.380347444049754,8.814529208976637,17.051906253111255,0
0,38.49307247329868,38.09033527115133,24.638106323650806,18.708091106083153,8.313051862644475,19.78498136721553,0
0,37.48564858197364,37.590194970068616,22.023056678244842,26.22562874142274,12.897068287864851,11.260019840550903,0
0,40.06577451114476,39.52855579945918,24.3936496648155,18.930525067603117,9.937241710101862,21.135249443541642,1
0,38.67383292091179,38.614193923232556,17.317810658895436,28.225759595930946,15.844140180570365,10.448073324980847,1
0,37.00869650279736,37.35298157463121,11.646042980162552,28.377303171099193,8.207369014168608,8.63139333169817,0
0,38.85655360863383,38.616427042173264,18.219392334605395,17.946619728341787,11.575524850422534,20.909933880292044,1
0,37.22531832977268,37.18633848659907,16.815660018399413,24.207689175115863,6.16389403711296,13.01762915465682,0
0,38.98708460374245,39.30947388299361,22.665356241094237,16.315764625799464,11.780187869462305,22.67131997794299,1
0,39.35859557900741,39.17301554804781,11.471238711763668,20.87305649402444,6.670058650517692,18.485539084982967,1
0,37.379317681648295,37.13440139245985,17.32361705532667,25.699825942519084,17.732682142471724,11.679491739129212,0
0,39.16337612924433,39.26086921037801,12.250729970409765,24.891348702748743,15.487105543804955,14.272027426495583,1
0,38.6127809269365,38.50503591967121,14.870138903350899,24.37051004109912,11.881337719637465,14.242270885837382,1
0,39.022060159994496,38.66609509636051,21.060356160816994,19.238112954936653,7.039048298152203,19.783947205057842,1
0,40.09679298265395,40.27463700606787,17.1402719405315,20.67037424151603,13.10934528948497,19.426418741137923,1
0,37.95461188399713,38.167646462635965,15.638324277186541,16.544192170504292,15.10516500842253,21.41041971349284,0
0,37.44626383564251,37.33371726154797,15.91714417855053,25.785342306504013,8.288607036056943,11.660921529138498,0
0,37.31048557037448,37.25953334438505,16.8917015260898,22.558331951869103,12.81850008944989,14.752153618505378,0
0,37.384189715034566,37.49494812411852,21.775248157555854,25.63148448518482,15.770530780594417,11.752705229849745,0
0,38.1228982905859,38.53012677702438,23.381270334103515,18.734152871953093,15.218973331755796,19.38874541863281,1
0,38.54115197481665,38.36106741256379,24.330020297558924,19.866573429525992,15.635904214405835,18.674578545290657,0
0,38.47669079933002,38.59989415952879,21.803550793829427,20.01323005890172,16.55188109843664,18.463460740428303,1
0,39.02718324903603,39.116910910830335,14.731103436220192,15.386136146208242,17.252185225913642,23.641047102827784,1
0,38.21300189187791,38.37907425526033,20.322020591298134,20.115718092459353,10.86625386244243,18.097283799418555,0
0,39.65353407715732,39.74360345117784,16.564046860830878,27.049568602770503,12.825229230274527,12.603965474386815,1
0,37.935343166762046,37.57232418051003,13.820059330690768,28.459477436246075,15.48791431254733,9.47586573051597,0
0,40.92016916658962,40.817813802123695,22.61307369138884,22.773274734538912,14.365677767349398,18.14689443205071,1
0,38.82566734776501,39.00533979657369,10.576395234434875,21.832525428288303,17.946242739172547,16.99314191947671,1
0,37.34284244358372,37.87630104575608,23.52642988203135,15.462369280490554,6.16413181325573,21.880473163093164,0
0,37.12910750193889,37.034495479489756,16.92216196937101,28.18806506378074,10.261598583789489,8.94104243815815,0
0,38.68247241524319,38.958438774388895,19.558022152124206,15.195153201388091,9.372335115242429,23.4873192138551,1
0,37.97653721467415,37.96662999037478,19.890308833086742,29.171251203153176,9.147790201986416,8.805286011520977,0
0,38.91400049409209,38.94129405015743,23.426766110598045,22.33824373032136,8.670357389986629,16.575756763770734,1
0,38.673237624573545,39.158967860771035,19.55004523250811,20.1290174036209,14.50948608978275,18.544220220952646,1
0,38.12717108734313,38.44909378781888,19.209003771400926,28.8632765226399,7.017113679303862,9.263894564703229,0
0,37.3532062819316,37.117073080826785,10.999780608410349,15.365864896651452,14.89930600732006,21.987341385280146,0
0,36.68515277531414,36.47022901261571,17.776120329178063,23.721373423036304,14.32111010419528,12.963779352277832,0
0,37.75348504793298,38.19412809706008,12.252535012255624,23.233987867490065,9.009649590010756,14.519497180442919,0
0,39.05639879432348,39.11368155185463,21.061506530822285,18.28980601817073,9.034005397981936,20.76659277615275,1
0,38.414093744130206,38.02853350823798,17.68332881219012,21.43331147025316,13.546327024134026,16.980782273877047,0
0,36.954261221288014,36.72172831928675,20.2034166881253,24.78396008915655,15.146053265804134,12.170301132131463,0
0,38.37318092585119,38.51274425637417,10.625093509035764,25.906967953228914,16.517827357048386,12.466212972622273,1
0,38.58531737972884,38.739913976955215,11.271880240687048,15.010752880598696,16.22567476625371,23.574564499130148,1
0,37.31614256379887,37.38757758838908,20.744850820940236,29.05280145136523,17.578595929966237,8.26334111243364,0
0,38.35372510594553,39.04025695531286,11.081265039980101,17.467880585892186,12.976618744038134,20.885844520053343,1
0,38.258208718446,38.37197034789332,11.06885091647888,18.503706513335388,16.903866736084318,19.75450220511061,0
0,37.05702970216938,37.10838318651674,10.181627128523312,18.952101685407722,15.70215927912493,18.104928016761658,0
0,38.557787360348286,38.415461583613755,24.347520974492202,15.56730204828053,16.736011491768163,22.990485312067754,0
0,38.76078452636824,38.56523374516916,21.062625391885106,16.845781853854874,6.1395192154244,21.915002672513367,1
0,39.28305124317528,39.4616380092467,15.298771127530962,29.79524884416243,17.59083590238973,9.48780239901285,1
0,39.25380205203491,39.20217399151473,14.448033719314829,19.72825106065929,11.68236195415774,19.525550991375617,1
0,36.82233063204291,37.20616386915931,15.245548446187744,16.72951635508574,15.578195874898114,20.092814276957174,0
0,37.26217496008488,37.54716104865905,21.619802967717728,16.60486891761935,7.52644943205337,20.657306042465528,0
0,38.71503526720866,38.83366480387961,19.920559166056215,25.79189951504958,10.751293149767688,12.923135752159084,1
0,38.71378595091221,38.49745176031608,12.77793351801202,27.818529960489613,9.257527956251892,10.895255990422598,0
0,38.71504768630605,38.489165724058985,12.611640030011266,18.85428449262705,9.499905246011245,19.860763193679002,0
0,42.05273149065472,42.29749085851977,11.47593474570096,15.313642685028524,7.479067439410581,26.739088805626196,1
0,38.77089051069317,38.47322919778656,19.90454079552007,18.346350276680337,15.669165990516085,20.424540234012834,0
0,39.33556564018061,39.59321811710439,21.46558993332604,15.84773536195136,6.110907774972938,23.487830278229254,1
0,39.154001763493206,39.3475926076044,13.97569642487506,16.55092404945062,9.75006548382243,22.603077714042584,1
0,38.8513912513058,38.82821902561829,10.314174415463691,21.472621797714638,8.09292651859698,17.37876945359116,1
0,37.884730755359655,37.812409795496606,11.23257501214641,18.44877556292449,13.068467287300086,19.435955192435166,0
0,38.95896922049327,39.03808649457695,24.517900522675458,22.739188177881353,9.051028831374527,16.21978104261192,1
0,37.427174785462434,37.469580749609136,14.431671662161303,18.802406298857854,9.107981454337196,18.62476848660458,0
0,37.96318139326,38.24713552386765,21.538347217572003,29.108059516544216,11.860057727943826,8.855121876715785,0
0,37.7146364521709,37.31128672384885,19.36995353281396,28.58915951889397,13.832268472091108,9.125476933276932,0
0,38.281874139386325,38.271983267398745,15.729094594793438,23.50209157515699,7.4556564547819635,14.779782564229336,0
0,40.51465856667351,40.39746912096151,13.085308932933327,20.316359879810793,8.106137429585953,20.198298686862717,1
0,36.33273480740826,36.37426237415583,11.820796272391096,20.717203230521033,8.96609693513421,15.615531576887225,0
0,38.886260190374514,38.67057772602266,19.225194520583,21.177784247167455,17.684978569415527,17.70847594320706,1
0,36.58728412881035,36.29269048134381,21.61950670956682,25.91368983202416,10.765829999315045,10.673594296786192,0
0,37.72806813421057,37.785803320537745,19.658563803116962,21.774584932782567,13.187881087572318,15.953483201428,0
0,39.28895059696737,38.777192406419296,17.954531998737373,27.850949197588463,8.898513752591734,11.438001399378905,1
0,38.264280019095466,38.506708625688354,10.629268351474543,29.16142178895547,11.885514301889856,9.102858230139997,1
0,37.1222552220707,37.17968646159453,24.527331663915756,20.039192300684007,6.889430092631496,17.08306292138669,0
0,37.48469629074003,37.13271666223492,21.980712874818618,23.410417220635203,6.416905751067923,14.07427907010483,0
0,38.87959774893468,38.64859321558009,14.39233055051447,16.425848052488465,11.624802321857523,22.453749696446213,1
0,37.469633368282864,37.55594371426804,24.69955494038276,18.007035716495384,10.783911450220945,19.46259765178748,0
0,38.41645858958198,38.29038410799478,19.028223844544833,21.201986500652403,7.642563836301932,17.214472088929575,0
0,38.24557183990382,38.215255674091786,18.736339873108697,18.093040738526682,14.251217147048806,20.152531101377136,0
0,37.54839965239419,37.81481274110536,21.22109769144298,28.148407361830763,17.914841890791173,9.399992290563425,0
0,40.343944089325326,40.26100564927291,22.176546821352062,17.374293840886473,10.747761854360549,22.969650248438853,1
0,38.833919022318014,38.62532070141363,19.84717910997254,21.83491232329638,13.494703631008733,16.999006699021635,1
0,36.1748574133424,36.087316091144814,11.921436195493001,24.085488606898135,17.55571130837383,12.089368806444266,0
0,38.38645431476943,38.7569763310207,15.074012589917476,25.377958622412667,15.978419669362502,13.008495692356764,1
0,37.53821353523161,37.91403167563282,23.92125460489075,20.7460405458976,11.56262667963223,16.792172989334013,0
0,39.05243333479623,38.49570811175303,13.369234177657779,28.036486030870925,14.849873813519032,11.015947303925302,0
0,37.4074792615673,37.61180170187065,15.582505357562699,23.524787266168882,7.537620483006288,13.882691995398421,0
0,38.08526355853311,38.1272590663463,16.48115324416294,21.592616706713276,12.145246265565591,16.49264685181983,0
0,38.70498727898046,39.01193112391376,16.591074845416784,16.00860951078055,9.348723326159238,22.696377768199913,1
0,39.06575519417012,39.004237263786585,19.19409373741788,21.970342026677475,7.933964254753933,17.095413167492648,1
0,36.99970359294423,36.621511699102115,24.146137566170616,27.311037612235953,11.115370875054419,9.688665980708276,0
0,37.86549876415906,37.886255077813445,13.610390677487574,24.218115273319732,7.572174653203373,13.647383490839324,0
0,37.725054688839045,37.68014050555251,11.822520644513771,27.482436805936775,14.387821298093826,10.24261788290227,0
0,37.54667076742629,37.180718599528085,12.962057347899059,22.410175058989584,11.474880528640027,15.136495708436708,0
0,39.9654542402811,39.56578459538866,23.303873503139044,16.776925576417227,12.373735590775965,23.18852866386387,1
0,38.60498171096096,38.7183632184997,19.68716218982809,15.204597687538216,7.756511264017885,23.400384023422745,1
1,39.09979678005582,39.14361365439377,14.288601838587402,19.54829320077887,7.677259933121934,19.55150357927695,1
1,38.542810012698766,38.65624114342027,22.23920408452926,25.469857072466887,13.00098522312149,13.072952940231879,1
1,39.03136477112947,39.165168811526996,22.92054994545154,26.853898559125405,17.820116973953354,12.177466212004063,1
1,41.66973433559019,41.56450965984556,22.697715080354172,19.436292519304942,7.155006998852707,22.23344181628525,1
1,39.06578144451847,39.040521529494015,23.78389800459332,22.434808813248708,9.428777142789375,16.630972631269763,1
1,43.72209668428861,43.56946573146791,13.783615302600424,21.316783566511226,16.43350939845465,22.405313117777382,1
1,40.94131327114516,40.91073726587783,21.325628931194174,21.157841765271417,6.867264147062843,19.783471505873745,1
1,40.540286960803336,40.41223815441598,16.9080924591121,18.470230698002258,16.510628656403416,22.070056262801078,1
1,39.18413488576442,39.143635467396464,22.629978293350923,17.045566575441875,12.291431800497014,22.138568310322547,1
1,41.21040284323168,41.51639737301225,20.927360157424197,17.950328373468196,10.89920128711711,23.26007446976348,1
1,39.55167082589089,39.3333601135404,21.646711697495867,15.829985807450191,9.71616677221747,23.721685018440695,1
1,40.45861275903896,40.896224310981175,19.84242756521607,17.971961127353655,9.565405897534102,22.4866516316853,1
1,43.62810989974943,43.678895892284956,12.661431542045603,15.138013464380691,9.669630989393745,28.49009643536874,1
1,40.17512213035796,40.324728991923685,18.175403783454072,24.408876009539675,16.61763697152235,15.766246120818288,1
1,41.794055324171374,41.38203495111348,24.770046092867624,19.745631110815243,14.685542762097427,22.04842421335613,1
1,39.38587064733635,39.06322263462877,24.060820997456783,29.59717067140363,14.036676093973806,9.788699975932715,1
1,40.25451496235394,40.27675395390684,10.647606036955175,17.905755761644468,15.584989787424009,22.34875920070947,1
1,42.60204082632616,42.798500571562855,12.472222235941556,20.18742855464391,9.08537595604974,22.414612271682252,1
1,39.4849428248759,39.21705906096302,11.975931601818429,20.367617379623,13.416513744981069,19.117325445252902,1
1,42.656183125396005,43.19898582047251,20.889698649779433,15.126772440936907,11.520794867495411,27.529410684459098,1
1,41.22007751609212,41.39929504563526,22.266779947854175,27.588119295591884,15.389299622402321,13.631958220500234,1
1,39.56879319133745,39.39616066478268,13.20267049466008,15.47991690216487,9.711073325679425,24.08887628917258,1
1,41.12213006077217,41.14717841983249,17.587790394277434,29.10269752093862,13.718143402438749,12.019432539833552,1
1,41.56432078451475,42.13295107786877,22.610545420168002,28.381115266404308,16.586548941807763,13.18320551811044,1
1,41.10835295088236,40.735737370069685,20.99202317149376,23.032828741289453,10.825805714339145,18.07552420959291,1
1,38.2587078641424,38.474768531010646,18.133558082377725,23.15393362366938,6.799465048409537,15.10477424047302,0
1,39.35472167142767,39.381546649245266,18.855215356881594,24.806668844342347,12.192609868101513,14.548052827085321,1
1,39.97822577378304,40.13355399856781,17.6254082037442,20.805750179023306,10.15166985368431,19.17247559475973,1
1,40.20323654216994,40.62233332599226,14.46322676978231,24.70833425096783,14.066704566566099,15.49490229120211,1
1,41.10687372681588,40.95462779335738,18.47532989288524,15.671525830327303,17.412395096983275,25.435347896488572,1
1,40.531011301213226,40.873514284718034,20.333279530751362,15.810714410245899,11.827299815962164,24.720296890967326,1
1,38.56405233367686,39.10513234964565,23.099843737912117,21.858456294293166,11.594282761866406,16.705596039383696,1
1,40.79425720630775,40.73404532386727,19.544370309688723,23.244334516590524,13.855017602297522,17.549922689717224,1
1,41.09376146886897,41.2534618831597,21.41682305564737,28.317264605037288,7.241970043122812,12.776496863831682,1
1,41.02772758231035,40.88744072393105,12.401074524318595,16.569909508618444,9.042074267100176,24.457818073691904,1
1,41.705014943221,41.80128224873673,16.92336211629685,27.339718907908342,17.02775190600478,14.36529603531266,1
1,41.38409880091357,41.33479431952495,10.139974297406399,18.150710059381044,14.039311360365195,23.233388741532526,1
1,40.896934102996966,41.092709962178795,13.700182967824345,20.91125472765048,6.161328527800995,19.985679375346486,1
1,40.20878457510376,40.44200770782071,20.896925726695073,19.749036522411195,8.455505670708238,20.459748052692568,1
1,38.14075078642921,38.09198136725615,24.87714927024045,21.002329092980986,14.194047192346789,17.138421693448223,0
1,40.85850368487236,41.181940540231295,11.48767149380824,17.257432471088784,15.17279043075089,23.601071213783577,1
1,40.56999399331204,40.91957159107157,16.022414737919323,22.553551116053324,16.0783148720885,18.016442877258715,1
1,40.65305248835399,40.843802889220235,22.00106453048739,27.02463884747051,9.506121640584539,13.628413640883483,1
1,38.6402268514336,38.48701591875453,13.060534519433482,21.623010155683453,17.17234315533075,17.01721669575015,0
1,38.89462649746925,38.80112637089221,18.326274239534293,22.359203638472987,12.635362722934708,16.53542285899626,1
1,41.66909870933277,41.37814788976624,20.996069440445122,27.731513779219714,14.358468268654715,13.937584930113058,1
1,40.24857829998635,40.53527302624344,19.239781753902683,25.590871719570462,13.160866353358895,14.657706580415887,1
1,41.18595090658441,40.78114547097763,12.820371019231242,22.35681612779677,7.4728806560954455,18.82913477878764,1
1,40.3368138889696,40.6090765222173,15.330768530286091,18.865434722837694,17.557375912618557,21.471379166131907,1
1,40.33868298134447,40.0538087903786,21.756876767280957,28.2739012026745,7.474506958729831,12.064781778669968,1
1,41.5197689477688,41.77075755179714,18.31339771198025,23.655306025358374,9.058583476934203,17.86446292241043,1
1,39.62914185331741,39.69346228678672,10.078444203143691,18.3172141516604,15.763534562675762,21.311927701657005,1
1,40.42495701002328,40.647705629683436,21.414861400421408,19.036796289570155,13.423163538013217,21.388160720453122,1
1,39.69904212468344,40.12362402932765,10.529670324103586,27.04699633404369,16.057789984516283,12.652045790639747,1
1,39.73515490433799,40.01470253254951,21.18600674096848,15.662183431311831,12.18883426048854,24.072971473026158,1
1,39.89807623949076,40.24094893755654,13.037208402478562,29.881382805432303,10.523918824399619,10.01669343405846,1
1,40.58877390312382,40.60435779843422,24.371102201790706,16.955275195721878,17.06214599457342,23.633498707401944,1
1,39.67762679183748,39.44447177695237,15.519111269531267,26.94102788095406,6.435027810177538,12.736598910883423,1
1,41.932482963245576,41.6726269619874,14.903974245071186,20.921629751575242,16.27356264423655,21.010853211670334,1
1,39.137010507114645,38.6009340580055,12.23332075498667,22.383242749312004,8.76981342225338,16.753767757802642,1
1,40.05706686259023,39.83432193070425,14.584063232353223,28.209758661968667,16.184835933047616,11.847308200621566,1
1,39.72834962424357,39.7304506572493,23.14976142742301,21.1936678438382,7.670359361002627,18.53468178040537,1
1,42.18107124965985,41.97550074955921,24.945015064408707,23.062406305098516,12.962627564286485,19.118664944561335,1
1,40.55552120946504,40.5940840405109,15.524642957602726,15.739494936137548,16.657295028137664,24.816026273327495,1
1,41.641397901309226,41.799718303135904,16.729159464318137,15.035212108011798,11.682475762786686,26.606185793297428,1
1,38.36877151505193,38.19062401523979,20.831064073041055,18.671998095025888,14.958800085640714,19.696773420026044,0
1,40.64716534563004,40.39833002884975,23.292936706976118,25.20874639378151,15.6560594142667,15.438418951848533,1
1,41.45652003431047,41.4254482127969,18.895665012801764,16.81897340038705,14.83793050460135,24.63754663392342,1
1,40.40696918605805,40.206348564943454,15.872885472667441,16.70642938206824,17.10395684249518,23.70053980398981,1
1,41.68512448758496,41.59068472703569,16.189327612729357,21.16440912053855,11.362010766239145,20.520715367046407,1
1,39.62752501486951,40.14225955536701,20.434272197452103,24.7175555791234,8.07750526998187,14.909969435746113,1
1,42.13215167224125,41.97455136093025,10.04827395406418,25.681079883718958,6.573732764429757,16.45107178852229,1
1,43.28856756070502,43.6785859191082,19.293840061897612,17.676760111475623,8.957518435650062,25.611807449229396,1
1,39.82830987142844,40.070449422315356,15.332395156620361,16.193822210580638,7.718370046562905,23.6344876608478,1
1,39.72084672217899,39.827152355926536,21.91295996915626,29.10595550918316,12.695384897213765,10.614891212995829,1
1,42.18939982025301,41.948720034092545,11.394859597346983,18.909995738431526,8.219344046540783,23.279404081821482,1
1,42.353443789449926,42.27759842028696,18.823034004225857,27.800197464130857,6.467204487472454,14.55324632531907,1
1,39.62028196470075,40.036381025944465,17.214593348291857,27.952371756942274,6.431877946424015,11.667910207758478,1
1,39.75375713777538,39.6472972889885,19.63488288857841,26.587838876438166,15.97883398037834,13.165918261337215,1
1,39.93368000848134,40.199739967201694,10.972803917244525,17.53250409978855,13.097399177316298,22.40117590869279,1
1,38.55221433565544,39.0013838248895,18.69975681142197,27.327021888813007,10.297023622720538,11.225192446842435,1
1,39.10575246957054,38.90768993289101,18.422268819392855,26.5387583886238,16.730736512882963,12.566994080946738,1
1,38.99461700322231,38.88839324118725,18.409901416242562,23.950844851593256,6.842359336892564,15.043772151629053,1
1,39.30186316536463,39.61953575577972,19.052314998946823,20.058030527534292,17.76386487273391,19.243832637830337,1
1,40.25490964639718,40.38849896748802,20.147019058395433,18.937629063998163,13.395501483053533,21.317280582399018,1
1,40.60447915229747,40.30537329455036,22.074834995211546,16.828338181205385,8.201571047626182,23.776140971092087,1
1,42.3156506406583,42.118829151971894,14.047310801923215,22.64635600351307,14.148829187723623,19.669294637145228,1
1,39.00213974703957,38.989768694938824,22.375741152700932,23.7789131326477,15.160575117402752,15.223226614391873,1
1,41.57961911801956,41.236879321138105,17.473835233951803,20.39008485773681,11.152113400449293,21.18953426028275,1
1,40.02181450250684,40.242956911878295,11.155874187014968,22.130386015213027,16.33959127494657,17.891428487293815,1
1,40.23569717745183,40.01637826511569,10.878263938659687,20.452716860539,7.808788887557643,19.782980316912834,1
1,41.17726533981658,40.58307927312151,15.013574780440912,24.61509085981052,9.3460510029313,16.56217448000606,1
1,38.840461371969006,38.93184889506441,21.773454656672016,28.51888811694845,7.121908339007877,10.321573255020557,1
1,40.79713267003926,40.640329568554364,20.615214021113736,17.45880393070417,8.530534087288226,23.33832873933509,1
1,40.51638787067697,41.01423094281163,21.829224470086096,20.72113214854685,8.86474574293374,19.795255722130122,1
1,40.94018664321059,40.663095767525895,17.75903584662414,17.11302905926292,17.011598291060523,23.827157583947667,1
1,40.67591923708016,40.38500674755106,16.602984969332358,24.37415655611748,6.937316265013875,16.30176268096268,1
1,43.49189018188416,43.69253553886137,12.21178790059426,25.933057642328937,11.128981442252513,17.558832539555222,1
1,39.47093802047328,39.40817047208831,14.922891304139673,28.978690988961837,12.388784246722956,10.49224703151144,1
1,39.60970395849763,39.36653536884868,16.510290492608128,19.183078893914473,16.78431664562593,20.42662506458316,1
1,39.4899173156478,39.665974655296154,11.329006445194258,29.25316808798145,17.972354623934564,10.236749227666351,1
1,39.577879745091664,39.33240847938152,13.309179290668169,15.948940077310121,15.04065737903803,23.628939667781545,1
1,39.471396734501525,39.12763833639625,18.973379410956085,24.04520795046882,17.649491886828354,15.426188784032703,1
1,41.84572149043981,42.293144073678796,21.03494671358785,15.85699079014995,15.445213590430486,25.988730700289857,1
1,42.14665552238681,42.33274709746856,24.975212670894244,28.406612816429174,17.558431691657,13.740042705957634,1
1,39.55802981812568,39.69642291315159,23.996699970153365,22.947135856050814,14.487248711333462,16.61089396207487,1
1,39.2179377549645,39.219678197908465,19.638477993027873,25.04022526144194,6.957161105412853,14.177712493522563,1
1,40.912840223302325,41.120211128890745,16.318720799411082,27.473608888656788,10.823042243912118,13.439231334645537,1
1,39.582110042434735,39.78196272530192,19.54266047062349,17.254659337259532,13.759167405629645,22.327450705175202,1
1,41.12281136308216,40.85536901256742,21.78477427120348,15.578873429072008,10.208622113451012,25.54393793401015,1
1,40.563799927106686,40.63453426249046,11.77504286385081,28.183217188692783,9.280607017365343,12.380582738413903,1
1,38.3295326505036,38.122208012704924,16.148573345444323,19.723998411883986,12.928791205597092,18.605534238619615,0
1,42.31175676172908,42.18452253104874,22.59703428453426,16.934683618907478,17.202022520429217,25.3770731428216,1
1,42.634640975024176,42.54378465154955,15.75749427899566,22.0269185563063,6.419782482193843,20.607722418717877,1
1,39.50337470237029,39.468203270916476,18.578084068407797,23.97459113544028,15.230774442497253,15.528783566930006,1
1,39.79598797208322,40.0962835275893,18.816540412932973,15.464559051337652,14.672727336535525,24.331428920745566,1
1,40.67162500794237,40.64701252100915,12.76714379700459,19.123434873856315,17.567441104659444,21.548190134086052,1
1,40.73479382698313,40.21606401508677,15.433531624784326,15.49199811415344,17.16853466799052,25.24279571282969,1
1,41.15610755447468,40.76955975329654,15.017669331128982,21.305030837932485,15.146790744530314,19.851076716542195,1
1,42.913265900396254,42.89258799651205,10.392950627980971,28.426500435993667,12.244905176191184,14.486765464402588,1
1,40.06996860425773,40.442081710620776,10.362876458370328,29.739786172403537,8.451210638802237,10.330182431854194,1
1,39.26221358210001,39.063554293579564,22.4754556551366,24.555713302554413,12.542828619906892,14.706500279545597,1
1,38.50688500358111,38.280603476745846,14.096062149592186,17.424565406768878,15.184223927035845,21.082319596812233,0
1,39.3497909480755,39.171298073200084,17.771181493582233,28.587740849989586,16.74803055165472,10.762050098085915,1
1,40.25693493526406,40.03805026121599,14.480883603831597,22.743717348000906,15.47654411052659,17.513217587263156,1
1,42.63292522257312,42.56155008254765,24.110188676730107,17.306239681543772,8.343203222292647,25.32668554102935,1
1,39.627105311252976,40.1893927996658,13.889451382986607,28.825900041774922,13.196235770736713,10.801205269478054,1
1,40.590924337130566,40.629103713913224,16.444852191084024,26.362035760846545,9.986081514376284,14.228888576284021,1
1,40.27865023510542,40.09219536727322,23.090953757269027,25.975579090847273,6.110468008687716,14.303071144258144,1
1,41.84491125548251,42.61489831554468,22.62900350187713,25.63771055691607,8.402651229463993,16.20720069856644,1
1,43.5850121536357,43.455959221468426,12.79152126769416,18.005097316446633,7.358647799201391,25.57991483718907,1
1,39.60987059520358,39.4346791969951,22.039649646935658,18.16510037561289,16.112629482473622,21.44477021959069,1
1,39.66372872472631,40.07740484018873,16.87280330106839,25.324394976408826,9.102075025773743,14.339333748317486,1
1,41.65740914018979,41.63363326998675,17.244533081280327,18.295841251655954,9.416375626650666,23.361567888533838,1
1,41.1864589365142,41.56735939638363,12.002199586239158,21.580075452045733,17.51923886158661,19.606383484468466,1
1,42.70071952345684,42.366159780928726,11.209022706356869,26.73002738390912,10.549040676586227,15.970692139547719,1
1,41.05910664092375,41.54592569782826,20.919089604606476,26.759287771467612,6.115027681732735,14.29981886945614,1
1,39.83292028197682,39.945608587296896,17.446917285329498,21.798926587887895,9.406153780153637,18.033993694088924,1
1,41.0678512799,41.324937207406975,16.55276053922769,26.88284907412868,7.431594967221749,14.185002205771319,1
1,41.74131465475778,42.139365384456234,20.94262342978595,27.57932694297085,7.233702740830248,14.161987711786928,1
1,41.36662683555657,41.14142690984589,21.482693484866644,24.821636269263905,6.929847481628994,16.544990566292668,1
1,40.959456240439486,41.27258889772299,12.383622515040305,18.426387784626304,13.119113642104526,22.533068455813183,1
1,41.6866770964659,41.327118586353734,19.15337724216462,19.11017670578321,8.272172683558303,22.57650039068269,1
1,41.820084267579375,41.60221906135095,12.030311234165282,19.72261733113103,10.334913528492125,22.097466936448345,1
1,42.09680668834879,41.88598350707193,21.270626290435686,16.75206161600928,16.3442125935602,25.344745072339514,1
1,41.143322853866536,41.087220845555606,19.854327344007093,19.097394305549177,11.092057677555308,22.04592854831736,1
1,40.08274649558809,40.054857693082496,24.34921931625187,18.14278836468798,16.98829620061965,21.93995813090011,1
1,40.49072779236332,40.58536055002297,11.034370245346318,21.829931247129032,11.975256640747276,18.66079654523429,1
1,41.86846165646086,41.830987494255325,10.855820817268814,28.626563218083973,10.786039378077069,13.241898438376886,1
1,39.23798362771659,39.24746236198953,14.232806120398003,16.567204751309372,15.00466712508842,22.670778876407216,1
0,38.69671415301124,38.87356784912632,13.92558525603859,25.804018859210935,6.878101185216025,12.892695293800308,1
0,38.06173569882882,38.25752603947043,13.704681986079997,25.309245066196915,7.073740595789008,12.752490632631904,0
0,38.8476885381007,39.388509496160395,23.59381870781555,16.436312979950365,13.823684567075528,22.411375558150333,1
0,39.723029856408026,39.6892913114113,13.743192997742591,28.838586073587003,11.843288558870979,10.884443782821023,1
0,37.96584662527667,37.75178333574118,14.079245891929464,23.527083032352294,15.484983003830523,14.438763592924374,0
0,37.96586304305082,38.19635293746372,21.390973936269454,20.455882817035263,16.99525004812238,17.509980226015553,0
0,39.77921281550739,39.48921536998056,16.7460976367581,26.3480787524296,10.660402532058571,13.431134063077792,1
0,38.96743472915291,38.669116144991804,21.650658354327717,18.86048187602451,13.156920319015756,20.1069528531284,1
0,37.73052561406505,37.93677881955445,10.980492363465778,25.402647555694806,12.008359533543718,12.327878058370246,0
0,38.74256004358597,38.69523465509133,17.313567905100765,15.595668113583708,17.779327867709195,23.146891930002262,1
0,37.73658230718754,37.31927103548689,10.504204002749239,27.59112056413908,15.973012888279142,10.145461743048461,0
0,37.73427024642975,37.38621949835744,10.939798051830318,21.722562705319778,16.940852499328244,16.011707541109974,0
0,38.441962271566034,38.44359685027705,23.596561800166164,24.550393715369125,9.05208105093125,13.891568556196908,0
0,36.286719755342205,36.5134514616232,12.088680566763927,18.318567297100255,15.270317077951132,17.96815245824195,0
0,36.47508216748697,36.818751154480985,17.986310234128258,25.156105689876718,9.185678699971787,11.31897647761025,0
0,37.63771247075903,37.74733116689281,16.166434039010596,26.58360413839915,8.504910401140679,11.054108332359878,0
0,37.18716887966558,37.76321441757387,15.21014989388264,22.098197803265982,17.33119391586661,15.088971076399595,0
0,38.51424733259528,38.48587276911259,23.497500185309086,24.265903860926915,6.2316530006144,14.248343471668367,0
0,37.29197592447879,37.38524088914131,10.327350951632342,21.844888857335977,17.584664443961156,15.447087067142814,0
0,36.78769629866471,36.09270903568906,19.956845292633837,28.411370538867683,7.7911427638656745,8.37632575979703,0
0,39.66564876892156,39.48025569833828,24.450916513203257,22.468037707714785,15.833256981519218,17.19761106120677,1
0,37.974223699513466,38.15898295491654,18.402522751927627,27.627130635432284,9.311070636817238,10.347093064081182,0
0,38.26752820468793,38.68383775300757,24.052336930496377,27.02028087405373,10.208427929168728,11.247247330634199,1
0,36.77525181378655,36.5507394214382,10.783868189290356,21.15757232022535,8.60109253586382,15.617679493561198,0
0,37.65561727547482,37.672389860977106,16.28189978611242,18.451267377862127,13.026168509772955,19.20434989761269,0
0,38.31092258970987,38.49127014409283,13.902366864430768,21.091231988396565,10.17714657009449,17.219690601313303,0
0,37.0490064225777,37.10085391490698,20.962314474710947,27.393260636628302,13.888716473935958,9.655745785949396,0
0,38.57569801834568,38.01268409570167,24.7194563574587,18.414488037290887,6.187767815304792,20.161209981054796,0
0,37.5993613100812,37.63706763849707,13.847950936663718,22.86654518786624,6.772498602180475,14.73281612221496,0
0,37.90830625020673,38.06326839024471,19.812619022111114,27.091451219411212,7.195933832774983,10.816855030795516,0
0,37.5982933877706,37.39758270298459,12.971464491396102,20.30216212692568,11.027924223722772,17.296131260844923,0
0,40.05227818450894,39.96293484355968,18.47995381857415,24.63314455504046,15.777554071919713,15.419133629468483,1
0,38.18650277526207,37.89052421111415,16.95898730032504,18.68447361073222,16.65813492454059,19.50202916452985,0
0,37.1422890710441,36.50688646655583,24.580079944473056,16.639191680522398,8.937728880730809,20.5030973905217,0
0,39.02254491210319,39.32467389298886,19.127909090446998,26.915763376392846,12.892436690868168,12.106781535710347,1
0,36.97915635002898,37.028123765190955,15.242595581302282,16.484529351130604,15.220379912311206,20.494626998898376,0
0,38.40886359500476,38.86743423259045,11.711436773319,19.07072092619377,9.465953159035305,19.338142668810992,1
0,36.24032987612023,36.47738686936031,12.268702431024018,27.826641329961603,10.908092840835279,8.413688546158625,0
0,36.87181395110157,36.738423685550565,13.379753949268526,20.19703930618001,12.287690432228567,16.674774644921563,0
0,38.396861235869125,38.323234558058296,13.76449992010447,29.59568024271242,7.618498156896573,8.801180993156706,0
0,38.93846657999541,39.20243187982714,22.759240867617066,29.6960150216079,6.311787524709364,9.242451558387515,1
0,38.37136828118997,38.70780687754558,18.418341824237874,19.02414030680335,7.8336697118193985,19.347227974386623,1
0,38.08435171761176,38.11508261333001,17.850863670615496,15.614673333748357,13.5222434550424,22.469678383863403,0
0,37.89889630441071,38.25539240589536,11.721533078038263,25.575949263080688,6.8834191384041805,12.322947041330025,0
0,36.72147800963258,36.5858816196822,22.902095400241524,21.764797539725155,8.27635637820154,14.956680469907422,0
0,37.48015579160529,37.30790965872485,20.842214548127256,16.511292659393643,10.054246628343645,20.96886313221165,0
0,37.73936122904021,37.79509726172264,11.015025428500024,25.61284228467064,6.934440771676396,12.126518944369572,0
0,39.25712222621892,39.29625901090657,20.61752645844653,15.467623636678818,8.300391253939614,23.789498589540102,1
0,38.543618289568464,38.29557639714093,18.153073260139692,28.05295035738363,16.935237467802132,10.490667932184834,0
0,36.43695984463727,36.163361696506406,11.225880186201675,17.079787936699557,6.231589586723818,19.357171907937715,0
0,38.5240839693948,38.5447225745504,16.874509622929846,16.909678181200874,13.841183090092345,21.614405788193928,1
0,37.81491771958369,37.71891932424377,17.270444306950704,17.635084469528767,10.612907170982218,20.179833250054923,0
0,37.523077999694046,37.52476803698095,12.486618102449135,29.403995377380998,14.071784873188454,8.119082622313048,0
0,38.81167628884087,38.71681967676954,24.185472205004235,25.39754040380769,13.064300644360856,13.414135885033183,1
0,39.23099952249596,39.64383541574437,22.74963057220993,27.020573031954548,8.681985052255731,12.210426490541408,1
0,39.1312801191162,39.35228380171207,20.035335059936624,20.964524785991294,16.166513850880662,18.166755333124904,1
0,37.360782476777366,36.899642472699405,16.93443341500911,20.04469091257433,11.90328459131228,17.316091564203035,0
0,37.89078762414879,37.73186191918602,16.17648312376763,18.51726010174755,15.870432226961661,19.373527522401243,0
0,38.531263431403566,38.70232223660251,19.764602007264312,22.209720424686132,10.87215043425863,16.321543006717434,1
0,39.17554512712236,39.2137805519759,18.18147804110358,23.277431003012527,17.81622664698287,15.898114124109835,1
0,37.72082576215471,37.78418701876167,10.934096588228284,24.47662265479133,15.245872302015556,13.24420310736338,0
0,38.014341023336186,37.50914577952015,17.687539731554978,18.85677755998042,17.59140246135088,19.157563463355768,0
0,37.09366502599397,36.846161510291644,22.096054258492593,29.22981121354486,12.171917746918306,7.863853812449111,0
0,37.00379337591933,36.739628980215144,16.88859816395437,17.546377473107036,11.684293587488405,19.457415902812293,0
0,39.0125258223942,39.02412161902803,10.779348663314027,29.484797621496185,15.065445711903095,9.527728200898018,1
0,39.556240028570826,39.958217265299105,21.794172990760497,15.222841837612556,16.56349515616116,24.33339819095827,1
0,38.12798987841967,37.882264916981974,13.020456732039616,22.216885377252684,17.569749550386696,15.911104501166985,0
0,39.203532897892025,38.91999585942602,13.879312523320582,20.000517571748443,9.894622872389997,19.203015326143582,1
0,38.56163602504764,38.666105190328366,12.470595301484439,21.736851208953762,15.584454886111667,16.824784816093878,1
0,37.55488024539488,37.711520250522305,14.953225973072463,23.559968684711833,8.52774717162644,13.994911560683043,0
0,38.561395605508416,38.12772930103848,21.351272585329525,21.533837370190636,12.546892160945344,17.02755823531778,0
0,39.73803656646597,39.99021837796381,17.79078789255906,21.222702754523922,8.158177780910389,18.51533381194205,1
0,38.16417396089005,37.972073190150404,13.073219112260688,25.9908512311996,10.168768341004066,12.173322729690447,0
0,39.76464365581401,39.497694846989624,23.167451172280614,25.28814412629697,17.17630040647751,14.476499529517042,1
0,35.58025489591026,35.0400074461557,23.193727824272937,27.499069230537717,7.753088397277033,8.08118566537254,0
0,39.02190250437523,39.070004922251265,23.058676375690105,18.749384718592434,13.588810741622357,20.272517785782792,1
0,38.287047068238174,38.40685657882951,13.58194317072309,24.14292764631095,13.11545127512884,14.144119421927222,0
0,37.90099264953413,37.84977662575286,16.768590162714823,23.777921780892807,7.448860232507838,14.123070868641324,0
0,38.291760776535504,37.97563146269528,24.774844842113126,20.54606716309033,9.911748525225747,17.745693613445173,0
0,36.21243108539911,36.14167309497168,21.580187144649855,22.290863128540213,12.755778054183189,13.921567956858897,0
0,37.98032811216249,37.742346142803314,10.407511318383397,19.706732149585932,8.246143307861884,18.273595962576557,0
0,38.55711257151175,38.54297867228596,10.97806886890738,17.127665964254778,15.607483876953784,21.429446607256974,1
0,39.67789404474152,39.494343854720476,16.95897065218499,18.207018159940993,17.665878114416998,21.470875884800527,1
0,37.681729781726354,37.207338362431855,23.638303087923404,16.582704696018016,8.577112799549665,21.099025085708337,0
0,37.39150639710682,38.158031650977186,18.080526969290712,25.24604362785186,8.242943577486912,12.145462769254955,0
0,37.69824295641546,37.3607127128269,17.467187620514352,24.910910896637272,11.459220861569335,12.78733205977819,0
0,39.11540211770208,39.18592723541041,11.582105499349458,29.25909557369809,14.973183325680386,9.856306544003992,1
0,38.52875110965969,38.15243859036234,19.85170157086441,25.94517620470862,9.379207322823017,12.583574904951067,0
0,37.67023979623296,37.11375449934926,22.331547409003385,15.780687581341972,6.238558904367364,21.88955221489099,0
0,38.71326743311336,38.79389057912852,15.706300112613434,28.263677608934312,12.494647536394726,10.449589824179046,1
0,38.297077549348046,38.27647898044652,21.63417776387991,27.940127444185887,17.47920681320769,10.35695010516216,0
0,39.16864499053289,39.54680156150728,24.467149808512175,21.649804811590478,10.695322264883346,17.518840178942412,1
0,37.49794690612265,37.70969643393665,13.056496886915337,23.787945757918823,11.041614650197205,13.710001148203826,0
0,37.87233785340224,37.9428706001033,17.84994446792112,29.641174987087783,17.626820605368454,8.23116286631446,0
0,37.80789184686785,37.47612347633822,14.307069371268632,22.984565457722493,14.33529133952074,14.823326389145354,0
0,36.73648505186789,37.091361380594876,21.892816285507593,28.579827425641348,14.630063074105502,8.15665762622654,0
0,38.49612027706458,38.75003534906278,18.663900488217365,16.245581367152795,12.75242406445281,22.250538909911782,1
0,38.46105527217989,38.25707377575496,19.518736263254556,17.865778030630242,17.6953105303589,20.59527724154965,0
0,38.20511345664247,38.20710940678704,21.96871239423841,21.61132415161977,14.266397813106673,16.593789305022703,0
0,37.96541286662485,37.84982918299953,15.939557089936823,23.771352125059572,16.740393019262033,14.19406074156528,0
0,36.78462925794959,36.64205265777647,23.726351026105647,27.243417777942003,14.392546388798653,9.541211480007586,0
0,37.77935467723464,37.94140854618282,17.9954330086921,29.8239317271478,14.821389898084751,7.955422950086842,0
0,37.857285483473234,38.15333782042311,12.36932234253022,20.832772447111747,9.484931065706958,17.024513036361487,0
0,37.39772273077838,37.39431012366319,20.438486772532038,15.711234542101273,9.641744376165828,21.68648818867711,0
0,38.03871428833399,38.06385941960456,21.898920256573817,27.01757254942987,15.39581579491235,11.02114173890412,0
0,38.60405085681454,38.94747431371007,14.7514251560129,24.06571078624212,9.560475470038796,14.538340070572417,1
0,40.08618590121053,40.396174856935815,22.857688854981294,17.978142883023025,12.75324084961838,22.1080430181875,1
0,38.374577812831845,38.34062058520543,23.592148821486497,22.422426849321305,8.992227730880423,15.95215096351054,0
0,38.457550390722766,37.97092277053596,14.153567310667134,26.134653683005865,15.803800569708834,12.3228967077169,0
0,38.12555408423383,38.247550585551764,24.75282209072833,26.556176806029654,7.32601621473228,11.569377278204179,0
0,36.28122878470096,36.40004579056015,12.110672920731377,22.49427617998143,15.953359677139973,13.786952604719527,0
0,38.173486124550784,37.48337425638454,13.03023502603735,19.578217951932885,13.232757606091223,18.5952681726179,0
0,38.26023020994103,38.22315089015539,12.763372588570391,29.606138730577403,8.242914417924927,8.654091479363625,0
0,40.66324211248529,40.52039648668522,23.409845650118058,24.950439164347394,12.504424626073419,15.712802948137899,1
0,38.00763903521888,38.011011497678446,19.814388284874425,21.12356279019448,9.389986042168086,16.8840762450244,0
0,38.501547342333616,38.22634441309544,12.281564248334092,19.206948363069785,9.88160801676596,19.29459897926383,0
0,38.16528823029476,38.112267642039576,16.604851275525235,25.966544745053433,10.218336499162564,12.19874348524133,0
0,37.03132196238048,37.410937986528744,19.229470376047033,18.632751683906516,6.759830963667851,18.398570278473965,0
0,39.342822814515024,39.23939480132316,11.251961274840749,17.575649834605322,17.83154021281701,21.767172979909702,1
0,38.951933032686775,39.136419933324554,23.236245526110082,22.947508334431056,6.378415537574689,16.00442469825572,1
0,38.99103194704305,38.725201512882705,22.054053031623027,19.349810889662127,13.94996247821134,19.64122105738092,1
0,37.29061254520526,37.544531382609165,17.57810160364957,24.433577173854225,10.454731773089167,12.857035371351039,0
0,39.602794310936105,39.60584735901509,24.506899228887555,16.769080123113504,13.752123491360386,22.8337141878226,1
0,36.79814893720772,36.92140706745192,16.266414689126496,24.824116568509822,10.274979037051006,11.974032368697898,0
0,38.78685709380027,38.80600441664028,24.761654785547467,19.249447919965533,14.085007755106304,19.53740917383474,1
0,40.390455625809984,40.41997084786786,20.018799982054404,15.003644016517692,14.75082611362033,25.386811609292295,1
0,37.20946367486931,36.6847676730791,19.520069098809124,16.904040865112645,14.286631684795738,20.305422809756667,0
0,37.63370227039723,37.42796615465979,12.489323429436775,29.00423066752641,7.367543776297827,8.629471602870819,0
0,38.29965136508764,38.33591744330616,23.22891637456966,28.01031958673037,13.882718815856215,10.289331778357273,0
0,37.6965243458838,37.19196691615565,16.412345318809226,18.504135480543553,9.359850593449167,19.19238886534025,0
0,36.64933656893387,36.466595371454545,12.433501086737191,26.675578568182367,6.345616446832002,9.973758000751502,0
0,38.26856297480603,38.30697140881912,10.189112799636385,24.128573897609613,10.977968062667447,14.139989077196418,0
0,37.1376962862739,37.003491434626014,18.39633525457574,29.563570671748042,11.202517233645612,7.574125614525858,0
0,38.67359243063518,38.49516732085591,17.910994331840143,20.604084893010885,11.606089600229359,18.069507537624297,0
0,37.2805757657662,37.33822472649794,20.790304335537378,25.221909187757568,14.457889984688595,12.058666578008634,0
0,39.74993440501754,39.95237571330913,23.35387079526703,15.95303583635878,9.706125709709509,23.79689856865876,1
0,37.41674670766377,37.21245031838203,11.191098769645443,20.943710202246088,9.783366157247071,16.47303650541768,0
0,37.87793848379432,37.62434188065742,20.972447355105437,29.457264917822705,6.726627074895127,8.420673565971612,0
0,39.01351721736968,38.875322295065985,12.811179161463734,23.084713116751807,14.24185459190755,15.928804100617874,1
0,36.96913568356605,36.42545445959982,22.87265579735746,19.31819255002267,12.813913096795007,17.650943133543382,0
0,38.42745993460413,38.58556748442457,22.285952707924842,16.804064446929104,10.193101352325456,21.623395487675026,1
0,39.507142754282434,39.79557659917822,18.111906324783163,25.552925102722956,14.462267747008255,13.954217651559478,1
0,36.59251676543877,36.94261727478844,20.653641979349672,24.672840651445902,12.448292990722527,11.919676113992871,0
0,38.384633858532304,38.075127354367545,14.715251697756226,20.60908070405662,11.630939350446475,17.775553154475684,0
0,38.45988279424843,38.0458870377761,17.06751848399222,29.264120277987516,12.135894523933517,9.195762516260913,0
0,38.98182287177731,39.077335662441456,22.324553465657075,15.333042194817756,13.636177503204678,23.648780676959554,1
0,36.96304928912192,37.14355313780418,16.888977957598208,19.55585777447739,13.920031254895193,17.40719151464453,0
0,36.87954338691573,36.82947166164405,15.366973979881628,28.81604229449372,9.467493829688607,8.063501092422008,0
0,38.7219415656169,38.70148774740167,17.4131867087545,19.814031574791606,7.688920360693839,18.907909990825296,1
0,38.49698467323319,38.74972965993738,22.423738786558275,18.783792507827556,7.879610174286225,19.713192165405637,1
0,38.45049285034588,38.09589355080825,15.02812071056309,23.01330614896871,13.67269063083602,15.437186701377172,0
0,38.54644820949698,38.38114379000953,12.606423897036157,27.35702624880807,16.474479429205513,11.189421960688911,0
0,37.51997527842151,37.96762238869459,20.68021030496171,16.547201413175415,10.913955340146622,20.972773865246097,0
0,38.43225369716101,38.36683751484251,22.389673190621227,29.14531064468604,8.034241923953548,9.286943052474967,0
0,38.49307247329868,38.20459125425826,11.509562177853,26.926093217717458,15.079229979526255,11.566979255581224,0
0,37.48564858197364,37.378249969333815,13.59811169133917,17.71875383327328,15.989873693033383,19.766894748700363,0
0,40.06577451114476,39.81455904465622,12.12957984641491,25.680119417972442,16.5669893174516,14.385655093172318,1
0,38.67383292091179,38.7938049532835,15.2191211737325,20.774380839563356,13.281977146964799,17.899452081348436,1
0,37.00869650279736,36.75172463863084,16.75526468358119,21.03442017114478,16.328742712657018,15.974276331652582,0
0,38.85655360863383,38.946005188907336,21.232395054449597,26.749351386582994,6.184979501380893,12.107202222050837,1
0,37.22531832977268,37.00446582304231,19.767213773225112,29.441772119710983,7.286829621234283,7.783546210061701,0
0,38.98708460374245,38.424801295258334,19.313928512176467,16.89983809270791,7.110912804625185,22.087246511034543,0
0,39.35859557900741,39.44952437157454,15.285624199144817,21.30945355318229,14.551256211056796,18.049142025825116,1
0,37.379317681648295,37.44228700702988,22.6217132962714,22.214124121264554,6.834981402522948,15.165193560383742,0
0,39.16337612924433,39.3948425819654,17.069307510972468,20.644677254324964,11.956372469595685,18.518698874919362,1
0,38.6127809269365,38.39641730515405,24.686574070227316,20.447836855743375,11.67248278363547,18.164944071193126,0
0,39.022060159994496,38.713727759892606,19.512132074436053,15.784030013423948,9.728442282698891,23.238030146570548,1
0,40.09679298265395,40.23773536553249,11.89397112346754,25.283079308439348,16.4448620393052,14.813713674214604,1
0,37.95461188399713,38.3676542699456,20.14266343113151,21.54321625680068,8.045198422559952,16.411395627196452,0
0,37.44626383564251,37.49662474368273,14.876560231475484,17.9219070396589,10.229553412790878,19.52435679598361,0
0,37.31048557037448,37.48207597972375,20.29490795029146,27.240502534531025,15.290058000275149,10.069983035843457,0
0,37.384189715034566,37.24369271022181,11.044617222436086,27.03841122227442,6.365067772719411,10.345778492760147,0
0,38.1228982905859,37.60163300462933,12.62322155763939,22.29587442133341,14.075404802956424,15.827023869252493,0
0,38.54115197481665,38.74418592066227,22.836058883586794,19.47675991721641,15.796772716338847,19.06439205760024,1
0,38.47669079933002,38.62342887290443,13.407693355352723,24.571390886946787,17.187214066058004,13.905299912383235,1
0,39.02718324903603,39.18542174370671,22.555616878644102,19.322282036661047,16.51555968589782,19.70490121237498,1
0,38.21300189187791,38.09167904836115,14.189141326816156,18.54011895485568,9.832609402004222,19.67288293702223,0
0,39.65353407715732,39.87233824151684,19.643228650880616,25.9577198103949,13.03636969587543,13.695814266762419,1
0,37.935343166762046,38.21516097123349,20.412258602647466,15.604878595814261,6.92752191780559,22.330464570947782,0
0,40.92016916658962,41.34862778347585,17.689821297175794,16.42152706551891,9.094440042576103,24.498642101070715,1
0,38.82566734776501,38.99918541911717,14.57966015045097,15.101822610353846,7.130668544970089,23.723844737411167,1
0,37.34284244358372,37.30164681762295,13.189665645566443,17.29414779713139,9.782247481847566,20.04869464645233,0
0,37.12910750193889,36.871721198954745,10.497840318436394,16.034850130656892,16.502246561504748,21.094257371281998,0
0,38.68247241524319,38.68050371586641,14.559196018610857,29.937035516698778,10.166002076091512,8.745436898544412,1
0,37.97653721467415,38.10534280360551,19.797441857969247,19.332149549311346,12.742777236017117,18.644387665362807,0
0,38.91400049409209,39.12208783847969,24.07457227672724,17.23902019003871,11.20057017737929,21.674980304053385,1
0,38.673237624573545,39.01108044904049,23.068067233945783,18.61494386993877,11.506998291584823,20.058293754634775,1
0,38.12717108734313,38.12766493141519,21.49097164802954,29.04188357310202,17.634864622038698,9.08528751424111,0
0,37.3532062819316,37.817580773237076,21.826710148799478,22.802403345365935,9.553853619166295,14.550802936565663,0
0,36.68515277531414,36.276221828443056,19.97477355213993,20.472271444617853,13.527893634278056,16.212881330696284,0
0,37.75348504793298,37.775193025050896,13.904302863490045,28.10087186863829,11.040752034953364,9.652613179294693,0
0,39.05639879432348,38.77260116753412,23.607925460587445,20.92485405823549,6.733754172572235,18.13154473608799,1
0,38.414093744130206,37.93979897160507,20.06098467858751,20.025128549365437,11.871969979490832,18.38896519476477,0
0,36.954261221288014,36.85512609729403,18.406609464706598,18.109237838246035,15.7601199485413,18.84502338304198,0
0,38.37318092585119,38.114664381130865,11.664842038202217,20.666952358641172,7.18503562418026,17.706228567210015,0
0,38.58531737972884,38.521997877277975,16.705833157096382,19.75026534025389,6.835102168755707,18.835052039474952,1
0,37.31614256379887,37.35872352488422,16.905374068028895,25.159559389472115,7.8435782447192,12.156583174326755,0
0,38.35372510594553,38.68525007543951,22.968454142840052,19.343740570060906,15.172801336671673,19.009984535884623,1
0,38.258208718446,38.030736030429296,18.199723302816828,23.657996196338424,14.687944609736856,14.600212522107576,0
0,37.05702970216938,37.45209294019617,15.706008234556144,15.988382475479591,12.780213226873327,21.06864722668979,0
0,38.557787360348286,38.65704530119642,24.65200492765989,17.869337350447715,11.618716849111589,20.68845000990057,1
0,38.76078452636824,39.05111136740664,11.660808899894736,21.11107907417023,16.659909776431466,17.64970545219801,1
0,39.28305124317528,39.147566089530955,16.33822642467917,29.05423880863043,15.20037388600179,10.22881243454485,1
0,39.25380205203491,38.77472976171412,10.63037012757108,20.658779785735433,15.743307015621662,18.595022266299473,1
0,36.82233063204291,36.36031110545602,21.098561811503956,24.961111817997512,15.759147616207851,11.861218814045401,0
0,37.26217496008488,36.96938953330943,23.77114828298726,18.82630833632097,13.712605856946697,18.435866623763907,0
0,38.71503526720866,38.78475597088321,14.200559943257343,16.905503639598475,11.49617549179135,21.809531627610188,1
0,38.71378595091221,39.15297560799039,22.875125151986815,15.878049001200752,16.376133031027805,22.83573694971146,1
0,38.71504768630605,38.58335038017487,14.383273456928467,19.58120247814127,17.112089011239007,19.13384520816478,1
0,42.05273149065472,42.081080676784374,23.66155242465873,17.36491540195362,6.285672519100116,24.6878160887011,1
0,38.77089051069317,38.39911874623807,21.30942855395176,17.610156720241864,6.618658479195016,21.160733790451307,0
0,39.33556564018061,39.32870888299357,22.07360165262158,26.41138962580425,17.504919562901247,12.92417601437636,1
0,39.154001763493206,39.25809943148661,10.270098334006818,15.237571064173114,9.325927366130337,23.91643069932009,1
0,38.8513912513058,38.49306278491175,24.44215535611039,23.367151886031515,16.480433275793025,15.484239365274284,0
0,37.884730755359655,37.79446463432879,20.90006488105485,20.69192070890197,10.665541427536832,17.192810046457684,0
0,38.95896922049327,39.099214000010974,14.571266430792,22.59824999862821,7.429200691312268,16.360719221865065,1
0,37.427174785462434,36.67246037153425,22.440919972882703,23.442453558219043,6.965318402512011,13.98472122724339,0
0,37.96318139326,38.442395876665124,14.222817976223949,19.700515416859172,7.878094788965478,18.26266597640083,0
0,37.7146364521709,37.94458693677788,23.09130759349192,19.42663290276428,8.998718338408377,18.28800354940662,0
0,38.281874139386325,38.45199177807981,11.688705856179055,26.001027740023588,11.862220247169915,12.280846399362737,0
0,40.51465856667351,40.55544676142546,20.555289661911935,28.069154821817357,14.417974806789402,12.445503744856154,1
0,36.33273480740826,35.85689020410498,18.110477149673656,17.88872448687792,17.836782917823598,18.44401032053034,0
0,38.886260190374514,39.02828574873578,11.448017052931611,16.464281408027233,11.298080919470053,22.42197878234728,1
0,36.58728412881035,36.59226450323296,13.628407423882585,28.46693709588039,12.218219308117318,8.120347032929963,0
0,37.72806813421057,37.67801254436231,10.186060544159721,20.24843195471098,12.261788416599067,17.479636179499586,0
0,39.28895059696737,39.57384191312046,17.031519481967585,23.269760859942213,12.473212265855233,16.019189737025155,1
0,38.264280019095466,38.5968548226576,14.518978911400005,20.393147167800052,12.212887885253547,17.871132851295414,1
0,37.1222552220707,37.664903719638474,18.975362264466384,16.88703504519077,6.105297060743014,20.235220176879928,0
0,37.48469629074003,37.52928020260627,14.458567115629258,23.83997467421592,6.0206978653180885,13.644721616524112,0
0,38.87959774893468,38.696983097787644,14.49878667260477,22.877112776544443,7.171995817513475,16.002484972390235,1
0,37.469633368282864,37.31564077289706,21.14789798097405,18.044903387867958,7.218679241150146,19.424729980414906,0
0,38.41645858958198,38.525775714641725,10.722142539675302,21.778035669784167,14.458762907457553,16.63842291979781,1
0,38.24557183990382,38.44436629951812,23.54342492787981,26.954212560234687,8.458992390191998,11.29135927966913,0
0,37.54839965239419,37.149148867627055,22.783958115867723,23.85639154661837,16.736569257067355,13.69200810577582,0
0,40.343944089325326,40.32836992075197,20.017070248396095,16.453759906004922,17.143275954924235,23.890184183320404,1
0,38.833919022318014,39.29423742033251,18.898323551610765,23.220322458437025,17.710720054750784,15.61359656388099,1
0,36.1748574133424,36.07567140408525,23.384537472094785,25.541074489343803,17.26897565864424,10.633782923998599,0
0,38.38645431476943,38.68487559130631,12.779952692930717,26.89055108671127,9.262659863022296,11.495903228058161,1
0,37.53821353523161,37.54450589056388,11.18453743286243,24.436763679514,12.11732213644215,13.101449855717611,0
0,39.05243333479623,39.20168102025511,13.592652548643072,17.289872468111756,8.105459642363293,21.76256086668447,1
0,37.4074792615673,37.214779208009176,21.918674180502855,25.65259899885241,15.674515862069198,11.754880262714892,0
0,38.08526355853311,37.87871897847022,10.52005400089725,25.160127691222748,16.661180461729153,12.92513586731036,0
0,38.70498727898046,38.77706877404712,18.742102526252346,15.366403244109499,16.215466071570177,23.338584034870962,1
0,39.06575519417012,38.81059027988917,24.93156274286965,21.17621501385365,11.20040338436202,17.889540180316473,1
0,36.99970359294423,36.88004597036452,22.835441407563092,19.9942537044356,15.104086616241371,17.00544988850863,0
0,37.86549876415906,37.93967055228957,17.821685335653843,25.04118096380465,7.170950034915233,12.824317800354407,0
0,37.725054688839045,38.11406370252269,10.954613639299636,18.24203718466381,6.482937247431009,19.483017504175233,0
0,37.54667076742629,37.78909536924309,22.470602715785645,23.863078844613877,15.03883697170513,13.683591922812415,0
0,39.9654542402811,40.0704152845823,18.984677622658158,28.698089427212587,11.104263291944203,11.267364813068511,1
0,38.60498171096096,38.76426371533497,11.723994955893502,26.967035583129118,17.94659117687483,11.637946127831846,1
1,39.09979678005582,38.74942507165402,11.407859272350343,28.821866043247958,7.167050590266388,10.27793073680786,1
1,38.542810012698766,38.52257928396808,23.644402291548886,29.677589503990347,16.267532178422805,8.865220508708418,1
1,39.03136477112947,39.61871958475926,20.03800394407118,15.160051905092441,11.7597967863479,23.871312866037027,1
1,41.66973433559019,41.765271046834705,22.439301989751335,24.341119145662162,15.925802346046524,17.32861518992803,1
1,39.06578144451847,39.47045927226893,23.18468350423401,21.192590966383598,15.805527386041739,17.873190478134873,1
1,43.72209668428861,43.896817461159785,18.576585280724835,27.897817355026824,16.99190401634493,15.824279329261785,1
1,40.94131327114516,40.56978223575891,17.761695276325618,18.777220530136976,9.574200135433234,22.164092741008186,1
1,40.540286960803336,40.64227646130619,16.45641115481485,29.71544233672614,17.397592241544036,10.824844624077194,1
1,39.18413488576442,39.306355043654754,14.75419881686679,24.20561954315621,7.820003524291444,14.978515342608212,1
1,41.21040284323168,41.384775511732535,16.518939412880677,26.903061033432465,6.983625331121886,14.307341809799212,1
1,39.55167082589089,39.289728053661264,21.608194835952347,16.283993292341524,11.17938620846819,23.267677533549364,1
1,40.45861275903896,40.21798505382894,19.02885146522697,17.751868271382975,15.939875623702111,22.706744487655982,1
1,43.62810989974943,43.608991559235896,23.387849349322693,26.376055095513046,11.681053567601348,17.252054804236387,1
1,40.17512213035796,39.97736161735528,16.650700215687817,15.329797830589854,15.95144013036617,24.84532429976811,1
1,41.794055324171374,42.04197464169275,19.10634368078131,27.253169788406744,14.756241669531663,14.54088553576463,1
1,39.38587064733635,39.818326117756975,19.46961329637983,15.209235280378671,8.513140633667202,24.176635366957676,1
1,40.25451496235394,40.66114573931265,18.875457434594885,24.8567825859191,17.386579498793566,15.397732376434838,1
1,42.60204082632616,42.67618872957218,20.539506596282745,20.47640880347709,6.729374023552841,22.12563202284907,1
1,39.4849428248759,39.406620617673696,13.561502025622094,24.172422790787987,16.77935649052554,15.312520034087914,1
1,42.656183125396005,42.4964762311613,17.68545666318686,25.440471104836703,9.653321387884489,17.2157120205593,1
1,41.22007751609212,41.218902973697645,11.563372042125215,20.137128287794564,12.001776997972792,21.082949228297554,1
1,39.56879319133745,39.3870445062267,15.767669914672188,16.619436721662534,11.068222472408813,22.949356469674914,1
1,41.12213006077217,41.29164249587021,17.315006029318965,16.044688016223986,8.062014683002994,25.077442044548185,1
1,41.56432078451475,41.6493276772925,19.783363893182088,23.834040338438218,10.297762396820318,17.73028044607653,1
1,41.10835295088236,41.31752135755191,24.25796578879305,22.809830306011673,8.315213235513543,18.29852264487069,1
1,38.2587078641424,38.55093587890546,19.00976599822534,26.133015136816987,8.446637705526285,12.125692727325415,1
1,39.35472167142767,39.098831738799525,21.153908742648397,22.646032650059055,8.244682032316565,16.708689021368613,1
1,39.97822577378304,40.349306505196296,17.593990892428042,21.336686850463188,11.868208564159131,18.64153892331985,1
1,40.20323654216994,40.012229538611656,19.51156047064497,20.971307673543464,15.575176410135786,19.231928868626476,1
1,41.10687372681588,40.85682637168828,11.063983242006602,15.396703538965012,12.827640405134892,25.710170187850863,1
1,40.531011301213226,40.69973313579641,13.815873712627704,20.033358025449857,16.7184790626101,20.49765327576337,1
1,38.56405233367686,38.88287758109706,15.427796398077081,29.640302362867413,13.63853386292069,8.92374997080945,1
1,40.79425720630775,40.91517333085275,17.087400325097704,28.10333364340633,14.272081387591253,12.690923562901418,1
1,41.09376146886897,41.1604746319559,10.684731182535756,19.940671005513266,14.011286756724038,21.153090463355703,1
1,41.02772758231035,41.009464551392036,12.100361463299766,23.816931075995583,11.393510318204894,17.210796506314765,1
1,41.705014943221,41.85832439053574,14.152214616869585,27.709451183032407,14.272065866400993,13.995563760188595,1
1,41.38409880091357,41.12704707958999,24.57299036351576,21.61911505125103,6.836492957627534,19.76498374966254,1
1,40.896934102996966,40.59784505634998,14.970205106545762,15.269367956252264,16.31821766298796,25.6275661467447,1
1,40.20878457510376,40.15105874458176,17.230615871681238,16.1176569272796,15.33374572132701,24.091127647824162,1
1,38.14075078642921,38.31875287343816,12.941465691075894,22.6558908202306,8.942759498780145,15.48485996619861,0
1,40.85850368487236,40.903667274918895,19.161701066136523,29.541590635138174,15.21638945104899,11.316913049734186,1
1,40.56999399331204,40.65681485493374,14.210248232739614,25.398143133283014,6.151711216800222,15.171850860029025,1
1,40.65305248835399,40.59149005702737,13.104888676576401,16.063742871578544,8.606958869770565,24.58930961677545,1
1,38.6402268514336,38.61727669490498,17.748589426689687,17.84041313687794,6.781646864050751,20.79981371455566,1
1,38.89462649746925,38.84744122281398,10.082586987406312,26.569847148252748,15.362722999414736,12.324779349216499,1
1,41.66909870933277,42.099027228805255,10.11496048973838,27.621596399343673,15.070489814140647,14.047502309989099,1
1,40.24857829998635,40.32587664965737,13.286032136527867,24.26541879282886,15.763632285621968,15.983159507157488,1
1,41.18595090658441,41.70266921964443,10.550820437512318,24.666347544447248,6.0537803199063465,16.51960336213716,1
1,40.3368138889696,40.376599505954,11.62038631196037,15.42506175575077,12.014792720140896,24.911752133218833,1
1,40.33868298134447,40.32057636885022,15.082909740081273,27.427953893722627,14.458034370208038,12.910729087621842,1
1,41.5197689477688,41.325406975019504,22.038785193697194,26.824128122562442,7.864813544868186,14.695640825206361,1
1,39.62914185331741,39.228915782707595,18.58072965053951,18.885527161550208,13.797488730151496,20.7436146917672,1
1,40.42495701002328,40.23495879360414,17.690015889346245,25.630150799482607,7.009321191716229,14.79480621054067,1
1,39.69904212468344,39.454217447229,14.402332348121824,18.22281909637497,8.175910273251759,21.476223028308468,1
1,39.73515490433799,39.81516038067382,23.976305791492244,15.604952415772695,11.709561779935212,24.130202488565295,1
1,39.89807623949076,39.71586361488916,15.955225618557876,18.01704813885566,13.842781832173225,21.881028100635103,1
1,40.58877390312382,40.478564534789484,11.306391501936572,17.67943315131449,7.750429523446753,22.90934075180933,1
1,39.67762679183748,39.819470240391816,19.25599774176702,20.06621995102271,8.222679969971255,19.611406840814773,1
1,41.932482963245576,41.92978606033894,11.70757590214902,21.276742457631872,8.453356404787955,20.655740505613704,1
1,39.137010507114645,39.61897533302027,15.17834714202538,22.628083372465618,8.864409656387743,16.508927134649028,1
1,40.05706686259023,39.822789534939005,17.611179080767133,22.151308132624923,8.718646182315496,17.90575872996531,1
1,39.72834962424357,39.72751904728416,23.113337870277636,19.06011908947934,10.741789301971641,20.66823053476423,1
1,42.18107124965985,42.11649951977111,17.40319870510178,15.437560028611117,13.845475810040675,26.743511221048735,1
1,40.55552120946504,40.92738780533154,20.533881490474965,24.07652433355726,11.256381397613636,16.478996875907782,1
1,41.641397901309226,40.992510620418315,24.892252584986053,20.936172447710316,15.311686904998657,20.70522545359891,1
1,38.36877151505193,38.04415934111349,11.972336798469724,19.480082360813245,14.631222071383377,18.888689154238687,0
1,40.64716534563004,40.73596707486034,14.120972882792792,28.004115642457684,7.518322968588908,12.643049703172359,1
1,41.45652003431047,41.89039080306422,15.918641133964696,26.201149616972398,6.586099479848928,15.255370417338074,1
1,40.40696918605805,40.41706813419531,16.32742267808247,27.866483225586634,16.535298767995272,12.540485960471415,1
1,41.68512448758496,41.440602064634504,16.165316128983186,22.424741920686913,6.957972798754481,19.260382566898045,1
1,39.62752501486951,39.424288249744784,23.614165038348325,16.963968781901663,7.780070168636557,22.66355623296785,1
1,42.13215167224125,42.556453427665446,20.710489667002847,25.44332154181909,6.265599306697417,16.68883013042216,1
1,43.28856756070502,43.115271146407544,19.118578211360557,18.09110669905763,13.540036383583846,25.19746086164739,1
1,39.82830987142844,39.687052439709,14.640590767941731,21.618445036375753,12.988446757900183,18.209864835052684,1
1,39.72084672217899,40.03219990532613,22.35685576331942,15.975011834233328,17.842843997223067,23.745834887945662,1
1,42.18939982025301,42.460962991709245,24.325907672274834,27.37962603634474,16.643188755806065,14.80977378390827,1
1,42.353443789449926,42.7448871230743,22.3179742382534,16.88910961571251,10.930118129770916,25.464334173737416,1
1,39.62028196470075,39.291628299154084,10.023476577872094,28.546462605739645,10.45903009095042,11.073819358961106,1
1,39.75375713777538,39.39629232772862,19.546020552751106,27.963459033923357,9.562224411359821,11.790298103852024,1
1,39.93368000848134,40.0042500682673,10.76703072163151,21.96874146658869,7.828883040454576,17.96493854189265,1
1,38.55221433565544,38.59067581548352,13.864108305005828,26.16552306455986,7.657003879224108,12.386691271095582,1
1,39.10575246957054,39.22566659114182,10.892870505216575,24.2916761072723,7.587404496115266,14.814076362298241,1
1,38.99461700322231,39.343630922919466,19.056931794240818,27.046134635066174,7.369377086241343,11.948482368156135,1
1,39.30186316536463,38.908183387905694,20.2988487023891,21.47707651178868,8.886144508866444,17.82478665357595,1
1,40.25490964639718,40.46570298189068,11.717314570988577,26.787127263665248,9.680023563757397,13.467782382731933,1
1,40.60447915229747,40.30450518195218,15.757583245674692,21.93685225597722,17.53894765246699,18.66762689632025,1
1,42.3156506406583,42.547084105458865,16.84354763433313,29.114486817641907,12.941679012022629,13.20116382301639,1
1,39.00213974703957,38.92163534790098,15.535795326413748,22.295581512377215,17.85114929415937,16.706558234662356,1
1,41.57961911801956,41.48448568736795,11.815375007277895,21.939289079005942,10.469603373908079,19.640330039013616,1
1,40.02181450250684,39.82579137661238,16.28421685281213,26.77607792345269,11.491519591073292,13.245736579054153,1
1,40.23569717745183,40.001410676988705,21.267670717126272,27.32366537641257,9.89494390998335,12.912031801039262,1
1,41.17726533981658,41.13346130628146,11.065114967998833,23.31733671481756,8.194651810758632,17.859928624999018,1
1,38.840461371969006,38.51842426238059,11.202700211228551,17.69696720242613,7.71797649333095,21.143494169542876,1
1,40.79713267003926,40.98386901228509,15.321569377539763,22.016373464363692,17.340950373693982,18.78075920567557,1
1,40.51638787067697,40.76383129965084,24.125885674283875,29.521087543645177,17.84172818158507,10.995300327031796,1
1,40.94018664321059,41.2896416568353,20.02858970084371,26.294792895587776,6.538913958104779,14.645393747622812,1
1,40.67591923708016,40.8026604875345,20.180049350088474,27.167439058186982,7.804150496781198,13.508480178893176,1
1,43.49189018188416,43.616060940141686,15.428799862567974,15.492382482288601,11.082289107612272,27.999507699595558,1
1,39.47093802047328,39.903856864483906,18.904911868128075,22.0178919395124,8.236001716132888,17.453046080960878,1
1,39.60970395849763,39.46240546396109,10.15196776041615,24.69931700486333,10.3665647235226,14.910386953634301,1
1,39.4899173156478,39.12039607796463,19.541440696143134,27.45049025442112,7.5491561983156,12.039427061226682,1
1,39.577879745091664,39.75408716157007,23.69930421364355,15.739104803741572,11.478141080661484,23.838774941350092,1
1,39.471396734501525,39.03770733372298,19.188602025172287,27.786583284628094,9.260335394031111,11.684813449873431,1
1,41.84572149043981,42.45419188759097,23.105478901995177,23.226014051128676,10.22286066910393,18.61970743931113,1
1,42.14665552238681,42.45632232353087,20.859595831991406,17.9597095586409,7.131751817552971,24.18694596374591,1
1,39.55802981812568,40.22192937402603,11.808376246055353,19.7588282467455,11.1375366085217,19.79920157138018,1
1,39.2179377549645,39.26616845378981,23.536799609287627,19.228943276273412,17.79909133153884,19.98899447869109,1
1,40.912840223302325,41.196296915885384,10.996657665336624,22.962885514327137,9.945996562574283,17.949954708975188,1
1,39.582110042434735,39.41379771841067,18.009512088216457,15.775285198666978,16.51715129810922,23.806824843767757,1
1,41.12281136308216,41.240975660980006,12.132056856901865,17.378042377498854,16.118389699484222,23.744768985583303,1
1,40.563799927106686,40.24247683479491,10.17559916096356,27.190395650636738,17.424701019566527,13.373404276469948,1
1,38.3295326505036,37.64408752111038,16.330513901914586,16.989059861202165,15.481314147205133,21.340472789301437,0
1,42.31175676172908,42.23199244766502,14.425610614812344,18.500944041871904,13.91516192470578,23.810812719857175,1
1,42.634640975024176,42.265595527327505,17.290007406964044,21.80055908406236,16.27901333072949,20.834081890961816,1
1,39.50337470237029,39.81794549342641,18.65799830101826,22.75681332169996,6.907736167888196,16.74656138067033,1
1,39.79598797208322,40.3483667424463,10.656086084634211,26.454157194212378,11.553967886385694,13.34183077787084,1
1,40.67162500794237,40.34632010880006,11.845049426856185,21.709986399992815,17.871074863380706,18.961638607949553,1
1,40.73479382698313,40.96521624547574,18.37963594675638,26.84796931553308,15.235201815536787,13.886824511450047,1
1,41.15610755447468,41.42579844315455,15.147510297589873,24.27519460568186,17.544904536446676,16.88091294879282,1
1,42.913265900396254,42.56642803126914,20.93760231324172,16.696496091357336,15.35561227360175,26.21676980903892,1
1,40.06996860425773,39.92124022739286,19.784374728879094,17.34497157589258,16.49858360930573,22.724997028365152,1
1,39.26221358210001,39.087555952946026,22.684065444848603,21.555505881746562,14.478355587638292,17.706707700353448,1
1,38.50688500358111,38.71237327282931,20.38739240003838,20.953340896335593,15.126024053006878,17.553544107245518,1
1,39.3497909480755,39.17077468764352,16.448966160852223,26.153164044559418,12.27813611807401,13.196626903516083,1
1,40.25693493526406,40.37031154322432,20.09449933591649,23.71105709696028,17.090852409769596,16.545877838303785,1
1,42.63292522257312,42.453424030279734,14.130717613831278,20.82199621503374,15.90046692748034,21.810929007539382,1
1,39.627105311252976,39.73950876598595,14.59470248167319,17.561404251755786,16.126619587987587,22.06570105949719,1
1,40.590924337130566,40.41277954772094,21.8347773988119,18.40255653488243,14.076109211556627,22.188367802248138,1
1,40.27865023510542,40.27093987778372,16.696292746023733,23.632515277035886,9.654959365046988,16.64613495806953,1
1,41.84491125548251,41.78918734341203,21.975705107775287,21.351582073496886,6.427557544681672,20.493329181985622,1
1,43.5850121536357,44.098208698936716,22.336335605024175,22.723912632910082,17.227861552914533,20.86109952072562,1
1,39.60987059520358,39.55951870776373,22.86343506491926,17.560161529533506,13.033444185665964,22.049709065670076,1
1,39.66372872472631,39.440451249718656,23.74952853761811,24.94359378516849,9.577715653777684,14.720134939557823,1
1,41.65740914018979,41.87769535109728,16.464778307699444,27.788081112839507,7.789621294170454,13.869328027350285,1
1,41.1864589365142,41.029047259185575,14.783002274817083,18.86909260180351,15.954277986009057,22.31736633471069,1
1,42.70071952345684,42.38101829290018,18.73298119891171,22.372713387477397,16.038242333370945,20.328006135979443,1
1,41.05910664092375,41.68293672051749,15.567586351564414,29.632909935313528,15.774095617566378,11.426196705610224,1
1,39.83292028197682,39.80001099113392,19.016112502003494,19.998626108260915,13.740992303601434,19.834294173715904,1
1,41.0678512799,41.04859443860915,20.58378793965737,23.92569517385642,10.39218465110251,17.14215610604358,1
1,41.74131465475778,41.64917651597597,20.326075277382053,16.352935503003664,9.648843417363084,25.388379151754116,1
1,41.36662683555657,41.78727819970247,15.61829330530182,24.090225037191647,6.102657241418042,17.276401798364926,1
1,40.959456240439486,40.529244187203446,12.502903025481292,16.34447659956927,16.003290704258884,24.614979640870217,1
1,41.6866770964659,41.68489174776114,16.457940076933113,29.38853152985733,7.049192369923709,12.298145566608568,1
1,41.820084267579375,42.414120481751326,12.138912161228632,25.73493978108467,13.56905997648921,16.085144486494706,1
1,42.09680668834879,42.025420825423716,23.351455527757125,26.822396822035596,12.04889936208106,15.274409866313196,1
1,41.143322853866536,40.79550747670741,15.188161911067862,25.561565411574552,12.320272307116214,15.581757442291984,1
1,40.08274649558809,39.869232515670824,12.316896208349856,23.845935541146986,17.12055414369328,16.236810954441104,1
1,40.49072779236332,40.50601046626974,10.381716398586263,21.74869171628258,6.379380135254905,18.742036076080744,1
1,41.86846165646086,42.336995194428674,19.68733579429726,27.875600696415937,15.280706695545268,13.992860960044922,1
1,39.23798362771659,39.08517971989484,19.553534761821147,29.352535013145946,6.6246287804076855,9.885448614570642,1
0,38.69671415301124,38.960115659251514,15.109062498719375,22.48554259356122,6.457843271224526,16.211171559450023,1
0,38.06173569882882,37.78821579410137,11.075678332714766,28.973025737328932,11.157812377696583,9.088709961499887,0
0,38.8476885381007,38.41000005080137,16.14443342342848,23.749993649827765,6.756902092115601,15.097694888272933,0
0,39.723029856408026,39.71539389757243,14.668262425950903,23.075762803446498,15.469727415514944,16.647267052961528,1
0,37.96584662527667,38.18546207204536,20.15680959602514,21.81724099433035,12.354757123780047,16.148605630946317,0
0,37.96586304305082,37.89488546861639,19.086688741790354,18.139316422951797,6.348465391917293,19.82654662009902,0
0,39.77921281550739,39.79955364070183,15.4689059229631,15.055794912270887,6.486008237783034,24.723417903236506,1
0,38.96743472915291,38.89101925277728,13.26838831382485,18.62259340284092,13.352022356873753,20.344841326311993,1
0,37.73052561406505,38.01883321940757,24.82053949233388,22.645847574053477,15.673341811900858,15.084678040011575,0
0,38.74256004358597,38.49440480572883,16.810024317941725,20.699399283896287,11.253594375297283,18.04316075968968,0
0,37.73658230718754,37.78618177263969,20.324113536703557,21.727278420039507,12.654968058427492,16.009303887148032,0
0,37.73427024642975,37.602322213652315,12.10829451367541,29.709723293460744,15.597953448598819,8.024546952969008,0
0,38.441962271566034,38.93796731551968,17.28384549489097,20.254085560039915,13.32607408850183,18.18787671152612,1
0,36.286719755342205,36.12573804727679,10.413050798041983,21.782744090401618,8.697122851905833,14.503975664940587,0
0,36.47508216748697,36.18397813383766,17.58182676865675,17.002733270292293,13.356624310433743,19.472348897194674,0
0,37.63771247075903,37.834245072107564,24.460261106765536,15.719365986554815,13.539353508782563,21.918346484204214,0
0,37.18716887966558,37.28695085824891,15.763100694787003,26.631142718887418,14.80928377057352,10.55602616077816,0
0,38.51424733259528,38.55151801899136,10.584940188623674,23.56024762607968,13.450490250681614,14.953999706515603,1
0,37.29197592447879,37.46871542327474,10.464336863790153,26.410572090658427,17.630905565496455,10.881403833820364,0
0,36.78769629866471,36.482016464133615,15.819801399203042,17.247941983298276,8.367459704604823,19.539754315366437,0
0,39.66564876892156,39.971380547458075,12.40037404694791,23.577431567740362,17.413088154804917,16.088217201181195,1
0,37.974223699513466,38.189562903079036,10.35028144492279,18.804637115120634,12.460073884200195,19.16958658439283,0
0,38.26752820468793,38.532632581972,21.343204209252654,18.4209272535003,14.063473685938945,19.84660095118763,1
0,36.77525181378655,36.67861687831364,16.877845133228362,15.17289021079478,7.193539169426279,21.602361602991767,0
0,37.65561727547482,37.74435911317171,14.338671579589818,16.955110853536077,10.566911296537285,20.70050642193874,0
0,38.31092258970987,38.42288782662004,23.501247745247213,19.63902167249543,15.232549757558072,18.671900917214437,0
0,37.0490064225777,37.28597454872909,11.742084403007883,16.753181408864087,14.482932181187884,20.29582501371361,0
0,38.57569801834568,38.90169698715069,24.338782434329786,29.787876606164062,6.481672657984922,8.787821412181621,1
0,37.5993613100812,37.562964082177125,14.709500760660292,19.62948972785926,12.559131161966935,17.96987158222194,0
0,37.90830625020673,37.58436112639572,23.32605508463022,16.954859200534923,7.059338315620913,20.953447049671805,0
0,37.5982933877706,37.89611012246065,19.044143147191924,17.986234692419366,17.95027715013795,19.612058695351237,0
0,40.05227818450894,40.28947561259902,22.40061039612231,23.815548425122145,16.767559062399535,16.236729759386797,1
0,38.18650277526207,38.152314777136226,24.760197448156966,15.960652857971828,6.2529679251424435,22.22584991729024,0
0,37.1422890710441,37.33650790438306,14.326081567281186,27.936511952117353,16.30379494683157,9.205777118926743,0
0,39.02254491210319,38.54462003849154,24.417032281113894,29.42249518855721,17.03315520670089,9.600049723545983,1
0,36.97915635002898,37.23039030951991,15.842228423536305,18.701211310010713,10.24257867076146,18.277945040018267,0
0,38.40886359500476,38.2059885677691,15.782678571053836,21.75142902886289,14.63401986057319,16.65743456614187,0
0,36.24032987612023,36.07734386587646,15.105806563817586,15.332016765442456,11.305244954493347,20.908313110677774,0
0,36.87181395110157,36.90311477303273,18.121114110213778,24.610653370908324,13.862789814916129,12.261160580193248,0
0,38.396861235869125,38.55032887303369,12.312175647677307,21.208890870788835,10.083808851578297,17.18797036508029,1
0,38.93846657999541,38.847592984067816,18.305672280370167,19.050876991523335,9.87071083959922,19.88758958847208,1
0,38.37136828118997,38.47517954672601,18.12557218615006,18.102556659249128,11.093206666290948,20.268811621940845,0
0,38.08435171761176,38.06151723068095,21.42852718907305,24.81034616488141,7.746813103830014,13.274005552730351,0
0,37.89889630441071,37.970053956276125,22.504749429063786,21.243255465484715,15.973667573224592,16.655640838925997,0
0,36.72147800963258,36.69844088531641,16.606620254686362,17.69488933544868,10.184374744339639,19.0265886741839,0
0,37.48015579160529,37.49730691022158,14.534998740272407,25.33663622230236,10.801794646870142,12.143519569302931,0
0,37.73936122904021,37.2921913260356,13.890023459756417,23.476084245550403,16.728655352425733,14.26327698348981,0
0,39.25712222621892,39.07695935340846,12.919357550573078,27.880080823942443,11.959485768758057,11.377041402276475,1
0,38.543618289568464,38.485902892134824,10.864713732985374,16.762138483147393,12.531046912210355,21.78147980642107,0
0,36.43695984463727,36.42572000776667,15.136719682520699,26.78499902916684,17.47797749732518,9.651960815470431,0
0,38.5240839693948,38.45917798558193,14.053715381961748,25.102751802258886,16.64071659773987,13.421332167135915,0
0,37.81491771958369,37.74619868758063,24.49626078799611,16.725164052421466,8.033600506661275,21.089753667162224,0
0,37.523077999694046,37.2966215124154,18.36563239375066,25.42231094807581,11.67858035901726,12.100767051618234,0
0,38.81167628884087,38.60701432533442,15.209155585457612,21.623209333197458,17.655554729142544,17.188466955643413,1
0,39.23099952249596,39.1466018257333,18.70701401490544,29.174771783337647,10.468395578743232,10.05622773915831,1
0,39.1312801191162,39.18300663792586,12.087950520185434,17.12417025926849,10.4588773021944,22.00710985984771,1
0,37.360782476777366,37.50285999310211,16.66065623803304,24.64250086223607,8.340362781469853,12.718281614541297,0
0,37.89078762414879,38.074162394544445,19.393514821315957,20.729700681944188,7.371877369429503,17.161086942204605,0
0,38.531263431403566,38.345182239529095,17.33346747688677,29.352220058863168,14.883657489071782,9.179043372540399,0
0,39.17554512712236,38.80040301256517,16.026682009814863,19.949623429354148,15.240365624418198,19.225921697768214,1
0,37.72082576215471,38.364537690860985,24.907725833495473,29.432788642377,17.628155562036,8.288037119777709,0
0,38.014341023336186,37.75182169786791,23.204721432233903,28.522287766511237,15.281018530864356,9.49205325682495,0
0,37.09366502599397,37.04755401176272,19.351089372391602,19.055748529659844,8.920229928403185,18.037916496334127,0
0,37.00379337591933,37.30357498678083,18.54066041773424,27.053126652396415,6.481398939462185,9.950666723522914,0
0,39.0125258223942,39.00052749578358,19.30990719736876,29.934063027052588,17.82524861243592,9.078462795341615,1
0,39.556240028570826,39.72968043973945,13.019681617336499,18.789945032569236,10.08540834652327,20.76629499600159,1
0,38.12798987841967,38.0675867396812,15.92706614896478,21.551657539849796,9.74365850918905,16.576332338569873,0
0,39.203532897892025,39.27757831161199,10.59189299336349,22.802711048501394,16.87146251699259,16.40082184939063,1
0,38.56163602504764,38.70460826370354,17.1331905623024,19.423967037057963,13.021198782539834,19.137668987989677,1
0,37.55488024539488,37.47816821924248,18.14536875936495,15.228972594690447,8.578454086189614,22.32590765070443,0
0,38.561395605508416,38.63358449069629,13.416246041548144,18.3019386629629,16.669154912594877,20.259456942545516,1
0,39.73803656646597,40.08616757387899,24.460432707482706,19.229053265126375,17.920330260656918,20.508983301339597,1
0,38.16417396089005,38.10676803584182,23.64181916405863,21.653995519772806,7.040142733809969,16.51017844111724,0
0,39.76464365581401,39.77946770259039,20.832148531838588,17.566537176201027,16.347019539629848,22.198106479612985,1
0,35.58025489591026,35.895209477197,18.000799431480438,28.09881535037509,10.686188372212728,7.481439545535167,0
0,39.02190250437523,39.21541066407224,23.049537394715273,25.57366699097004,12.288869358080452,13.448235513405187,1
0,38.287047068238174,38.70977594269284,11.959785157351943,16.27800716339493,16.97779170917977,22.009039904843245,1
0,37.90099264953413,37.52198890586321,21.857646914123276,24.75138676709897,17.680550349301406,13.14960588243516,0
0,38.291760776535504,38.50156122283133,11.872312209502724,24.804847146084306,9.145966924905593,13.486913630451198,1
0,36.21243108539911,36.28525345916277,21.91315993824108,29.343317604654416,8.554209251518966,6.869113480744694,0
0,37.98032811216249,37.779637495437264,14.136513523770354,15.045313070342418,6.966198703098142,22.935015041820073,0
0,38.55711257151175,38.550248106023304,23.156358715272834,18.718986747087108,12.741574231945656,19.838125824424644,1
0,39.67789404474152,39.92866502247496,24.16063140738097,28.916872190629732,6.16325274540802,10.761021854111789,1
0,37.681729781726354,37.3681439301522,12.231939541076734,28.982008730974243,10.942779571319239,8.69972105075211,0
0,37.39150639710682,37.333529629675525,16.940134075980904,25.808796290559563,6.880608199824103,11.582710106547253,0
0,37.69824295641546,37.84810840147429,24.714810672440276,26.4864498157131,10.862709395152008,11.211793140702362,0
0,39.11540211770208,38.869022045048446,17.251111539597197,16.372244368944706,6.479186271187311,22.743157748757376,1
0,38.52875110965969,38.37833489982661,22.953212837718176,22.708137521673503,16.02260712730523,15.820613587986184,0
0,37.67023979623296,37.812210041045326,18.830972831969795,18.47374486933499,8.51686792726279,19.196494926897973,0
0,38.71326743311336,38.41825383476637,15.629948618794028,17.71827065420426,9.939704524294944,20.994996778909098,0
0,38.297077549348046,38.222763604105204,14.286753332888054,27.154549486849987,16.440575959276703,11.142528062498059,0
0,39.16864499053289,39.143795423598334,13.048346366291309,17.02557205020821,14.955192735986461,22.14307294032468,1
0,37.49794690612265,37.74376180356043,21.42697287066546,22.029774554945778,8.628460339704702,15.468172351176872,0
0,37.87233785340224,38.24737061124968,15.798107602345418,29.078673593790498,6.862793023889953,8.793664259611745,0
0,37.80789184686785,37.53770015333216,17.66913193301127,17.78748083348014,14.588085322264075,20.020411013387708,0
0,36.73648505186789,36.88264078915141,17.384882200017728,29.669901356073517,10.688430608257312,7.066583695794371,0
0,38.49612027706458,38.42068544170867,18.65918543849697,29.914319786415888,15.192959989418654,8.581800490648689,0
0,38.46105527217989,38.05332594143811,22.983657184368283,23.33425732023604,11.343537268502525,15.12679795194385,0
0,38.20511345664247,38.09958287117874,24.711090153751442,17.55214110265737,10.152028955667317,20.652972353985103,0
0,37.96541286662485,38.18206741344709,16.113763128607253,19.741573319113435,11.414464898548758,18.223839547511417,0
0,36.78462925794959,36.86906086007882,22.412783831594545,21.367392490148028,14.98270782804812,15.417236767801562,0
0,37.77935467723464,37.74288109307702,21.467916919820766,19.639863365373344,16.82664343848449,18.1394913118613,0
0,37.857285483473234,37.72632373041482,18.602934271833597,19.209533698147737,6.597206359062906,18.647751785325497,0
0,37.39772273077838,37.183332434894034,24.340707154178997,29.583445638245365,12.289338494723461,7.814277092533018,0
0,38.03871428833399,38.141596220710106,13.00711773292604,17.300472411236186,6.394025149006531,20.738241877097806,0
0,38.60405085681454,38.33200065095398,11.63896315464432,25.999918630752934,11.620914540292304,12.604132226061605,0
0,40.08618590121053,39.9399507652673,22.809429504331334,15.006154341587623,16.623393949162804,25.080031559622903,1
0,38.374577812831845,38.168458079671716,16.587247249506223,23.942740041035652,10.339083197043717,14.431837771796193,0
0,38.457550390722766,38.110086839525515,22.704532813105907,28.739145059310786,17.189405052967718,9.71840533141198,0
0,38.12555408423383,37.80544790870882,23.396353077931224,19.319011411398286,13.567301659807313,18.806542672835548,0
0,36.28122878470096,36.377736882969074,10.93686390428607,17.78288962886579,17.209864125516077,18.49833915583517,0
0,38.173486124550784,38.36179842461459,23.25197144479091,24.775196923176402,15.085999504950236,13.398289201374382,0
0,38.26023020994103,38.254487831124194,16.724785830541332,25.689021109475895,7.2412219997851475,12.571209100465133,0
0,40.66324211248529,40.41743633772576,17.65648733506348,25.320457784279718,8.773816410752126,15.342784328205575,1
0,38.00763903521888,38.34168197439744,19.398887666398153,19.78975320032061,10.730045455002074,18.21788583489827,0
0,38.501547342333616,38.24973571174088,23.895739100951303,18.783036032389962,8.041282584144913,19.718511309943654,0
0,38.16528823029476,38.305289744004554,10.28674141644646,29.338781999430665,11.938939257319927,8.826506230864098,0
0,37.03132196238048,36.98920405900761,17.152652024767256,28.849492624048942,11.656417868417886,8.18182933833154,0
0,39.342822814515024,39.20512200681286,20.315830636458408,21.859749148392304,17.475110376328573,17.48307366612272,1
0,38.951933032686775,39.13845673606148,20.840604365473425,27.692907992315604,11.204734594751733,11.25902504037117,1
0,38.99103194704305,38.74572118268388,20.38798647305662,21.78485216451444,15.427521651455974,17.206179782528608,1
0,37.29061254520526,37.2690733178313,12.016526941121828,21.365835271087654,17.302926538217758,15.92477727411761,0
0,39.602794310936105,39.841188446288086,14.490933825575219,17.35144421398942,16.523865971687826,22.251350096946684,1
0,36.79814893720772,37.24883127322096,15.380732881255202,21.396090847379593,8.504011494139101,15.402058089828127,0
0,38.78685709380027,38.75550996736803,22.066558115192574,23.061254078997106,11.952358731042532,15.725603014803166,1
0,40.390455625809984,40.51729948070856,14.181398086218294,15.337564911430297,10.17287738755111,25.052890714379686,1
0,37.20946367486931,37.82670643937895,13.160574458008048,21.661695077631094,10.798304341646586,15.547768597238218,0
0,37.63370227039723,37.806237253792574,24.361720285571444,26.720343275928006,10.329681914949015,10.913358994469224,0
0,38.29965136508764,38.13839447323509,10.132949276702034,25.200690845614048,15.91631052210005,13.098960519473593,0
0,37.6965243458838,37.52378116133633,24.967312835229674,24.527354832959027,11.42566866146937,13.169169512924775,0
0,36.64933656893387,37.01085334858753,20.152319482860932,28.643331426558035,12.284331986936259,8.006005142375834,0
0,38.26856297480603,38.057836158820976,22.427039491736757,15.27048014737845,17.789368284564894,22.99808282742758,0
0,37.1376962862739,37.37315428965693,14.419290945192898,23.355713792883513,6.719751266298197,13.781982493390387,0
0,38.67359243063518,38.84551813819083,10.214729165005899,26.810232726145607,11.855491677488985,11.863359704489575,1
0,37.2805757657662,37.29503975407585,21.06804277842295,23.12003074051901,15.288740483353394,14.160545025247192,0
0,39.74993440501754,39.72113253369035,22.512168955010136,19.858433288705687,7.813943498258718,19.891501116311854,1
0,37.41674670766377,37.42364993218896,21.10714197930279,17.04375847637967,13.338379135377288,20.3729882312841,0
0,37.87793848379432,38.153492431382055,12.14275430951258,28.31344607724287,8.873577354413602,9.564492406551448,0
0,39.01351721736968,39.02350851291349,21.301418833854534,22.061435885814046,16.40884935869481,16.952081331555636,1
0,36.96913568356605,36.85462617636172,21.533841731614615,28.17172795478552,9.92519598480095,8.79740772878053,0
0,38.42745993460413,38.46969774530802,19.878107735050826,23.787781836497523,9.948753802810915,14.639678098106607,0
0,39.507142754282434,39.5390969460062,21.491738991933794,25.11288174922501,13.178326542214723,14.394261005057423,1
0,36.59251676543877,36.38348866147459,22.688821595165983,27.06391731567675,8.202754897438904,9.528599449762023,0
0,38.384633858532304,38.26090133464799,19.204061713561877,24.887333169002016,9.418663666836732,13.497300689530288,0
0,38.45988279424843,38.37223341911853,11.329070709545185,20.970822610184065,10.999582201432938,17.489060184064364,0
0,38.98182287177731,39.09836399392856,17.314417145008164,22.704500758929765,10.243654357681324,16.277322112847546,1
0,36.96304928912192,36.6436345370389,11.164740020074076,27.045682870138197,12.298526616066988,9.917366418983722,0
0,36.87954338691573,36.45516196443524,16.11314546548646,20.604754445594764,13.195681728827594,16.274788941320963,0
0,38.7219415656169,38.21342542518778,16.106597336884413,20.821821851527456,12.800009445001976,17.900119714089445,0
0,38.49698467323319,38.28851718607304,10.990147662103624,16.43535174087002,13.850019743903188,22.061632932363175,0
0,38.45049285034588,38.79024986777339,15.23230800954219,28.718766528326213,9.692994199293842,9.731726322019668,1
0,38.54644820949698,38.58907564220655,11.664971481869722,16.365544724181625,7.517114725860337,22.180903485315355,1
0,37.51997527842151,37.50221489870617,22.123528150138334,24.723137661728337,15.129690497172925,12.796837616693175,0
0,38.43225369716101,38.61041666254366,24.21532038946706,21.197917182041966,16.209364591568182,17.234336515119043,1
0,38.49307247329868,38.43132567316935,11.084747128869079,21.084290853831636,9.084074786669188,17.408781619467046,0
0,37.48564858197364,37.39845377961127,24.326728109375523,25.19327754859026,10.885103473896237,12.292371033383382,0
0,40.06577451114476,40.19194875208442,17.838648990051176,16.00640598944818,11.982830603562663,24.05936852169658,1
0,38.67383292091179,38.64875530604583,14.493485169308109,23.905586744271517,12.399922113035236,14.768246176640275,1
0,37.00869650279736,37.30735618568332,11.152931129142452,26.580476789585322,13.913882053051822,10.42821971321204,0
0,38.85655360863383,38.96061446905361,17.509364021056268,27.423191368298912,6.499238800263856,11.433362240334919,1
0,37.22531832977268,36.93953635327275,21.91773316736123,17.55795584090663,14.657724992808204,19.667362488866054,0
0,38.98708460374245,38.87230971399062,20.606297159000473,28.461285751172603,6.743652083752924,10.52579885256985,1
0,39.35859557900741,39.101262468978305,10.753390171959607,24.842191377711632,11.619462812074413,14.516404201295774,1
0,37.379317681648295,37.73417742390152,11.093527530518553,28.22782201231024,15.93205362683033,9.151495669338054,0
0,39.16337612924433,39.04176631394678,16.043099239489557,22.279210756652972,11.414583759340754,16.884165372591355,1
0,38.6127809269365,38.294955998588335,14.429357410719149,23.13050017645803,7.789076985218973,15.482280750478473,0
0,39.022060159994496,39.12971540675656,13.485764845840718,28.78557415543007,17.820406140071515,10.236486004564426,1
0,40.09679298265395,40.092010854797444,14.215067483630705,28.498643150320078,16.671425544891157,11.598149832333874,1
0,37.95461188399713,38.04622069519572,22.05224114945327,21.72241310053503,15.255763598700169,16.232198783462103,0
0,37.44626383564251,37.96707048420372,23.938420804477808,19.116189474535226,10.938139234790524,18.330074361107286,0
0,37.31048557037448,37.57281954785228,16.076540417913495,20.89755651846396,8.206148722671573,16.41292905191052,0
0,37.384189715034566,37.45346828057643,23.591665031987453,20.816464927946246,17.296934177022017,16.56772478708832,0
0,38.1228982905859,37.68557597500207,14.82243551871823,19.30300312474191,12.388213518205667,18.81989516584399,0
0,38.54115197481665,38.347770447480045,17.146554795156874,19.028694064994497,16.22826552464982,19.512457909822153,0
0,38.47669079933002,38.51667244762243,13.390434967239996,27.915944047195794,10.105140069113109,10.560746752134229,1
0,39.02718324903603,38.771616569517846,19.60714063263766,16.047928810269926,10.023459804953648,22.9792544387661,1
0,38.21300189187791,38.75868665814805,24.68471672762213,25.16416773149391,17.826485768088467,13.048834160383997,1
0,39.65353407715732,39.65926159382523,19.052396440650682,17.592300771846784,12.261996581938197,22.061233305310534,1
0,37.935343166762046,37.85865929279271,15.367211261703233,20.167588400910947,7.6883450863289555,17.767754765851098,0
0,40.92016916658962,40.65261483590382,19.717261689857928,15.923145512022552,8.636096135936489,24.997023654567073,1
0,38.82566734776501,39.00760316357734,11.843810176980814,19.04960455283193,11.783331352712649,19.776062794933083,1
0,37.34284244358372,37.06778947146593,23.32988620398098,26.526316066758632,6.509650925860936,10.816526376825088,0
0,37.12910750193889,37.77379816105433,17.546259261697546,28.27522986820888,11.550407824539606,8.853877633730011,0
0,38.68247241524319,38.99341674177172,16.74024613059463,18.322907278535506,11.027290104961532,20.359565136707683,1
0,37.97653721467415,38.28437425928893,18.78797182680279,21.953217588883827,15.352035183833843,16.023319625790325,0
0,38.91400049409209,38.50356111424754,19.371757941841036,22.054860719058098,10.259303573870902,16.859139775033995,1
0,38.673237624573545,38.67517096330884,11.076637093397695,28.10362958639601,17.790585138475194,10.569608038177535,1
0,38.12717108734313,38.4084641136549,20.239258318351034,26.44198579313708,8.169239031610838,11.68518529420605,0
0,37.3532062819316,37.578430733795834,13.628975204732944,22.696158275520748,13.09184021961762,14.65704800641085,0
0,36.68515277531414,36.65951033594339,20.709289487598845,25.0612080070766,7.076391564099056,11.623944768237536,0
0,37.75348504793298,37.61831739353087,22.33802191576295,27.710325808640505,14.806367807927785,10.043159239292478,0
0,39.05639879432348,39.01885532551694,22.059377613287804,15.143084310383173,17.937044256743658,23.913314483940304,1
0,38.414093744130206,38.191653196274,18.28751451111834,21.043350465750727,15.829663653019587,17.37074327837948,0
0,36.954261221288014,37.33113081992675,17.802548384661268,28.608647509156178,12.668442488643615,8.345613712131836,0
0,38.37318092585119,37.85116243629872,12.143139420091176,26.104695462659272,11.816896288796304,12.268485463191915,0
0,38.58531737972884,38.91485903507991,21.63019225604703,23.14262061501112,16.02035953520216,15.442696764717724,1
0,37.31614256379887,36.99644265675579,14.071140706700715,22.944667905527,17.23168901652869,14.371474658271868,0
0,38.35372510594553,38.03826758828747,17.450431342269198,20.216551464066566,17.870478309577116,18.137173641878963,0
0,38.258208718446,37.71753753596302,14.264111393912751,22.807808004622718,10.758470730773809,15.450400713823282,0
0,37.05702970216938,36.80135401606439,12.007425444995397,24.8307479919518,17.891009697534148,12.226281710217581,0
0,38.557787360348286,38.90979643538854,19.443365453376046,21.275445576431895,7.8711150260859775,17.28234178391639,1
0,38.76078452636824,38.814301622432936,10.814980522343557,25.71229719588261,9.04259731118291,13.048487330485631,1
0,39.28305124317528,39.05665213272875,21.229678511893,27.918483408905786,7.068193496806755,11.364567834269494,1
0,39.25380205203491,39.40143781821782,14.763801928916749,17.320272722772916,9.260862197813779,21.93352932926199,1
0,36.82233063204291,37.105814357261906,10.00202039506728,21.773205342261367,15.215250619416134,15.049125289781546,0
0,37.26217496008488,37.13103758904579,17.66693708855845,21.120301369276216,16.235092298141396,16.14187359080866,0
0,38.71503526720866,39.37750422351404,10.702778627914046,25.311972060745923,15.34671174123086,13.40306320646274,1
0,38.71378595091221,38.91001590416905,14.142543367313493,18.74801197886894,13.572789338012356,19.96577397204327,1
0,38.71504768630605,38.98316989020573,20.60464731183574,24.603763724284143,12.167598150271747,14.111283962021908,1
0,42.05273149065472,41.854701290992224,10.940344324327988,28.162338625972318,14.504451470563758,13.890392864682404,1
0,38.77089051069317,39.00982420802477,22.590077385340035,21.27197399690434,10.690002591206662,17.49891651378883,1
0,39.33556564018061,39.330678116002495,10.057298839878747,28.6652354996883,16.095700217996423,10.670330140492311,1
0,39.154001763493206,39.300820351327985,13.702358038028533,29.897456084002176,14.126281127721425,9.25654567949103,1
0,38.8513912513058,38.80726895400625,21.11356084228107,16.59138074921928,14.373656381932902,22.26001050208652,1
0,37.884730755359655,37.912033617441814,14.744052245939603,18.49579781977288,12.431231917548855,19.388932935586777,0
0,38.95896922049327,38.66595442982215,11.528385820990202,29.255696272231397,16.622747810534072,9.703272948261876,1
0,37.427174785462434,36.925000677622236,15.40350878200642,29.374915297220802,9.02417680414863,8.052259488241631,0
0,37.96318139326,38.22827512695359,14.055899295767883,16.465609130801376,10.573771840332608,21.497572262458625,0
0,37.7146364521709,37.378200179954746,22.640678532408323,15.22497750565705,15.331710836132268,22.48965894651385,0
0,38.281874139386325,38.26066799720923,14.700218763777148,17.416500348846334,11.912986753552053,20.86537379053999,0
0,40.51465856667351,40.58047846599413,21.833987076640106,29.940191750733725,16.67056816109029,10.574466815939786,1
0,36.33273480740826,36.43840004600672,23.378082172161022,17.6999942491603,10.156791837154227,18.632740558247956,0
0,38.886260190374514,38.67969428719336,16.507261293647943,22.538214100830345,10.431962025835738,16.34804608954417,1
0,36.58728412881035,36.59818987282834,23.649147157815882,27.726265896457665,16.664829472639504,8.861018232352688,0
0,37.72806813421057,37.85755180671742,15.659770809447892,15.306024160323094,11.572443842184493,22.422043973887472,0
0,39.28895059696737,39.487461322128986,24.461176247351624,24.06733473387689,12.19349501042984,15.221615863090477,1
0,38.264280019095466,38.646756946135646,11.339342867883595,19.155381733044365,9.993164584028152,19.1088982860511,1
0,37.1222552220707,37.17651981002724,20.305288997548644,27.935023746595974,9.320039306148983,9.187231475474725,0
0,37.48469629074003,37.50598466208831,17.40721060685393,19.251917238961187,13.871384530060704,18.232779051778845,0
0,38.87959774893468,38.737589313566176,15.814732081834705,25.301335804228636,7.438087938494446,13.578261944706043,1
0,37.469633368282864,37.619093644106314,19.490678181229015,25.113294486710956,16.55127169419491,12.356338881571908,0
0,38.41645858958198,38.57342077413684,20.55785637451497,18.3224032328946,15.350437641181294,20.094055356687377,1
0,38.24557183990382,38.235824096015804,10.065449044754637,15.521987998025251,8.288979164469634,22.723583841878565,0
0,37.54839965239419,37.61089005114575,12.50429633120798,21.13874360678096,14.328239349894785,16.40965604561323,0
0,40.343944089325326,40.3252968217641,20.695690759514783,19.337897279488047,13.231595055427618,21.00604680983728,1
0,38.833919022318014,38.94292267004636,19.995781203673097,27.13466624420563,8.21442060883973,11.699252778112385,1
0,36.1748574133424,36.46395629738536,24.490712576930157,27.00546282683018,9.27844207260279,9.169394586512222,0
0,38.38645431476943,38.60515712573688,21.415566853761746,21.85535928288938,10.907838044806013,16.53109503188005,1
0,37.53821353523161,37.58721853296121,24.26159061597007,24.097683379848284,14.390912822945687,13.440530155383328,0
0,39.05243333479623,38.74748885808157,20.538107523022106,24.063892739803876,13.664680905804072,14.988540594992351,1
0,37.4074792615673,37.26074102218868,14.470783129591648,27.407372226414353,12.386818172120375,10.00010703515295,0
0,38.08526355853311,38.24899971030521,11.580473833762847,21.375036211847963,15.220926517368412,16.710227346685144,0
0,38.70498727898046,39.266946398425134,21.72735795017403,19.131700196857636,15.095252875273992,19.573287082122825,1
0,39.06575519417012,38.968195809823136,19.66223832213874,18.97552377210821,13.41430984874707,20.090231422061912,1
0,36.99970359294423,37.15565692648614,10.722790185899443,23.042884189233064,15.443881000617903,13.956819403711165,0
0,37.86549876415906,37.82610221567214,15.400756988514676,21.73722304098319,10.01116049735051,16.128275723175868,0
0,37.725054688839045,37.3871855074818,24.351997232264292,21.601811564774042,16.574994339871267,16.123243124065002,0
0,37.54667076742629,37.18906351930924,17.50601718565302,16.36706008634561,13.378921029623289,21.179610681080682,0
0,39.9654542402811,39.57376755111717,16.49093704029557,25.779056110352933,15.868362165749167,14.186398129928165,1
0,38.60498171096096,39.05435159744217,16.86549407738941,18.20605031972866,12.555349257483407,20.398931391232303,1
1,39.09979678005582,38.51636556437495,13.133240860077455,17.95430445313082,8.621258939864164,21.145492326924998,1
1,38.542810012698766,38.43046900156671,15.530607562971928,21.1913748041609,12.508921544139703,17.351435208537865,0
1,39.03136477112947,38.73266659900586,15.547198839807649,18.416675124267023,10.453339965319056,20.614689646862445,1
1,41.66973433559019,41.469937007923036,10.785325302812087,23.75787400962023,14.369988432445133,17.91186032596996,1
1,39.06578144451847,39.27542439927986,21.513514427768776,20.571950090017072,11.709525500816829,18.4938313545014,1
1,43.72209668428861,43.826130593288866,16.247566478558184,21.733675838891852,16.033353659132253,21.988420845396757,1
1,40.94131327114516,40.65553968140752,22.33269830224635,23.057539824060434,14.136870147863,17.883773447084728,1
1,40.540286960803336,40.31557573730219,22.755220016798432,18.05303283722707,14.214533196375887,22.487254123576264,1
1,39.18413488576442,39.06130980525614,13.179910820479872,17.336274342982946,8.60586400189278,21.847860542781476,1
1,41.21040284323168,41.13434937165517,19.86030223255193,28.20632854310407,17.810997197895485,13.004074300127606,1
1,39.55167082589089,39.607953155660226,17.084227062444725,21.505855542471316,16.100102511257866,18.04581528341957,1
1,40.45861275903896,40.830548766844096,23.202351068822274,21.181404144488088,15.468058614728335,19.27720861455087,1
1,43.62810989974943,43.115726541967256,13.236110187646812,15.534182254092622,9.96258270192033,28.093927645656812,1
1,40.17512213035796,40.16024284368951,20.167198004650665,22.469644538810897,12.427579834166783,17.705477591547066,1
1,41.794055324171374,41.713499633406684,19.116281833790836,23.312545824165,7.645238256891943,18.481509500006375,1
1,39.38587064733635,39.652939095485436,14.429522163577492,23.382613064319997,12.461711719952472,16.00325758301635,1
1,40.25451496235394,40.31515625968125,12.049013554767589,25.605467539843264,7.750670957799447,14.649047422510673,1
1,42.60204082632616,42.578702179801084,19.774596407159148,17.662227524865177,12.636454127875215,24.939813301460983,1
1,39.4849428248759,39.769733223892324,21.07896187198496,18.78334701345928,13.784662561858868,20.70159581141662,1
1,42.656183125396005,42.34271234417235,14.734410156450249,27.16095697845619,10.682351606998829,15.495226146939814,1
1,41.22007751609212,41.60633952597879,19.672489060334705,29.20755925265091,11.982538539975518,12.012518263441208,1
1,39.56879319133745,39.683688070315924,15.92696361417255,17.03899121050981,16.50784065209503,22.52980198082764,1
1,41.12213006077217,41.28028205345938,20.698103249239267,22.464743317578275,7.302757736433712,18.657386743193896,1
1,41.56432078451475,41.81429884967125,12.988229123410797,18.212643791093804,15.500794715995834,23.351676993420945,1
1,41.10835295088236,41.232791219797406,23.353225039542615,15.901097525324737,8.049054611954357,25.207255425557626,1
1,38.2587078641424,38.78093959942486,14.311143946983696,19.88255007189203,6.440495793655541,18.37615779225037,1
1,39.35472167142767,39.382757484977894,15.516789816342293,17.15531437776319,8.226895232940574,22.19940729366448,1
1,39.97822577378304,39.75480803118789,10.871379281205247,25.648996101513696,15.180518279645877,14.329229672269342,1
1,40.20323654216994,40.07595295035943,11.672683184819146,23.005881205071667,10.86151288004232,17.197355337098273,1
1,41.10687372681588,41.122739863481165,17.737928540684923,17.157517064854662,16.470246202154183,23.949356661961215,1
1,40.531011301213226,40.37889100939134,14.013890150919572,15.138623826082716,12.29649049418719,25.392387475130512,1
1,38.56405233367686,39.063021154117095,22.532203386132913,27.12235573536319,6.267004223115972,11.441696598313673,1
1,40.79425720630775,40.85885667126029,10.220400829824307,17.642916092463715,14.600563315223122,23.151341113844033,1
1,41.09376146886897,41.06725400293351,15.686410730079043,24.09324963331149,7.322794904654792,17.00051183555748,1
1,41.02772758231035,40.99956937043079,15.06018320153639,20.053828696151186,15.472555601543093,20.973898886159162,1
1,41.705014943221,42.4697416874022,10.289914463764015,23.782289074725533,8.01723059766216,17.92272586849547,1
1,41.38409880091357,41.18212156476212,11.865525985007654,19.73480440473486,10.14535662966616,21.64929439617871,1
1,40.896934102996966,40.78956725271693,16.20464012377953,16.304093410383814,15.135257155504323,24.59284069261315,1
1,40.20878457510376,39.99324599897307,17.3929687667117,18.344250128366305,17.45077628971706,21.86453444673746,1
1,38.14075078642921,38.09743297202251,16.064346208823036,17.820878497186133,10.457207407760787,20.319872289243076,0
1,40.85850368487236,40.86863767770725,17.964065176181407,21.420290286594657,15.95280264238723,19.438213398277703,1
1,40.56999399331204,40.50100594598886,18.926975123585223,24.87425675139236,8.289507185710065,15.69573724191968,1
1,40.65305248835399,40.42834327100644,10.148857316917535,18.957091124195365,15.686157242429893,21.695961364158627,1
1,38.6402268514336,38.618551607763926,16.96142739180256,15.18104902950927,13.889928711075012,23.459177821924335,1
1,38.89462649746925,38.85772751628823,24.452488613313825,22.784060463971354,8.312922086548422,16.110566033497893,1
1,41.66909870933277,41.76730886127693,17.78548420194323,24.08639234038458,9.63004752421694,17.58270636894819,1
1,40.24857829998635,40.44445554071979,20.163134011884296,29.443057410027144,7.5812506631644325,10.805520889959205,1
1,41.18595090658441,41.36926350362881,14.677957868753248,23.842062046398702,10.59560413277176,17.343888860185707,1
1,40.3368138889696,40.62345929287462,21.609870672291436,22.067588390672128,8.443783693479329,18.269225498297473,1
1,40.33868298134447,40.49119180489228,21.593822228141725,23.601024388465557,13.727975443565683,16.737658592878912,1
1,41.5197689477688,41.58865192441656,17.819440714812085,28.918509447930404,17.934061250646707,12.601259499838399,1
1,39.62914185331741,39.50059462252781,24.640207349188202,27.42567218402469,6.144109957011169,12.203469669292716,1
1,40.42495701002328,40.201242551996344,11.883253221439801,19.844681000457122,12.491037759447584,20.580276009566155,1
1,39.69904212468344,39.73152947636114,10.254214973343714,18.558815454857058,12.883999170588117,21.14022666982638,1
1,39.73515490433799,39.66848396651608,21.55237317635644,18.939504185491103,16.97050547616974,20.795650718846886,1
1,39.89807623949076,40.09946947523417,22.107333060473238,22.566315595728195,12.07206401720325,17.331760643762568,1
1,40.58877390312382,40.75071406585258,11.803108436808644,26.160741768428664,12.52441703573901,14.428032134695158,1
1,39.67762679183748,39.779613695138046,13.98374249437909,22.548288107744433,11.659833615940663,17.12933868409305,1
1,41.932482963245576,41.49186443250063,10.263285450499433,16.01694593742169,9.226851654737777,25.915537025823888,1
1,39.137010507114645,39.5331703159472,14.399629161708472,25.85371050659971,6.672349598986964,13.283300000514934,1
1,40.05706686259023,39.96328358455949,21.597128108780073,27.08955193006431,10.903892186518034,12.967514932525923,1
1,39.72834962424357,39.405260256185635,17.769407915688685,19.342467976795795,6.631097654888142,20.385881647447775,1
1,42.18107124965985,41.940304911286,15.22143389752432,24.961886089250257,12.605909633591013,17.219185160409594,1
1,40.55552120946504,41.168808971873474,15.576089423594954,21.398878515815902,9.687523718907517,19.15664269364914,1
1,41.641397901309226,41.49330567731271,10.020304385732022,28.336790335911644,12.403228818305134,13.304607565397582,1
1,38.36877151505193,38.198572933020706,14.497007913478537,27.678383372411098,7.61156357274224,10.690388142640835,0
1,40.64716534563004,40.59694816020284,19.696881124568957,22.881479974644634,17.191559588872316,17.76568537098541,1
1,41.45652003431047,41.47701933450237,24.612916657245357,25.372583187203915,16.73425492259922,16.083936847106557,1
1,40.40696918605805,40.253998035877345,22.705912404758493,28.25024551533156,8.279958110427414,12.156723670726489,1
1,41.68512448758496,41.66051395879061,10.353924469682937,22.435755151174135,10.121331399528119,19.249369336410822,1
1,39.62752501486951,40.00240991114134,23.478409070122588,19.69876110733233,13.361913262223755,19.92876390753718,1
1,42.13215167224125,42.38956006345085,21.74797619947939,26.30499206864372,7.148234487670875,15.82715960359753,1
1,43.28856756070502,42.97359204942584,21.705641853564707,18.300993821770376,10.25481385339381,24.987573738934643,1
1,39.82830987142844,39.873376262239276,16.86993638505357,20.82796722009063,9.013347441828074,19.000342651337807,1
1,39.72084672217899,39.61611273154718,15.970079394317542,27.985908556601906,16.98620074460036,11.734938165577084,1
1,42.18939982025301,42.27306931916768,14.543735932497889,25.866335104039727,16.230127635470463,16.32306471621328,1
1,42.353443789449926,42.6515426793703,10.985422884315486,21.057165078712487,12.957992895202366,21.29627871073744,1
1,39.62028196470075,39.774230659710994,13.423530452405487,18.22116753612536,12.24415604245889,21.39911442857539,1
1,39.75375713777538,39.837283793100134,13.69905452467037,20.339525862483548,17.168709534544767,19.414231275291833,1
1,39.93368000848134,40.305907502092715,17.261156045653024,19.261562238411493,17.189133395745785,20.672117770069846,1
1,38.55221433565544,38.77886928544674,21.21166609895041,17.641339319157808,17.631961504219923,20.910875016497634,1
1,39.10575246957054,39.21080005037212,17.1071474259692,26.14999370348485,7.504546609298252,12.95575876608569,1
1,38.99461700322231,39.44975161357798,10.86766674170741,18.781048302752573,7.926693729158043,20.213568700469736,1
1,39.30186316536463,39.34549990357987,24.36684701482306,21.812512052516457,14.12084038415864,17.489351112848173,1
1,40.25490964639718,39.61369686637966,24.140864786411683,20.787891702541636,12.49721371931814,19.467017943855545,1
1,40.60447915229747,40.70215071456373,21.777843147226125,29.73116067953446,6.221590858718832,10.87331847276301,1
1,42.3156506406583,41.953068930702216,24.86991852346331,20.866383662223306,6.743700431874233,21.44926697843499,1
1,39.00213974703957,39.09040210206439,18.167234992003944,16.199737241951322,16.656964587105662,22.80240250508825,1
1,41.57961911801956,41.109220909691345,24.44152525379809,16.347386288581262,16.426449546472636,25.232232829438296,1
1,40.02181450250684,39.86910955343763,11.134075609251262,23.86130582029597,10.287251063952542,16.16050868221087,1
1,40.23569717745183,40.188076373791404,15.485211223920569,23.990453276073985,16.692607403166416,16.245243901377847,1
1,41.17726533981658,41.04974892114208,13.380719020101488,21.281384857239825,13.124100892774822,19.895880482576754,1
1,38.840461371969006,38.68817875692256,12.93749626201405,21.477655384680446,15.670867764226823,17.36280598728856,1
1,40.79713267003926,41.0135280900591,12.11204423339014,15.808988742613067,11.129172853922572,24.988143927426194,1
1,40.51638787067697,40.29801441875329,19.336204623489948,22.748197655838933,7.360779928138905,17.76819021483804,1
1,40.94018664321059,41.099431262954354,21.719827836209575,22.571092130705274,11.204724751752195,18.369094512505313,1
1,40.67591923708016,40.38205408177316,18.67447599130541,17.243239778354166,11.487597575962775,23.432679458725993,1
1,43.49189018188416,43.48753927366669,12.204440643823144,16.557590791663912,12.611330326087236,26.934299390220247,1
1,39.47093802047328,39.56517130112806,22.166856549002063,16.853587358992357,7.266992554853136,22.61735066148092,1
1,39.60970395849763,39.34787661042105,19.539320607455927,16.515423697368877,17.896822356595337,23.094280261128755,1
1,39.4899173156478,39.16683501653559,15.822485591904933,24.1456229330514,8.929641849682877,15.344294382596402,1
1,39.577879745091664,39.616422081711654,20.111954433040943,17.94723978604378,8.382628842445115,21.630639959047883,1
1,39.471396734501525,39.689828381737506,13.898574688642492,18.77145228281195,12.321635026271238,20.699944451689575,1
1,41.84572149043981,41.879171342701824,15.177883127413157,17.603582162271596,12.446498152738663,24.24213932816821,1
1,42.14665552238681,42.04505976346618,23.762287646979853,29.367529566727548,11.27784885399893,12.77912595565926,1
1,39.55802981812568,39.47744590442178,14.357567585071305,27.819261947277532,15.262705755903054,11.73876787084815,1
1,39.2179377549645,39.31234061951782,17.049824022369048,18.457422560272814,12.199852808743232,20.76051519469169,1
1,40.912840223302325,41.080692044729346,23.35211706094022,19.91349440883189,13.31634546173981,20.999345814470434,1
1,39.582110042434735,38.8748128589234,20.61582025401291,18.148392634574957,14.684956624893427,21.433717407859778,1
1,41.12281136308216,40.8409748848647,10.93304839247054,22.378139391912356,6.3003012187664,18.7446719711698,1
1,40.563799927106686,40.39764673610309,12.209545664184555,15.294157987113804,12.847730190540538,25.26964193999288,1
1,38.3295326505036,38.29943583893239,10.117623861578751,25.070520133451936,16.61033365474043,13.259012517051666,0
1,42.31175676172908,42.31722102202188,19.463826853437453,22.847372247264623,6.2086649151052065,19.464384514464456,1
1,42.634640975024176,42.81216332860387,16.715101381156273,28.479583924516547,10.862185245611533,14.15505705050763,1
1,39.50337470237029,39.56027287788059,12.014122763534132,17.465890264926212,17.114729402469962,22.037484437444075,1
1,39.79598797208322,39.48350689047266,24.369011815851557,27.061638690916975,10.237852827390453,12.734349281166242,1
1,40.67162500794237,40.98496467826399,17.9448958591843,26.879415217000734,11.50474589040289,13.792209790941634,1
1,40.73479382698313,41.04473825729398,13.628399411693337,16.907717838253305,17.778496716531755,23.827075988729824,1
1,41.15610755447468,40.8921728931027,17.509053567320613,20.978388362161915,8.391886307406885,20.177719192312765,1
1,42.913265900396254,43.13958168306266,20.194304991026616,17.55228961716775,6.783062269500071,25.360976283228503,1
1,40.06996860425773,39.8094335399451,11.143588269603468,18.820807506863233,16.313071090335654,21.2491610973945,1
1,39.26221358210001,39.348410459020336,14.120557225718379,18.948692622458164,16.42158409454842,20.313520959641846,1
1,38.50688500358111,38.79325163271691,22.104482363259905,23.34354591038659,11.664934016160158,15.16333909319452,1
1,39.3497909480755,39.89063068818874,16.89497305603992,21.171163976406984,12.170486093727435,18.178626971668518,1
1,40.25693493526406,40.42627206351924,18.198657130484424,29.215992060094578,16.029676435414032,11.040942875169485,1
1,42.63292522257312,42.724835582966364,16.49224003314204,16.895552129205075,14.862713977389541,25.737373093368046,1
1,39.627105311252976,39.50315694381798,10.658499139645077,29.605382022752984,9.181788026604128,10.021723288499992,1
1,40.590924337130566,40.73232336317429,12.486246697302338,18.45957960321396,6.2027202608582215,22.131344733916606,1
1,40.27865023510542,40.66725512763418,16.683124581128364,26.593109045727797,11.756401950402548,13.68554118937762,1
1,41.84491125548251,41.959323608859265,13.137781981118916,20.08454889259232,16.306947913147695,21.760362362890188,1
1,43.5850121536357,43.322830232549926,10.74968542989518,17.14622093125971,16.750016120281945,26.438791222375993,1
1,39.60987059520358,39.217053297770455,22.654744960777357,27.8683377786936,17.474714364913847,11.74153281650998,1
1,39.66372872472631,39.80293669209163,24.71788793746174,19.632913488546947,16.554758851353377,20.030815236179365,1
1,41.65740914018979,41.70093735149278,21.89714310995109,24.882831063402634,12.96052266357718,16.774578076787158,1
1,41.1864589365142,41.11202675778961,22.806773825570005,23.4966552762994,11.33526719083321,17.6898036602148,1
1,42.70071952345684,43.0033892428731,13.629656954755681,22.076344640863113,15.298198158409189,20.624374882593727,1
1,41.05910664092375,40.94050166328218,24.409404632697996,22.437292089728086,14.877859612387157,18.621814551195666,1
1,39.83292028197682,39.812131450308925,12.953885566801425,25.983568711384315,12.457721160977453,13.849351570592503,1
1,41.0678512799,41.16946725030519,24.271447155427484,16.31659371185161,7.047928470701629,24.751257568048388,1
1,41.74131465475778,41.65981832056505,24.922289409489267,25.022709929368578,17.112976161443026,16.718604725389202,1
1,41.36662683555657,41.452502547832175,20.67584208619073,28.43718152097868,11.467230450019946,12.929445314577894,1
1,40.959456240439486,41.293065416357614,24.71715597687733,15.866822955297962,10.360005382995173,25.092633285141524,1
1,41.6866770964659,41.42312159929196,18.543096693506556,17.109800088505,13.55480874202526,24.5768770079609,1
1,41.820084267579375,42.034004167595754,13.893126747641356,25.74947905053047,14.086055534003723,16.070605217048904,1
1,42.09680668834879,42.167526202210645,16.554938284984313,21.559224723669264,8.528255004363617,20.53758196467953,1
1,41.143322853866536,41.171574165502356,18.903414030681787,21.053229312205325,16.043266137719474,20.09009354166121,1
1,40.08274649558809,40.343564003854695,11.096223430405225,17.05449951816354,9.479245123948534,23.02824697742455,1
1,40.49072779236332,40.41918759511386,19.33514896925869,22.60155061076682,8.2402071109718,17.8891771815965,1
1,41.86846165646086,41.98481456265644,24.717667551434417,16.89817966794566,10.876798234253968,24.9702819885152,1
1,39.23798362771659,39.582805545242735,12.851614746755914,22.149306844658106,14.766720970769583,17.08867678305848,1
0,38.69671415301124,38.6283661641246,21.88892674432575,26.45422948442485,17.58549814127764,12.242484668586393,1
0,38.06173569882882,38.04900827705354,23.618481906694292,18.873965368307452,15.711375172457199,19.187770330521367,0
0,38.8476885381007,38.84230565981843,24.155523892303314,22.21179252269591,17.2841805320423,16.63589601540479,1
0,39.723029856408026,39.70095808367238,24.402034066081708,29.880239540952537,7.687269648918321,9.842790315455488,1
0,37.96584662527667,37.87760194919752,17.82189458082208,25.29975635031056,6.854121586364121,12.666090274966109,0
0,37.96586304305082,38.13903718744338,24.659618619872553,27.620351569577977,12.692457142880054,10.34551147347284,0
0,39.77921281550739,39.770218287212735,21.359653107016584,21.222714098408186,9.483569796528412,18.556498717099206,1
0,38.96743472915291,38.9878566892249,12.425071543554429,26.51791384688783,15.936659675631274,12.449520882265084,1
0,37.73052561406505,37.77513889924705,17.15350159701955,15.607637594119828,14.063854456827913,22.122888019945222,0
0,38.74256004358597,38.20525065809493,20.774967630580058,16.843667738133675,17.648737967829533,21.898892305452293,0
0,37.73658230718754,37.7556315288496,13.710104737286251,18.046058893800932,9.057508268775651,19.690523413386607,0
0,37.73427024642975,37.851765769046175,19.609227753233313,21.029278869228293,11.829409372262788,16.70499137720146,0
0,38.441962271566034,38.558510614600905,19.999007185699288,27.68617317488645,12.01488572910424,10.755789096679585,1
0,36.286719755342205,35.99844807390545,12.44049615712849,20.19399076181896,8.870121538288515,16.092728993523245,0
0,36.47508216748697,36.22144545677814,18.476279686791344,24.819317902731942,13.081120793856094,11.655764264755025,0
0,37.63771247075903,37.77488228462358,21.574403664679117,25.63971442205225,11.319431832950874,11.997998048706776,0
0,37.18716887966558,37.189658117509396,17.483434968039127,23.79273531132512,11.360658671878483,13.394433568340457,0
0,38.51424733259528,38.65713096381959,10.181546751641612,20.358629522552043,10.352839775669803,18.15561781004324,1
0,37.29197592447879,37.25075359899438,10.135577036189382,23.655800125703166,6.20315222910642,13.636175798775625,0
0,36.78769629866471,36.698928128865234,15.355440159550183,20.133983891846192,12.265142842977468,16.65371240681852,0
0,39.66564876892156,39.469935151373754,23.89291102647673,16.258106078280182,10.022974028403974,23.407542690641375,1
0,37.974223699513466,37.82086352261768,13.430151694054132,29.892059672790218,6.015838427811956,8.082164026723248,0
0,38.26752820468793,38.464738105564095,19.51545533307531,16.907736804487662,9.695324491943184,21.359791400200265,0
0,36.77525181378655,36.51131819393968,13.331138060399809,16.08522575754086,9.343539997077084,20.690026056245685,0
0,37.65561727547482,37.65457631009514,14.825049844893229,28.177961238107336,10.72137783868363,9.477656037367481,0
0,38.31092258970987,38.58377984069285,22.72063134402226,19.527519913393427,7.582223875720763,18.78340267631644,1
0,37.0490064225777,36.86196436311118,20.9329216340492,24.754454611102616,12.092205895621014,12.294551811475081,0
0,38.57569801834568,38.22051931244053,11.430989159698159,19.93508594493349,14.30928423021756,18.640612073412193,0
0,37.5993613100812,38.31302548750466,16.430530314796506,20.871814061917068,13.56222682865487,16.727547248164132,0
0,37.90830625020673,37.728546443357985,10.437546454678968,18.931694580251946,15.645059370830287,18.97661166995478,0
0,37.5982933877706,37.618834719304836,17.213352199045133,20.145660086895152,11.424099455844974,17.45263330087545,0
0,40.05227818450894,40.570715951929614,19.93651017551602,21.160506008798148,12.229100764076739,18.891772175710795,1
0,38.18650277526207,38.393550071708916,11.777539353972273,25.806241036385146,15.7248232903078,12.380261738876925,0
0,37.1422890710441,37.038615656691825,14.333274083637484,22.673042913521876,11.132414049830862,14.469246157522221,0
0,39.02254491210319,39.08677217394116,15.967549382532354,29.153478257354656,14.419192198795162,9.869066654748536,1
0,36.97915635002898,36.69497435273935,23.792965369840747,15.628205907581632,11.215228424615901,21.35095044244735,0
0,38.40886359500476,38.739631801284155,24.89882523134446,22.546024839480424,11.012834334138752,15.862838755524336,1
0,36.24032987612023,36.38989302534019,10.673669484934237,23.76337183247577,15.122467494349923,12.476958043644458,0
0,36.87181395110157,36.82957636167109,21.41511885243088,28.80295479111411,8.098042985594534,8.068859159987461,0
0,38.396861235869125,38.23410097716543,15.575860996035148,15.737377854321414,10.063031663298883,22.65948338154771,0
0,38.93846657999541,38.59118004980777,15.886872793442201,23.60249377402824,8.690067320962822,15.335972805967174,1
0,38.37136828118997,38.57756440857665,21.31397460020534,27.804448927919356,10.309319315611166,10.566919353270617,1
0,38.08435171761176,38.0309686726257,23.776396482181127,18.628915921788547,8.764497868392288,19.455435795823213,0
0,37.89889630441071,37.99484491817713,24.263928917538227,28.14438522785906,12.952867573039857,9.754511076551651,0
0,36.72147800963258,36.49771479088709,18.65683879057481,15.285651139114377,15.578049631414142,21.4358268705182,0
0,37.48015579160529,37.23210544450395,15.356817389507542,25.986819437005945,15.439356734614822,11.493336354599347,0
0,37.73936122904021,37.92802641345976,21.813236287881686,28.996698317529795,10.37401157458551,8.742662911510418,0
0,39.25712222621892,39.22113628060319,13.765020748934504,24.857964924600935,17.86512487073114,14.399157301617983,1
0,38.543618289568464,38.74731649072235,18.461110432502764,21.585438659706718,13.126252376469608,16.958179629861746,1
0,36.43695984463727,36.31461427802328,15.378676922873098,15.67321524709077,10.792803621339537,20.763744597546502,0
0,38.5240839693948,38.40958634240129,19.84946610561814,28.80170719983943,16.026471350897104,9.722376769555371,0
0,37.81491771958369,37.98356445327701,13.605983693402603,22.054443340373624,14.75848815171169,15.760474379210066,0
0,37.523077999694046,37.536520390679684,12.873894186022387,15.43495116503922,14.991304041889252,22.088126834654826,0
0,38.81167628884087,39.01722147144055,23.773586300131555,25.34731606993143,8.353672196806459,13.464360218909441,1
0,39.23099952249596,39.16217952957085,11.527055244243053,22.227558803643873,11.619891688422662,17.003440718852083,1
0,39.1312801191162,39.28507856190691,17.589368616023975,16.86517976163616,16.341937569895233,22.26610035748004,1
0,37.360782476777366,37.79428738288277,13.312791744445134,18.214077139653895,12.048456091545088,19.14670533712347,0
0,37.89078762414879,37.8722611183453,10.583949449885012,15.967360206837695,14.201432921052604,21.923427417311096,0
0,38.531263431403566,38.29108477523497,10.540282274371396,23.614403095628603,13.055204796411175,14.916860335774963,0
0,39.17554512712236,39.48535646248976,12.62832658158741,24.33044218878014,16.108281452620584,14.845102938342222,1
0,37.72082576215471,37.53931092419735,23.001555317590004,22.586134475331665,9.414730077139232,15.134691286823045,0
0,38.014341023336186,38.10194774403969,14.2371811596554,27.256531995039225,12.905703334636378,10.757809028296961,0
0,37.09366502599397,37.05667894144304,24.256887558629437,27.915132319620206,7.478816016117648,9.178532706373765,0
0,37.00379337591933,36.54612507239802,18.724334394837904,24.2343659502469,14.282529320393614,12.76942742567243,0
0,39.0125258223942,39.27846922243511,16.54921284653149,15.191347195611458,14.783614060232544,23.821178626782746,1
0,39.556240028570826,38.95657244131027,18.701332520041817,25.428444836216034,6.5140478542679805,14.127795192354792,1
0,38.12798987841967,37.629840093969555,17.750475778394016,21.269988253805273,14.109491563535821,16.858001624614396,0
0,39.203532897892025,39.29213310201283,21.381643806359875,23.483362248395807,10.976281849989437,15.720170649496218,1
0,38.56163602504764,38.66211032775774,14.237440989592784,24.736209030283266,7.489162513316188,13.825426994764374,1
0,37.55488024539488,37.45797160628075,15.295755874004536,20.25354921490615,11.03889057238161,17.301331030488726,0
0,38.561395605508416,38.48994817937939,23.41141453799876,28.756477577576916,8.33079515634698,9.8049180279315,0
0,39.73803656646597,38.92392301599003,24.196847697256082,17.00962300124672,10.986714385479798,22.728413565219252,1
0,38.16417396089005,38.379418583126274,23.388373412297117,25.07267710921556,10.612068335502332,13.091496851674485,0
0,39.76464365581401,39.75947685040521,16.291719909359703,15.065393699348707,14.860699643232689,24.699249956465305,1
0,35.58025489591026,35.78904186735138,21.705482545103223,28.869766581077712,15.290586697996305,6.710488314832546,0
0,39.02190250437523,39.00649950401143,17.14503599951648,16.687561998571372,13.28434385261456,22.334340505803855,1
0,38.287047068238174,38.50861389238229,17.463097782191532,16.423263452213618,6.2722421061893705,21.863783616024556,1
0,37.90099264953413,37.94003908403373,13.07020163585926,19.995114495783664,17.17226734885193,17.905878153750468,0
0,38.291760776535504,37.67517204567531,18.866954548877747,20.60349429058621,14.234799361157371,17.688266485949296,0
0,36.21243108539911,36.79428399132126,12.79203846630022,18.214501084843178,6.4103453990542665,17.997930000555932,0
0,37.98032811216249,38.28978540068874,14.973470486007907,23.77682491390687,15.825994790569414,14.203503198255618,0
0,38.55711257151175,38.28685030823497,22.825453024299026,21.643711470629455,8.403193856615953,16.913401100882297,0
0,39.67789404474152,39.59589892931507,13.106137138162829,15.512633835616311,12.950654274853282,24.165260209125208,1
0,37.681729781726354,37.621641752529364,11.067374277601491,19.794780933829507,11.599612439402247,17.886948847896846,0
0,37.39150639710682,37.56274805037122,11.035113889192244,27.156493703597558,11.03806538826092,10.235012693509258,0
0,37.69824295641546,37.15723581581658,24.11176780754662,25.345523022928028,16.67656464149277,12.352719933487435,0
0,39.11540211770208,39.053015497570414,17.60380656942752,25.873062803698208,11.248335498751377,13.242339314003875,1
0,38.52875110965969,38.05622596910998,16.141181077255276,25.471753861252854,6.904129410877809,13.056997248406834,0
0,37.67023979623296,37.56268323743404,22.163178715118775,19.664595320745498,17.35966472657943,18.005644475487465,0
0,38.71326743311336,38.608040329350786,22.53738891865774,16.49495883115164,17.04642277487553,22.21830860196172,1
0,38.297077549348046,38.30730393791603,14.98286549673407,19.08700776049644,14.213192274979185,19.210069788851605,0
0,39.16864499053289,39.06018576397778,20.404270862106927,27.47677950277739,11.614710337584299,11.6918654877555,1
0,37.49794690612265,37.402343504266035,21.5668422377783,29.707061966746068,7.114313675322255,7.790884939376582,0
0,37.87233785340224,38.020738358231014,19.819760302989316,22.407705221123422,15.488977422929715,15.464632632278821,0
0,37.80789184686785,38.01883595740924,12.273926122001491,15.145505323845633,6.9057349730883475,22.662386523022214,0
0,36.73648505186789,36.88319462254389,23.138246252755856,17.100672182013437,6.823211818741748,19.63581286985445,0
0,38.49612027706458,38.401350330962046,18.086418291040133,19.831208629743987,12.448606109272417,18.66491164732059,0
0,38.46105527217989,38.210569758168845,14.237086395550055,23.678780228894247,7.921538882215683,14.782275043285644,0
0,38.20511345664247,38.21098876250336,16.37842278156541,16.12640468707971,6.092763208084188,22.078708769562763,0
0,37.96541286662485,38.12679712415482,10.56356635598361,29.150359480648223,11.077361171949434,8.81505338597663,0
0,36.78462925794959,36.25618995920587,11.918002018336264,20.476255099266012,7.646606779320791,16.308374158683577,0
0,37.77935467723464,37.87048989384902,21.48320125773791,28.688763268872343,7.9261849833682945,9.0905914083623,0
0,37.857285483473234,37.94633738366916,10.000174521330493,26.707827041355326,6.922927664824016,11.149458442117908,0
0,37.39772273077838,37.34934752729813,16.248487427234384,26.331559087733716,8.46112504468332,11.066163643044668,0
0,38.03871428833399,37.90719365042613,17.837652716283827,24.10079369673348,14.585810157292673,13.937920591600513,0
0,38.60405085681454,38.06478594195378,10.819516300014584,24.401757255777667,15.707127686613497,14.202293601036871,0
0,40.08618590121053,39.90343961177405,24.596172444584994,24.570048528243724,11.430403728351607,15.516137372966803,1
0,38.374577812831845,38.80455343355693,13.39187996874508,24.430820805383732,12.078645790577012,13.943757007448113,1
0,38.457550390722766,38.4935526122322,14.562980794544213,23.30592347097542,6.391860415130431,15.151626919747347,0
0,38.12555408423383,38.14163031778205,14.55913768382541,29.796210277243333,6.831795136455803,8.3293438069905,0
0,36.28122878470096,36.412125131908915,13.456249931760249,25.98435851138544,9.090812707794203,10.296870273315516,0
0,38.173486124550784,38.266766433392895,10.022107331294672,26.654195825887818,12.52678104855777,11.519290298662966,0
0,38.26023020994103,38.495304462189964,20.940171911319943,28.08694222625511,14.874613784819916,10.173287983685917,0
0,40.66324211248529,40.4741232284729,24.50268249698928,18.23459644088774,13.260036736056396,22.428645671597554,1
0,38.00763903521888,38.089943500908596,13.364402249275676,16.25706238642591,10.705534259841459,21.75057664879297,0
0,38.501547342333616,38.942052667608166,19.945707877051337,22.243416548978978,7.419888876037659,16.25813079335464,1
0,38.16528823029476,38.378310316525685,21.12844490438073,22.711210434289097,15.369278818646272,15.454077796005667,0
0,37.03132196238048,37.58049818640601,22.72638068635787,27.437726699248763,10.365432619188685,9.593595263131718,0
0,39.342822814515024,39.08674597048612,16.339437955204136,21.656753689235035,14.832648173793476,17.68606912527999,1
0,38.951933032686775,39.49149763693469,14.543963584606438,23.56279538316469,12.155746102972103,15.389137649522084,1
0,38.99103194704305,38.71675148737839,14.879427010345466,22.906064077701874,14.863944642741902,16.084967869341174,1
0,37.29061254520526,37.37541566594911,20.689319996477693,15.573041756360865,16.887474737430864,21.717570788844398,0
0,39.602794310936105,39.82617421240837,22.25169199758454,24.22822344895371,17.052354192645623,15.374570861982395,1
0,36.79814893720772,36.66063480570709,12.72420951634904,27.420649286613784,12.42128136000724,9.377499650593936,0
0,38.78685709380027,38.68109993423091,15.564115122366477,17.362508221137055,12.138100377187666,21.424348872663217,1
0,40.390455625809984,40.56868019192881,23.52910295123725,23.914976008898936,9.188141586034046,16.47547961691105,1
0,37.20946367486931,37.168766734666434,22.10040279542109,23.904158166696213,17.229597978351496,13.305305508173099,0
0,37.63370227039723,38.140297804313235,24.772876041437137,17.46277446084538,11.495030006395451,20.17092780955185,0
0,38.29965136508764,37.985184371152314,21.313723895231213,16.85195360596104,7.531094871448525,21.4476977591266,0
0,37.6965243458838,38.14239376684282,15.897928015418834,29.70077914464727,11.1924589755186,7.995745201236531,0
0,36.64933656893387,37.07275369964163,18.859567509919565,20.905787544795565,7.5246390028560475,15.743549024138304,0
0,38.26856297480603,38.29270939255318,19.915213813709805,18.41132593085294,12.0303802110849,19.85723704395309,0
0,37.1376962862739,37.07944105466548,11.17683724475686,17.569868166815624,12.735306178274547,19.567828119458277,0
0,38.67359243063518,38.45988779437001,18.167454386557978,25.014025703748526,10.053069137923025,13.659566726886656,0
0,37.2805757657662,37.36686656432072,20.639812427089144,24.141679459909184,6.8598073707778155,13.138896305857017,0
0,39.74993440501754,39.76277374524152,12.509819560015906,24.65328184481126,17.32204242759887,15.09665256020628,1
0,37.41674670766377,37.669439276698625,21.70947576138336,16.320090412671785,15.280237361801156,21.096656294991984,0
0,37.87793848379432,38.37277584998019,18.756591707711674,28.403018752476555,16.06657296606145,9.474919731317762,0
0,39.01351721736968,38.993288032382914,24.28332678546392,20.838995952135726,10.402420731434752,18.174521265233956,1
0,36.96913568356605,36.722395671228355,10.636334473103375,19.700541096455368,15.129972360233406,17.268594587110684,0
0,38.42745993460413,38.26451662633027,13.979892063332004,21.93542170871609,11.82447474203033,16.49203822588804,0
0,39.507142754282434,39.53319207211028,19.02330818949736,20.850990986214423,8.413001860872551,18.65615176806801,1
0,36.59251676543877,36.456370759623304,14.44839868308896,27.95365504708719,7.49308052288656,8.638861718351585,0
0,38.384633858532304,38.16848868297625,20.716362461068634,28.93891462796838,10.140610431864683,9.445719230563924,0
0,38.45988279424843,39.00358561402605,21.385079237828965,19.55179824674409,7.650625337701676,18.908084547504338,1
0,38.98182287177731,39.01632770310481,11.537739460997116,27.95903711189932,17.979227714448825,11.02278575987799,1
0,36.96304928912192,36.726217224456036,17.707816963101514,26.722846942996007,6.590267882784264,10.240202346125912,0
0,36.87954338691573,37.06830307931863,17.63335833386584,28.962115085171426,11.293723192428919,7.917428301744302,0
0,38.7219415656169,38.550509962537696,15.539211553233116,18.686254682788316,11.42512226868461,20.035686882828585,1
0,38.49698467323319,38.310764901985486,23.99387293854508,23.654387251814686,9.607583142980106,14.842597421418507,0
0,38.45049285034588,38.14705464983115,22.41259479809832,19.118168771106667,12.856218788483345,19.332324079239214,0
0,38.54644820949698,39.021108661141874,20.45814072864455,27.361417357265616,7.799724289818537,11.185030852231364,1
0,37.51997527842151,37.45936109713148,20.714899536024966,15.079862858565964,15.406948567046804,22.44011241985555,0
0,38.43225369716101,37.73222170045363,16.925742157196787,23.47228744329594,9.98937261897166,14.959966253865069,0
0,38.49307247329868,38.85929558824737,23.814917816448638,20.08805146907877,13.0961110775837,18.40502100421991,1
0,37.48564858197364,37.521277955150666,20.41893140879928,19.840255606167304,14.587670832803513,17.645392975806338,0
0,40.06577451114476,39.50261124113621,20.93471592483725,24.673594857973754,16.668505412281934,15.392179653171006,1
0,38.67383292091179,38.77782186608233,22.92536355681018,27.77226673970991,16.0294492374264,10.901566181201883,1
0,37.00869650279736,36.966896553032804,14.111073840132864,24.137930870899893,13.299708337242715,12.87076563189747,0
0,38.85655360863383,38.99761924256239,22.106063558000542,27.797594679700836,10.660718164606642,11.058958928932995,1
0,37.22531832977268,37.588248346574275,12.92860904434738,18.96895667821545,12.038456040899568,18.256361651557235,0
0,38.98708460374245,38.8376597774282,15.180129283673317,22.792527821474717,15.224817520545631,16.194556782267735,1
0,39.35859557900741,39.34593561531195,15.034156814047641,21.75804808600614,16.530546510713677,17.600547493001265,1
0,37.379317681648295,37.27860261205963,24.677882025837107,15.174673492546443,7.245383138120062,22.204644189101852,0
0,39.16337612924433,38.79318254282311,22.848058356218903,23.3521821471111,10.618275149916641,15.811193982133226,1
0,38.6127809269365,38.84061708110246,20.517547923853897,24.922864862192625,15.313399180962007,13.689916064743876,1
0,39.022060159994496,39.26897027146972,20.905851424230853,23.878716066286053,11.179821151127532,15.143344093708443,1
0,40.09679298265395,40.19164641214599,18.431091916038568,26.044198481751323,9.986733168795407,14.052594500902629,1
0,37.95461188399713,38.09143925658563,24.206360006627786,23.570092926796157,10.935872361879236,14.384518957200974,0
0,37.44626383564251,37.23198996941791,17.44388129323542,16.001253822761353,13.23413696143621,21.44501001288116,0
0,37.31048557037448,37.106026537109834,15.707765648048419,16.74668286127067,17.997661729605618,20.56380270910381,0
0,37.384189715034566,37.40842305069472,12.445530053973865,23.947118663159287,11.915909149254382,13.437071051875279,0
0,38.1228982905859,38.52700249696316,21.79308478391587,19.1246878796046,8.501933699451126,18.9982104109813,1
0,38.54115197481665,38.87044258451583,21.016658981133872,16.19467693552149,7.954158903349137,22.34647503929516,1
0,38.47669079933002,38.688447670786175,15.765325577862022,21.4440411517282,6.5081969697169715,17.032649647601822,1
0,39.02718324903603,39.01348128822996,10.37790120938844,23.31483897125483,12.705806819019857,15.712344277781199,1
0,38.21300189187791,38.140550481398044,22.584959915770163,19.931189825244097,12.53486509786601,18.28181206663381,0
0,39.65353407715732,39.55354795573291,10.171269751811105,25.80650553338667,8.46280712136371,13.847028543770648,1
0,37.935343166762046,37.64274752702785,20.555496694435764,24.65655912151867,14.343952877430805,13.278784045243377,0
0,40.92016916658962,41.000061796669,24.553856645890853,19.99227541637508,14.89328449955617,20.927893750214544,1
0,38.82566734776501,38.48941529653097,16.56491992222305,26.323087933628408,9.109178464585336,12.502579414136605,0
0,37.34284244358372,37.34215659489604,13.52460107493929,24.73042563799553,10.12919716835684,12.61241680558819,0
0,37.12910750193889,37.60350655455385,20.573065150650727,24.561680680768532,17.88566006816708,12.567426821170358,0
0,38.68247241524319,38.753588675905554,22.256922130233775,23.30141551180602,10.49117361420881,15.38105690343717,1
0,37.97653721467415,37.87863323982938,18.19645474116771,15.170845021328292,15.129620061073222,22.805692193345863,0
0,38.91400049409209,38.936419137982774,24.50552912884219,25.44760775215334,11.43270511955928,13.466392741938755,1
0,38.673237624573545,38.5748749850669,10.775030824869416,20.640626866637348,15.52013793433171,18.032610757936197,1
0,38.12717108734313,38.06688683478096,17.571933974567923,29.13914565237983,15.228278865391776,8.988025434963298,0
0,37.3532062819316,37.681841827470734,20.77680920983825,27.26977156615808,14.013072302382428,10.083434715773517,0
0,36.68515277531414,36.789476663656245,22.939607067237684,23.815417042969685,16.25734015554695,12.869735732344452,0
0,37.75348504793298,38.36973816218169,12.688834178616851,18.78272972728904,17.270621938532223,18.970755320643942,0
0,39.05639879432348,39.37555391280668,22.00005222645522,18.055760899164998,12.959799845425007,21.00063789515848,1
0,38.414093744130206,38.53915381947869,18.290606135778177,20.105772565163235,8.849626886672949,18.30832117896697,1
0,36.954261221288014,37.10281184677039,15.94830522984945,22.148519153700278,10.7835475397289,14.805742067587737,0
0,38.37318092585119,38.34447213879533,11.975725428686403,19.440982650584207,15.099668562159518,18.93219827526698,0
0,38.58531737972884,38.4382084605529,22.979436383633686,22.72394243088724,13.810601821486435,15.8613749488416,0
0,37.31614256379887,37.68015554893842,12.35909812269573,17.480556382697788,8.133580062782984,19.835586181101082,0
0,38.35372510594553,38.70267446246094,14.64681788813649,29.6656921923825,6.614874493757096,8.688032913563028,1
0,38.258208718446,38.2070490534042,14.350682979436552,16.618868324474906,14.195539122504778,21.639340393971093,0
0,37.05702970216938,37.168166703241475,23.071210512862812,28.97916209481558,9.012948288352144,8.077867607353799,0
0,38.557787360348286,38.85037063863168,20.09054491313347,28.70367017104042,11.996042924748641,9.854117189307864,1
0,38.76078452636824,39.036956742181665,21.950220957870584,22.88040722729247,14.960961270151131,15.880377299075771,1
0,39.28305124317528,38.853010767379665,13.757018481887485,25.873654077541268,12.752001367875998,13.409397165634012,1
0,39.25380205203491,39.30767420424329,19.373111494104982,21.540724469588817,6.999630997341557,17.71307758244609,1
0,36.82233063204291,36.88439585069491,18.576189747156228,24.45051866313657,8.226962841402665,12.371811968906343,0
0,37.26217496008488,37.45913088750947,22.492455651824066,20.10863906131678,8.631938208371029,17.153535898768098,0
0,38.71503526720866,38.98386091762575,23.59130590721891,19.51738529678168,9.094371043738139,19.197649970426983,1
0,38.71378595091221,39.15061242565966,10.182351572160803,23.673446792542705,12.78484070340605,15.040339158369505,1
0,38.71504768630605,38.36022443909793,20.110298785881888,22.471945112759705,12.047589357904721,16.243102573546345,0
0,42.05273149065472,41.830455635702,10.777536986795935,23.693045537249716,8.437920460370506,18.359685953405005,1
0,38.77089051069317,39.12560073024555,18.23287997616034,19.299908719305343,6.810658121468245,19.47098179138783,1
0,39.33556564018061,39.31596506018196,14.314490935655172,20.50436747725493,8.057186453696616,18.83119816292568,1
0,39.154001763493206,38.749932244724526,14.601648992832118,16.25846940943364,17.81257575142324,22.895532354059565,1
0,38.8513912513058,38.95372683532734,15.294377551785349,15.784145584083086,11.622563397497668,23.067245667222714,1
0,37.884730755359655,37.74958514443924,19.319386735744153,18.801856945095246,16.408146056425352,19.08287381026441,0
0,38.95896922049327,39.41109037688034,15.010749485031539,16.113702889958187,16.18502960002612,22.845266330535086,1
0,37.427174785462434,37.507547034963835,20.990485758854206,16.55662062952111,12.138234689554483,20.870554155941324,0
0,37.96318139326,37.96244859135273,16.067910783608045,27.19392608090906,14.480252501526522,10.769255312350943,0
0,37.7146364521709,37.775335156358,11.025298004649379,15.58310545525034,8.313024124952548,22.13153099692056,0
0,38.281874139386325,38.78092686472783,21.756397637261607,24.88414190902114,14.2607604591229,13.397732230365186,1
0,40.51465856667351,40.54729307014215,14.28637486889059,19.088366232231007,9.268614951159474,21.426292334442504,1
0,36.33273480740826,36.09541451831503,16.49150319398894,28.073185210621897,15.984745161049808,8.25954959678636,0
0,38.886260190374514,38.7818009258507,20.281658248328522,22.274884268662493,7.004689597306919,16.61137592171202,1
0,36.58728412881035,36.40333082488066,14.98684235723068,19.583646889917386,15.27766407462333,17.003637238892967,0
0,37.72806813421057,37.49788332771727,10.848784842200734,22.764584035341517,7.199242878823434,14.96348409886905,0
0,39.28895059696737,39.59416503771457,15.608815705192203,20.729370285679032,16.574270842731707,18.559580311288336,1
0,38.264280019095466,37.73228387223962,24.166728740414552,23.46451597004745,9.650454217620045,14.799764049048015,0
0,37.1222552220707,37.12625605580084,19.626015959478373,16.71799302489522,13.852720377966897,20.404262197175477,0
0,37.48469629074003,37.6603611396625,20.072187230008105,29.954857542188265,11.850027343443358,7.529838748551768,0
0,38.87959774893468,38.9689332946764,19.4842323045646,21.383338165450763,10.395637743148068,17.496259583483916,1
0,37.469633368282864,37.258212323235114,12.984882084391552,20.223459595610528,13.745301998201958,17.246173772672336,0
0,38.41645858958198,38.73477481820205,16.2750079615342,25.653147724743974,17.370275766614856,12.763310864838004,1
0,38.24557183990382,37.97633207122056,21.264096975449775,20.458491097429988,6.495236968495462,17.78708074247383,0
0,37.54839965239419,37.52000708339655,11.520593463297388,27.499114575431364,17.02623427059725,10.049285076962825,0
0,40.343944089325326,40.48548751307675,14.167791641345683,21.81406086540638,13.308979860252162,18.529883223918947,1
0,38.833919022318014,38.89365299040814,14.144786626987804,25.793376198981523,15.687771609228628,13.04054282333649,1
0,36.1748574133424,35.88710561402697,16.48028391391759,16.611798246628297,10.60649944121133,19.563059166714105,0
0,38.38645431476943,38.69846569773338,24.705531114132775,27.691787783326674,11.662115698051364,10.694666531442756,1
0,37.53821353523161,37.551713841586626,11.012538200257328,26.03576980167165,16.426209021613968,11.502443733559964,0
0,39.05243333479623,39.114593986584566,17.780514915708928,18.175751676929487,10.978175637717877,20.87668165786674,1
0,37.4074792615673,37.8825656788305,12.690470230183157,17.1792901461868,12.41591480098902,20.228189115380502,0
0,38.08526355853311,38.502044918152926,24.56014818114616,19.744385230884365,6.242339077011994,18.340878327648742,1
0,38.70498727898046,39.122871529676175,11.699552570911964,29.641058790478567,7.9031760700565075,9.063928488501894,1
0,39.06575519417012,39.149180211051956,16.05401503542387,18.85247361850588,13.700238095697596,20.213281575664244,1
0,36.99970359294423,37.14526473492641,21.068274772519093,21.8419081341995,14.603722812766526,15.15779545874473,0
0,37.86549876415906,37.79639757291392,20.56831642041168,15.450303385760044,12.991211241413993,22.415195378399012,0
0,37.725054688839045,37.512332696452056,16.340929553408984,20.95841294349349,7.7197204353073285,16.766641745345556,0
0,37.54667076742629,37.57144159814803,15.197862519290773,23.569800231496544,11.344865142934019,13.976870535929748,0
0,39.9654542402811,39.985625046499045,15.96418567829306,29.29686918761948,10.261137196358277,10.66858505266162,1
0,38.60498171096096,38.71799167460719,13.96414394737959,22.751040674100967,11.947936128421059,15.853941036859997,1
1,39.09979678005582,39.06170712085868,13.079994080601997,27.286609892665318,16.44394841464913,11.8131868873905,1
1,38.542810012698766,38.434344682891734,17.24559546338335,23.206914638533508,15.310337263903822,15.335895374165258,0
1,39.03136477112947,39.17510579838774,14.028006341014109,15.611775201532772,7.007874016669907,23.419589569596695,1
1,41.66973433559019,41.28219900697723,14.311924973458751,19.725124127846613,16.683710373294772,21.94461020774358,1
1,39.06578144451847,39.51093405906027,19.851340952118356,23.63324261746655,11.661205813797883,15.432538827051921,1
1,43.72209668428861,43.58592872408827,24.528059975498383,29.258909488966864,14.926345738631982,14.463187195321744,1
1,40.94131327114516,41.09690435682985,19.05455800839063,27.886955396268498,7.680470775172226,13.054357874876665,1
1,40.540286960803336,40.61259732629854,11.154692005974495,18.425334212682714,14.048634308484576,22.114952748120622,1
1,39.18413488576442,39.3735868203977,11.133754207811005,18.301647450287454,8.835912211313495,20.882487435476968,1
1,41.21040284323168,40.75585924394633,24.27134831268349,18.017594506708512,11.260570765691178,23.192808336523164,1
1,39.55167082589089,39.909300132443704,14.459361854610005,28.837483444537547,6.202354440985253,10.71418738135334,1
1,40.45861275903896,40.69768006162779,11.381004791237132,27.78999229652581,7.819327655165712,12.668620462513147,1
1,43.62810989974943,43.44701398812965,18.985668807255724,26.62325148379423,7.104965917483437,17.0048584159552,1
1,40.17512213035796,39.912871786293096,19.354731674353992,20.891026713363413,8.876930075259102,19.28409541699455,1
1,41.794055324171374,41.67947431548415,19.72757230178032,22.565710564481503,7.200217080291868,19.228344759689872,1
1,39.38587064733635,39.06428019062458,14.01103041786312,21.96497617192729,14.302920319434744,17.420894475409057,1
1,40.25451496235394,40.70959222709288,10.226660263217125,18.80097161339059,6.3484788265106324,21.453543348963347,1
1,42.60204082632616,43.03939663446215,24.475230541817076,22.575420692231503,13.412886007499976,20.026620134094657,1
1,39.4849428248759,39.51634041425768,13.763395685366538,15.457448217791317,7.688493969906891,24.027494607084584,1
1,42.656183125396005,42.484182755180306,20.14039432078821,16.977155602461888,17.34193748613476,25.679027522934117,1
1,41.22007751609212,41.31360924845973,20.599448048180644,28.298843942534198,17.19712887731825,12.92123357355792,1
1,39.56879319133745,39.76979842795623,19.150111256192286,26.27519650547135,8.706037230251551,13.293596685866099,1
1,41.12213006077217,41.569255790912905,14.693610913204722,21.343026135886305,13.373055578676354,19.779103924885867,1
1,41.56432078451475,41.55794195652593,14.066443806460986,22.75725543425816,6.336063833669501,18.80706535025659,1
1,41.10835295088236,40.8156001336848,18.965024240540547,20.549983289399663,17.18146251661409,20.5583696614827,1
1,38.2587078641424,38.53110641594072,22.991434504175373,26.111698007410087,12.275847698300517,12.147009856732314,1
1,39.35472167142767,38.82589753849215,24.201005933850933,26.762807688481196,6.518677817013348,12.591913982946473,1
1,39.97822577378304,39.728405777175624,11.588587066056364,26.449277853047384,10.10999991609765,13.528947920735654,1
1,40.20323654216994,40.09328659301987,12.322429188965797,25.839175872516744,6.92219354233481,14.364060669653195,1
1,41.10687372681588,40.615459479356865,24.171043881746193,18.067565080391937,10.715333272480319,23.03930864642394,1
1,40.531011301213226,40.77944360249114,21.04802842502189,20.069549688607182,14.039116105935877,20.461461612606044,1
1,38.56405233367686,38.90361854780196,23.244907372446598,22.047681524755124,11.638678896497275,16.51637080892174,1
1,40.79425720630775,40.56030484102868,13.039489512030148,19.961894871414835,10.604666096633453,20.832362334892913,1
1,41.09376146886897,41.409407175981,18.813788066641028,26.324103002374933,7.429884546485578,14.769658466494036,1
1,41.02772758231035,41.40047757709,20.517093916262105,19.94030286374932,8.939268548323875,21.087424718561028,1
1,41.705014943221,41.64341214958576,20.201678281704588,17.073481301780056,7.201719452860214,24.631533641440946,1
1,41.38409880091357,41.212115145754204,16.122275363000472,20.98560678072456,15.689984779879929,20.39849202018901,1
1,40.896934102996966,41.48241026806612,10.230923375369628,29.698716491735706,7.622877935816671,11.19821761126126,1
1,40.20878457510376,40.312894230447974,18.74389085206395,18.388221194003638,13.144480398586722,21.820563381100126,1
1,38.14075078642921,38.146540960926814,13.796523087694132,24.182379884148435,10.11288496306615,13.958370902280773,0
1,40.85850368487236,41.22804323401924,16.753813692143353,21.494595747595596,8.711740615862201,19.363907937276764,1
1,40.56999399331204,40.63147705188208,24.36371522625726,16.065368514739898,13.673621273905244,24.50462547857214,1
1,40.65305248835399,40.38145480728023,15.98552976463652,22.31814908997089,11.484027712523288,18.3349033983831,1
1,38.6402268514336,38.515740280562206,22.5970240999664,25.53246492972469,10.80174560741471,13.107761921708914,1
1,38.89462649746925,39.27841360290066,12.828109086238767,22.698299637417282,13.11422405870666,16.196326860051965,1
1,41.66909870933277,41.215347272350414,20.086907470375433,28.081590956198717,11.895211541880009,13.587507753134055,1
1,40.24857829998635,40.32532755800109,24.65510431658415,19.334055249863738,9.641810502618728,20.91452305012261,1
1,41.18595090658441,41.46965009944352,11.528396513094052,16.293737569559475,12.70873545318302,24.892213337024934,1
1,40.3368138889696,40.14761212660104,10.12479913340788,29.04848417487009,14.033982918608334,11.288329714099511,1
1,40.33868298134447,40.75461643805661,16.503741889489216,20.672945242923284,6.320317903042252,19.665737738421186,1
1,41.5197689477688,41.89083133382557,11.389382245770507,23.6460832718045,11.590460746892104,17.873685675964303,1
1,39.62914185331741,39.64495962486438,21.22576524514347,26.88004689195294,6.692199415002525,12.749094961364467,1
1,40.42495701002328,40.30108236033494,23.718229957728383,19.864704958133707,8.236864968817333,20.56025205188957,1
1,39.69904212468344,39.61406025541869,16.51031459063138,25.742468072664167,12.726104808935677,13.95657405201927,1
1,39.73515490433799,40.50374973802187,13.880674632331615,17.03128274726742,16.394266983186967,22.70387215707057,1
1,39.89807623949076,40.32504475033534,16.516049785099145,19.36940620808258,16.59366815026182,20.528670031408183,1
1,40.58877390312382,40.702634723663614,20.851717267750015,17.170659542047797,6.839328121663575,23.418114361076025,1
1,39.67762679183748,39.56265233299183,10.135812423705564,27.168458376020368,11.029261035440479,12.509168415817115,1
1,41.932482963245576,41.913282091772786,18.841809842270457,18.33973852840178,12.996077796054616,23.592744434843794,1
1,39.137010507114645,39.09391157335138,19.199375273310686,25.761053331078152,7.764838854604121,13.375957176036493,1
1,40.05706686259023,39.70680419233052,19.565323703439034,29.14947595868479,15.18518660093726,10.907590903905444,1
1,39.72834962424357,39.71666733491174,13.630331199713158,22.916583136033154,14.930823101246865,16.811766488210417,1
1,42.18107124965985,42.415196496928715,20.710790850671902,23.100437883910317,16.840092164481536,19.080633365749534,1
1,40.55552120946504,40.00467597182826,11.370872294976646,21.91550352146718,6.101832145001316,18.64001768799786,1
1,41.641397901309226,41.88089318279277,12.989055047002012,19.88835215090464,8.600210927868032,21.753045750404585,1
1,38.36877151505193,38.66292139628901,23.16205069981723,22.134825463873756,15.926240570943861,16.233946051178176,1
1,40.64716534563004,40.507663096127985,21.080847260898494,24.042112984001392,14.046960609923225,16.60505236162865,1
1,41.45652003431047,41.801681011339525,10.206183310170179,29.789873582559892,16.732678244381887,11.66664645175058,1
1,40.40696918605805,40.22746825288182,13.725643905547003,29.066468389773362,6.686155854363198,11.340500796284687,1
1,41.68512448758496,41.91654164500483,13.216097244897469,27.932294374396825,13.163567588597314,13.752830113188132,1
1,39.62752501486951,39.57330433571542,14.062094920554589,28.336958035572877,12.82855889872409,11.290566979296635,1
1,42.13215167224125,42.08385809800495,13.713396554198296,22.017737749380643,6.428092996326388,20.114413922860606,1
1,43.28856756070502,43.1811066807387,10.937894436142686,24.86166490766197,12.162264922949802,18.426902653043047,1
1,39.82830987142844,40.152591993247654,16.884107748952303,28.426000844043212,13.31424373571909,11.402309027385225,1
1,39.72084672217899,39.972845908201045,20.991002121792476,20.894261474870298,8.295518090425286,18.826585247308692,1
1,42.18939982025301,42.22458850259855,19.100975870761545,29.42643717518203,9.279954997495956,12.762962645070978,1
1,42.353443789449926,42.0301056725517,20.093075028971196,21.236790931037746,13.684168155572845,21.11665285841218,1
1,39.62028196470075,39.66787008015282,11.217237678043588,24.016239980898234,11.6196113711995,15.604041983802517,1
1,39.75375713777538,39.87482343440732,24.27236065265181,25.647070699085578,16.296163890819923,14.106686438689803,1
1,39.93368000848134,39.76592895843089,22.577377507645373,29.258880196139074,10.108581192110261,10.674799812342265,1
1,38.55221433565544,39.09064604711373,22.07635477743494,18.669244110783993,9.199915900658414,19.88297022487145,1
1,39.10575246957054,38.770464282611364,22.34475707562651,26.191964673579633,17.818391284138112,12.913787795990906,1
1,38.99461700322231,38.51750212966271,23.99065762199142,22.812233792161233,16.933629241561,16.182383211061076,1
1,39.30186316536463,39.20777314312553,18.163809491705464,19.028357109309617,6.347912939987758,20.273506056055012,1
1,40.25490964639718,40.42680717922444,13.004230268014389,26.64910259694586,15.248743383678791,13.605807049451322,1
1,40.60447915229747,40.35373332637914,19.251754117788117,23.283334202607698,7.3240172859024355,17.321144949689774,1
1,42.3156506406583,42.12068314152204,21.143222405019085,24.914607309745136,6.329822337952452,17.40104333091316,1
1,39.00213974703957,39.28125187177065,21.06876090031038,19.843516028668517,9.284346191596187,19.158623718371054,1
1,41.57961911801956,41.66224712578069,17.8217353625032,22.219109277414077,9.232150548733252,19.36050984060548,1
1,40.02181450250684,40.02591748988144,11.02688079000367,24.260313764821007,15.831825148163576,15.761500737685836,1
1,40.23569717745183,40.33141070228762,15.566694076451917,21.07366221404766,14.528006951314023,19.162034963404174,1
1,41.17726533981658,41.13619529521827,23.81149912695036,17.97558809771552,17.77931312798417,23.20167724210106,1
1,38.840461371969006,38.72460314092217,18.766733646361388,29.424607384729562,14.538154803741822,9.415853987239444,1
1,40.79713267003926,40.99862389519489,18.074979148835702,22.672013100639262,11.019066639072575,18.1251195694,1
1,40.51638787067697,40.13192955556548,14.032802715732902,26.008805554315508,14.387131931342601,14.507582316361464,1
1,40.94018664321059,40.350674336773274,15.526733798748683,21.165707903340873,17.993508806236825,19.774478739869714,1
1,40.67591923708016,40.597384188316916,23.43019133729754,20.326976460385744,14.521702590750337,20.348942776694415,1
1,43.49189018188416,43.77114028418394,19.996945712902537,21.107464477006875,15.140176271763819,22.384425704877284,1
1,39.47093802047328,39.57089640274572,21.810805401284995,21.13794965678475,17.260380182283114,18.33298836368853,1
1,39.60970395849763,39.77469838608697,16.815181346014825,23.162701739129304,7.3638151357402,16.44700221936833,1
1,39.4899173156478,39.03478361560224,19.453708291842368,23.15204804972045,14.457411521372723,16.337869265927353,1
1,39.577879745091664,39.74034154209405,13.725754131148113,22.457307238243075,16.20967149560939,17.12057250684859,1
1,39.471396734501525,39.72382570580991,20.581912454252294,17.021786773761573,17.452543202650716,22.449609960739952,1
1,41.84572149043981,41.60047094257993,16.41402000555006,22.441132177507967,8.531631476540392,19.40458931293184,1
1,42.14665552238681,42.399707531949524,16.638182722221185,17.536558506309774,12.04714809269093,24.610097016077034,1
1,39.55802981812568,39.44486370564451,19.739834868653226,16.89203679443648,14.166658171733783,22.665993023689204,1
1,39.2179377549645,39.92808251391906,24.0442093220339,28.989685760117517,8.96961275401605,10.228251994846985,1
1,40.912840223302325,40.46740599842227,10.960095199129313,24.074250197215562,13.20567435900329,16.838590026086763,1
1,39.582110042434735,39.920861193025054,22.371148560205114,24.892350871868764,9.090945389975992,14.68975917056597,1
1,41.12281136308216,41.071784759559996,14.385746656182896,21.026905055000455,10.001484246379768,20.0959063080817,1
1,40.563799927106686,40.05092229297021,16.658791817595667,28.634713378722964,11.29822435813038,11.929086548383722,1
1,38.3295326505036,38.263448341250445,10.328699931625135,24.568957343694983,12.350281184958803,13.760575306808619,0
1,42.31175676172908,42.38769961565717,14.515691167514696,26.537548042853814,11.392390459501808,15.774208718875265,1
1,42.634640975024176,42.85577250371667,17.539468639451957,20.528437035415706,11.91834623745515,22.10620393960847,1
1,39.50337470237029,39.924798574301704,10.842641160211585,29.40017821228688,9.583065075459512,10.103196490083405,1
1,39.79598797208322,40.14154464518101,17.36643594074748,27.306919352374727,7.907581128271567,12.48906861970849,1
1,40.67162500794237,40.437526184438255,23.90665943287641,27.809226945218157,6.568199727922073,12.86239806272421,1
1,40.73479382698313,41.05933668790891,11.580898271617079,17.582914011386315,8.351744669900013,23.151879815596814,1
1,41.15610755447468,41.28748441505545,21.466610921132563,19.06444811806829,12.983323698069396,22.09165943640639,1
1,42.913265900396254,42.84572480803797,16.14506580063989,19.284398995253657,15.433385373637588,23.628866905142598,1
1,40.06996860425773,39.967490893210375,19.82760571786507,19.063638348703066,8.030971169314734,21.006330255554666,1
1,39.26221358210001,39.23735102054749,13.903548969778441,27.831122431564317,7.302664293271782,11.431091150535693,1
1,38.50688500358111,38.49617382457497,12.392383938120375,15.478271928128882,14.991484326591003,23.028613075452228,0
1,39.3497909480755,39.030868001322304,12.406939214068396,16.141499834711613,9.661899966447477,23.208291113363888,1
1,40.25693493526406,40.04713021552441,11.05737918464717,19.108723059448558,17.417993270728232,21.148211875815505,1
1,42.63292522257312,42.69601524304207,12.784700573518645,17.998094619741654,14.571815647324478,24.634830602831467,1
1,39.627105311252976,39.75217684633406,19.963290774834526,18.477894208242724,9.92107256691637,21.149211103010252,1
1,40.590924337130566,40.4442468172896,23.22535917765262,26.9691478387995,9.474512973524458,13.621776498331066,1
1,40.27865023510542,40.752424808732954,22.211885283867428,23.446898908380703,12.284380635255708,16.831751326724714,1
1,41.84491125548251,41.659307520644845,20.27701464811726,15.08655991939452,6.949736019338513,26.758351336087987,1
1,43.5850121536357,43.5084812681155,11.65647795116654,21.43984148556293,7.412118151743588,22.145170668072772,1
1,39.60987059520358,39.83105380877796,14.337811694439248,21.118273902755384,8.11029457579431,18.491596692448198,1
1,39.66372872472631,39.646326567666655,14.647103129837035,16.709179041668154,15.296683119654723,22.954549683058158,1
1,41.65740914018979,41.478862985367826,13.749354195964319,25.142126829021855,12.166288311229469,16.515282311167937,1
1,41.1864589365142,40.49574833739446,17.725084895645846,25.531457825692364,6.126805473293315,15.655001110821836,1
1,42.70071952345684,42.793492813713755,18.033307223195088,25.813398285781467,14.082198329665308,16.887321237675373,1
1,41.05910664092375,40.57258348653296,15.353289627566653,25.92706418337888,11.084282143925964,15.13204245754487,1
1,39.83292028197682,39.499993660768126,15.30683738104654,15.000792403984452,12.130228379565576,24.832127877992367,1
1,41.0678512799,40.78552950353839,22.428333968591218,29.308812057700834,8.569394920955226,11.759039222199164,1
1,41.74131465475778,41.44229494795344,21.83939272479528,27.213131505819945,12.621386740729243,14.528183148937835,1
1,41.36662683555657,41.29152219640928,14.616937475211184,28.55972544883928,17.749838877017865,12.806901386717293,1
1,40.959456240439486,40.73812280456311,23.70682665809889,15.234649429611512,6.881336292069138,25.724806810827975,1
1,41.6866770964659,41.84793694450571,24.292225255037593,29.00788193678609,9.407008795973168,12.678795159679808,1
1,41.820084267579375,41.98282537655743,14.901138130450612,27.14682793032157,8.915971114329958,14.673256337257804,1
1,42.09680668834879,41.759533702844955,15.316374231895823,27.55828714438048,8.982591729014155,14.538519543968313,1
1,41.143322853866536,41.048805513833365,17.584512301329383,16.399310770829526,10.544476290784527,24.74401208303701,1
1,40.08274649558809,40.17134663652977,24.116812188005103,26.081670433778967,15.81731741693001,14.001076061809123,1
1,40.49072779236332,40.44480999724295,23.144791497134673,29.398750344631367,16.954304279572646,11.091977447731956,1
1,41.86846165646086,41.798574319029825,11.538519438753847,25.178210121272407,8.42658104950768,16.69025153518845,1
1,39.23798362771659,39.29153263144505,15.890961149071243,23.558421069369096,12.515399255377353,15.679562558347492,1
0,38.69671415301124,38.88652443867012,18.30056784624658,29.184445166234955,13.642787665985765,9.512268986776288,1
0,38.06173569882882,37.62684754539187,17.5469870882731,21.644056826016538,12.261929692366138,16.41767887281228,0
0,38.8476885381007,38.788084772042744,12.90794601905339,23.989403494657182,11.208916730363034,14.858285043443516,1
0,39.723029856408026,40.14283940478068,22.88225156752232,22.145074402415492,8.303706070310854,17.577955453992534,1
0,37.96584662527667,38.348058453436764,20.15411174495256,28.992693320404488,11.858632310390863,8.97315330487218,0
0,37.96586304305082,38.010869832788146,22.568625622777056,16.14127090148261,10.814577932535947,21.824592141568207,0
0,39.77921281550739,39.81986563590096,22.881464190242085,22.516795512380224,15.546760350027236,17.26241730312717,1
0,38.96743472915291,39.417565707033745,21.225337804986097,25.304286620781575,15.163252309955942,13.663148108371338,1
0,37.73052561406505,38.20497121538933,16.58815901874576,26.878598076333553,7.607984174468049,10.851927537731498,0
0,38.74256004358597,38.77003776230671,19.158201325231367,23.745279711662043,7.062228630756811,14.997280331923925,1
0,37.73658230718754,37.41092987070543,12.405481091796148,28.63376616182181,16.897847318730037,9.102816145365729,0
0,37.73427024642975,37.82696102637394,20.104681262123613,29.129871703258075,12.426100667573973,8.604398543171676,0
0,38.441962271566034,39.17228169321677,12.688798836089212,15.964788347903752,16.293611247391087,22.47717392366228,1
0,36.286719755342205,35.911715535255034,20.409243857652353,21.035558093120613,6.697813446796814,15.251161662221591,0
0,36.47508216748697,36.47718491739346,13.443972411309531,15.351885325817317,12.318187398259564,21.12319684166965,0
0,37.63771247075903,37.40047000111507,11.7632695022533,19.941249860616644,12.473118174914836,17.696462610142383,0
0,37.18716887966558,37.235575813843525,12.479267352144362,23.053023269559034,16.3284243905058,14.134145610106543,0
0,38.51424733259528,38.150704608338806,10.029882028286053,28.661923957649233,7.17131997875649,9.85232337494605,0
0,37.29197592447879,37.37841348130415,20.781094267802956,27.69831483698104,8.885346764110912,9.59366108749775,0
0,36.78769629866471,36.32470003279936,20.986015735875686,16.912495900079787,10.878459766644157,19.875200398584926,0
0,39.66564876892156,39.78883635503109,17.724000248698893,16.395455621113435,16.390097705039306,23.270193147808122,1
0,37.974223699513466,38.3092879193492,12.420442015830755,23.839010081350004,17.266599780846803,14.135213618163462,0
0,38.26752820468793,38.096145843304946,11.253315062660347,22.98176958688174,17.912695435123535,15.285758617806188,0
0,36.77525181378655,36.7480346830284,10.286934496559304,18.99566462145036,17.51032183750226,17.779587192336187,0
0,37.65561727547482,37.61206562985354,12.486222654478311,28.491796268307528,6.071301070132253,9.16382100716729,0
0,38.31092258970987,38.40871603086462,23.362833024747204,28.910496141923304,6.572500097446465,9.400426447786565,0
0,37.0490064225777,37.07168662739918,13.623052625525226,21.03917157510244,7.771281829891064,16.009834847475258,0
0,38.57569801834568,38.81316369314638,15.314069908258235,28.354538356702804,10.186345161243278,10.22115966164288,1
0,37.5993613100812,37.99392613268844,11.580182267219998,20.75923341394459,15.959016371843504,16.84012789613661,0
0,37.90830625020673,37.671581980180434,13.335419571222555,26.052252477445503,16.711874344025766,11.856053772761225,0
0,37.5982933877706,37.60288693389427,17.788368561703077,22.13913326321586,8.242012875534996,15.459160124554742,0
0,40.05227818450894,40.205290021219135,19.116290246434787,16.838747347607743,13.435969819436504,23.2135308369012,1
0,38.18650277526207,37.888647895851555,13.680284712493165,28.919013018555322,17.008343820783317,9.267489756706748,0
0,37.1422890710441,36.6455084087947,10.865982388376757,21.81144890066305,11.564780831175849,15.330840170381048,0
0,39.02254491210319,39.071861555161306,15.86549303691098,26.017305604836054,7.242522863433408,13.00523930726714,1
0,36.97915635002898,37.17593914226824,13.513050563895012,20.50760721646938,11.493763801015499,16.4715491335596,0
0,38.40886359500476,38.25773429457085,13.29330884844703,15.28321317864352,10.509538827456687,23.12565041636124,0
0,36.24032987612023,36.04793635695698,24.397942040701828,16.50795538037754,12.931895952792084,19.73237449574269,0
0,36.87181395110157,36.66045366246121,19.244507288885863,22.443292192348867,11.263904212885244,14.428521758752705,0
0,38.396861235869125,38.15720427714484,18.35317664758144,25.349465356895436,6.208151122244615,13.047395878973688,0
0,38.93846657999541,39.119831760810484,16.236626552849827,20.021029898689186,17.927972800964053,18.917436681306228,1
0,38.37136828118997,38.07654138489868,16.434165001452165,25.432326887664757,12.522482852766851,12.939041393525216,0
0,38.08435171761176,37.95616372926816,18.11357505757121,25.47953384147934,11.683569065815314,12.604817876132419,0
0,37.89889630441071,37.67552769112066,20.44644710554161,25.559038609917465,17.455408458048648,12.339857694493247,0
0,36.72147800963258,36.200897377517535,20.53219144272744,22.387827810307627,7.870324411044925,14.33365019932495,0
0,37.48015579160529,37.69021366198542,12.575408615581743,28.72329225182256,8.270851230542979,8.756863539782731,0
0,37.73936122904021,37.681296417842326,17.501691281149405,22.337947769709235,15.696176988753402,15.401413459330978,0
0,39.25712222621892,39.305968176780404,16.17937142551153,21.753977902449574,9.129972960300105,17.503144323769344,1
0,38.543618289568464,38.13607430171872,23.057904494040763,17.990712285159404,15.590725275498324,20.55290600440906,0
0,36.43695984463727,36.343081389517245,19.471283818275644,19.614826310345048,9.258401794902031,16.822133534292224,0
0,38.5240839693948,38.7949198608978,17.98756099623973,15.63501738777455,6.398251562700018,22.889066581620252,1
0,37.81491771958369,38.60397576476606,11.730919632683761,24.503029404242554,12.204176686640592,13.311888315341136,1
0,37.523077999694046,37.190175710728745,19.084568339851174,18.72803615890639,8.360237209522337,18.795041840787654,0
0,38.81167628884087,38.80350136946175,11.758058585203502,19.562328817281976,15.094155515189653,19.249347471558895,1
0,39.23099952249596,39.32750225740028,15.058098633486281,26.56221782496482,13.694395598785778,12.668781697531138,1
0,39.1312801191162,38.92073345802063,12.142629472214978,19.90831774742181,17.083232015735014,19.22296237169439,1
0,37.360782476777366,37.55093649295842,20.381104705365534,18.632938380197132,15.395860287188832,18.727844096580235,0
0,37.89078762414879,37.63971307010395,13.09378170754229,17.535866237005585,8.169311458088721,20.354921387143207,0
0,38.531263431403566,38.527016991738165,15.87789059782039,26.622876032729337,15.601898839977556,11.908387398674229,1
0,39.17554512712236,38.9844352490412,23.43512166428168,16.945593869850402,13.70084453776828,22.22995125727196,1
0,37.72082576215471,37.94554954876996,13.064745750984555,21.806306403755304,14.0274197011275,15.914519358399406,0
0,38.014341023336186,37.89916838607074,17.617075959381687,22.603951741157914,15.987154631641785,15.410389282178272,0
0,37.09366502599397,36.97751321047772,16.289074917490332,25.310848690285717,12.885888830267284,11.782816335708254,0
0,37.00379337591933,37.304005982120046,10.271860615685945,24.499252234994934,11.592042172236155,12.504541140924395,0
0,39.0125258223942,38.80271351924658,21.891371703592192,27.16081009417762,13.639692424304735,11.851715728216583,1
0,39.556240028570826,39.494629827928854,11.035688594718996,15.671271508893572,9.57548914750031,23.884968519677255,1
0,38.12798987841967,37.72442711302647,17.113825314654303,19.446610871690957,8.191165573045192,18.68137900672871,0
0,39.203532897892025,39.04638390574696,18.41017442408425,19.202011781630695,13.399054056854958,20.00152111626133,1
0,38.56163602504764,38.58247797132895,19.426396849218804,17.190253583881624,8.806180429025732,21.371382441166016,1
0,37.55488024539488,37.405298609537226,20.32947443961813,19.33767380784665,6.958981312159281,18.217206437548228,0
0,38.561395605508416,38.362828162302854,13.799085752840726,19.646479712143552,6.006650215023047,18.914915893364864,0
0,39.73803656646597,39.7373738645687,10.14968164987674,22.828266928912175,13.299832816800805,16.909769637553797,1
0,38.16417396089005,38.18035546252885,20.85165493532368,24.95556718389384,10.345785401762843,13.208606776996206,0
0,39.76464365581401,39.83426793836659,18.03484899021368,20.71650770417721,15.027731648081472,19.0481359516368,1
0,35.58025489591026,35.53366357224239,22.54176554810873,25.79205346970072,10.50211677975723,9.78820142620954,0
0,39.02190250437523,39.15966015937045,22.320825443510415,20.0424800786937,11.83204137885872,18.979422425681527,1
0,38.287047068238174,38.60516595872223,22.649892516818248,19.354255159721404,10.885019673784619,18.93279190851677,1
0,37.90099264953413,37.87505743329716,17.276419899693103,23.117820837855366,13.806897493312153,14.783171811678766,0
0,38.291760776535504,38.69715403676331,15.004425937552984,15.355745404586859,10.273669944179618,22.936015371948645,1
0,36.21243108539911,36.470425305163914,21.87337303887055,16.196836854510007,17.565211799307708,20.015594230889103,0
0,37.98032811216249,37.82984365476962,16.769411695438823,21.269543153797905,17.233763839182362,16.710784958364584,0
0,38.55711257151175,38.88685047463299,12.751632946051519,29.143690670876346,16.176334831887374,9.413421900635406,1
0,39.67789404474152,39.73341858641879,22.824610293422115,25.822676697651353,17.043603246872976,13.855217347090168,1
0,37.681729781726354,37.529424811659936,23.23839815158521,16.321898542508364,11.389676261512692,21.35983123921799,0
0,37.39150639710682,37.4184418384663,16.994646342102552,27.694770191713104,12.437164761473905,9.696736205393712,0
0,37.69824295641546,38.032123907527016,11.135495909646812,25.984511559122716,14.905111110698932,11.713731397292747,0
0,39.11540211770208,39.26668641691568,15.817391348753969,24.1641978855398,14.353751099262492,14.951204232162283,1
0,38.52875110965969,39.0015648447269,22.05306489193905,27.30439440913766,16.68814314726565,11.224356700522026,1
0,37.67023979623296,37.95150681827084,23.52661042819343,21.061647716144357,14.595972327080343,16.608592080088606,0
0,38.71326743311336,38.89341987389754,13.052091137463938,18.32251576280779,17.974616498741526,20.39075167030557,1
0,38.297077549348046,37.99855719330695,11.004604180379072,22.68035083663139,10.182069597979092,15.616726712716655,0
0,39.16864499053289,39.09413898932878,23.16025679699258,23.232626333902108,15.995972906873014,15.936018656630782,1
0,37.49794690612265,37.315400835358815,15.841074084683129,23.07489558014868,14.37161787399197,14.423051325973969,0
0,37.87233785340224,38.112191145022386,18.12641446401345,23.47610687220158,14.296637342580222,14.396230981200663,0
0,37.80789184686785,38.0661554098113,24.520987180761384,29.230573773587714,9.910027138139988,8.577318073280132,0
0,36.73648505186789,36.79173052522845,10.998470918713343,28.533684346443472,15.42722150907627,8.202800705424416,0
0,38.49612027706458,38.53491395561293,19.72477011178143,28.13575554838409,16.80451226817119,10.360364728680487,1
0,38.46105527217989,38.683829982690966,11.111581338623006,27.021252163629406,8.622581538246756,11.439803108550485,1
0,38.20511345664247,37.98678862712817,15.632033926997504,29.15142160897928,13.50596204540045,9.053691847663192,0
0,37.96541286662485,38.328180642998475,22.057218177901703,16.47741962519105,10.705617949233302,21.487993241433802,0
0,36.78462925794959,36.288185208626516,16.502083491334517,18.97684892168609,17.874577431538526,17.807780336263498,0
0,37.77935467723464,38.12059328652145,24.957735308544258,22.425839184818773,11.74599378998018,15.35351549241587,0
0,37.857285483473234,37.79841586082519,18.38588927419903,27.69801739685108,8.739842085563312,10.159268086622156,0
0,37.39772273077838,37.51938011461727,14.817432289539301,22.577485672840986,10.58229150266199,14.820237057937398,0
0,38.03871428833399,38.19023583127901,13.301669888571297,26.22052109012383,13.846060677799514,11.81819319821016,0
0,38.60405085681454,38.683324811370134,15.257808014292428,17.084398578733744,6.913072456194915,21.519652278080795,1
0,40.08618590121053,40.28971034244282,15.587999106393262,18.7862071946484,13.24322304265485,21.299978706562126,1
0,38.374577812831845,38.61218686859549,11.030705165859414,25.976641425565084,17.174697110146777,12.39793638726676,1
0,38.457550390722766,38.32023191893348,15.543612991401599,17.47101013331586,16.204353451894207,20.986540257406904,0
0,38.12555408423383,38.37783728784141,16.963577796088373,20.2703390198239,6.8120824398958,17.855215064409933,0
0,36.28122878470096,36.08821604906237,20.84106628358207,18.97299386720357,17.920678544868817,17.308234917497387,0
0,38.173486124550784,38.278016596693305,19.85094227082412,20.247925413337178,14.384723084446549,17.925560711213606,0
0,38.26023020994103,38.49500111411064,20.631484828437316,25.624860736169556,7.947369891768284,12.635369473771473,0
0,40.66324211248529,41.03585833826286,10.125455228152857,20.517707717142017,6.148993070033082,20.145534395343276,1
0,38.00763903521888,38.093368401287044,13.26501099370804,23.328949839119105,8.055391635505817,14.678689196099775,0
0,38.501547342333616,38.42800817475347,19.925264325997848,16.498978155816143,16.058111048228863,22.002569186517473,0
0,38.16528823029476,38.48339787681184,17.25984052269621,27.075265398519416,6.259671899341965,11.090022831775347,0
0,37.03132196238048,36.91561336492223,10.079702135025189,20.548329384721875,8.797767643417039,16.482992577658607,0
0,39.342822814515024,39.602175900916,22.067419636477336,24.728012385500136,15.087667144018505,14.614810429014888,1
0,38.951933032686775,38.83295324780058,21.59214359935506,25.88084402492749,13.03332643077762,13.071089007759284,1
0,38.99103194704305,38.5348406893466,18.22628744490344,18.144913831675506,15.392828524322303,20.846118115367542,1
0,37.29061254520526,36.9538390018056,10.996949886644082,28.27012477430025,14.953806045921455,9.020487770905014,0
0,39.602794310936105,39.60605308980717,21.49772574298877,24.243363774104296,6.607216645461657,15.359430536831809,1
0,36.79814893720772,36.868552982989826,18.75570381597046,21.43087712627222,16.710137029129818,15.367271810935499,0
0,38.78685709380027,39.29811977797061,21.729399657369388,17.735027753673293,8.724382011387224,21.05182934012698,1
0,40.390455625809984,40.146923887451855,21.276204885937606,29.1345140685181,12.640709282757165,11.255941557291884,1
0,37.20946367486931,37.14939181550421,22.045031079367558,26.326023061974375,13.731457878333346,10.883440612894937,0
0,37.63370227039723,37.29503705247201,17.770120996069373,18.120368440998732,8.023538530621146,19.513333829398498,0
0,38.29965136508764,38.25947470703309,12.104867772902725,20.065661620863366,17.71477508041169,18.233989744224274,0
0,37.6965243458838,38.28283908902944,20.06736210069533,27.1451138713211,11.857871473047709,10.5514104745627,0
0,36.64933656893387,36.456518680414156,19.30710677577956,25.435164948230085,6.691712347168721,11.214171620703784,0
0,38.26856297480603,38.40810588487411,21.13379780798631,26.486764390735864,17.247144537334083,11.781798584070167,0
0,37.1376962862739,37.12705586773445,12.54821509076103,21.618016533193988,13.035214118319217,15.519679753079913,0
0,38.67359243063518,38.63402284848294,12.924627998504338,25.7471439396325,14.390318375776516,12.926448491002681,1
0,37.2805757657662,37.55362075325633,23.356142758289927,20.797405842958707,12.302109479210689,16.483169922807495,0
0,39.74993440501754,39.55464844996742,21.249666976781064,18.168943754072945,16.01685545732361,21.580990650944596,1
0,37.41674670766377,37.70407875581904,23.623427330504846,24.490155522620398,6.397601546318531,12.926591185043371,0
0,37.87793848379432,38.24287832892814,21.38072981745881,29.640208883981913,9.220540383325773,8.237729599812404,0
0,39.01351721736968,39.12272788343256,18.957329589854528,19.659014570929944,11.635780276832307,19.354502646439737,1
0,36.96913568356605,37.56468364893449,19.811991055418105,21.914543883188095,6.9192433957645205,15.054591800377956,0
0,38.42745993460413,38.31911983547162,23.33691885910015,25.110020566047805,14.470880031919899,13.317439368556325,0
0,39.507142754282434,39.635019246145305,18.682101317679106,23.12259423183732,10.72396096866769,16.384548522445115,1
0,36.59251676543877,36.81878866451492,19.48586986492581,27.651416935635737,9.272015883217728,8.941099829803036,0
0,38.384633858532304,38.388590875223656,12.347150740054008,26.42614059704274,6.040546161700947,11.958493261489565,0
0,38.45988279424843,38.01300433553652,17.10881830174154,15.874458057935355,14.637963740999444,22.585424736313072,0
0,38.98182287177731,38.540189451929145,20.745956679371485,29.97631850885661,16.00571170647434,9.0055043629207,1
0,36.96304928912192,37.48971170555366,14.064140474745482,26.28603680579201,10.74048642817798,10.67701248332991,0
0,36.87954338691573,36.73633160204471,13.033812707868023,27.958549744411698,12.770615724400386,8.92099364250403,0
0,38.7219415656169,38.68185627454856,14.707402123366233,24.767965681430198,8.732239511155182,13.953975884186704,1
0,38.49698467323319,38.29724578463439,13.622509419892502,27.844276920701432,13.466371755361596,10.65270775253176,0
0,38.45049285034588,38.626514043008555,13.223689555545938,16.685744623930642,6.145649499782406,21.76474822641524,1
0,38.54644820949698,38.25827145973288,16.372762643021304,20.216067533389733,11.8637267651851,18.330380676107247,0
0,37.51997527842151,37.41482948676747,23.61757770825301,28.14631415406739,13.730465782088308,9.373661124354122,0
0,38.43225369716101,38.41580137464797,17.605894701080775,18.024828169003385,17.01830127875681,20.407425528157624,0
0,38.49307247329868,38.2906109481704,12.818805712229846,16.17363147870034,10.57602980546741,22.31944099459834,0
0,37.48564858197364,37.445425727206576,11.15457504071311,26.821784099178284,15.182282435772358,10.663864482795358,0
0,40.06577451114476,40.23974166132281,20.44234217706888,27.53229233464944,13.17224435932201,12.533482176495319,1
0,38.67383292091179,38.760481733817215,15.741981466545816,17.43978327284851,17.124145355100968,21.234049648063284,1
0,37.00869650279736,37.17747848206608,22.32746419878039,27.81518974174073,10.780532107913167,9.193506761056632,0
0,38.85655360863383,38.85758786452834,19.89266152961155,25.301516933957544,9.829144078475856,13.555036674676288,1
0,37.22531832977268,37.137590078014014,21.94362175812053,22.80124024824876,16.645703984329725,14.424078081523923,0
0,38.98708460374245,39.50036997686624,14.079190591276731,27.453752891720775,6.590932816899469,11.533331712021678,1
0,39.35859557900741,39.20969009008172,20.38538383691587,21.288738739784485,7.636624715204121,18.069856839222922,1
0,37.379317681648295,37.396720725253196,13.960929770405782,17.909909343350957,6.988853215008533,19.469408338297338,0
0,39.16337612924433,39.20581767880673,24.086027191754376,19.272790149159206,16.117319478916833,19.89058598008512,1
0,38.6127809269365,38.8393803178048,19.545614223000616,22.577460274399723,6.127289080443832,16.03532065253678,1
0,39.022060159994496,39.276240304879224,14.867677002630131,22.969961890097636,16.339885865964575,16.05209826989686,1
0,40.09679298265395,40.103330300827054,14.04267793438409,27.083712396618505,11.415213544455202,13.013080586035446,1
0,37.95461188399713,38.12503767316172,12.863898776074652,26.87029085478502,6.048303346247649,11.084321029212113,0
0,37.44626383564251,37.45023601313545,20.419614383405914,23.720498358068625,10.819742126544503,13.725765477573887,0
0,37.31048557037448,36.746305741996146,13.28073419496891,26.711782250482145,8.241610092540427,10.598703319892337,0
0,37.384189715034566,37.01698718500476,18.929548988912337,17.876601874405065,13.492805849665956,19.5075878406295,0
0,38.1228982905859,37.9339922567488,13.969525403880361,15.750967906399415,14.152305479059759,22.371930384186484,0
0,38.54115197481665,38.39516394128384,19.92953417190803,28.104507339520502,11.850330844859998,10.436644635296147,0
0,38.47669079933002,38.170933460748465,22.22409592810809,16.13331740644154,6.48623430527604,22.34337339288848,0
0,39.02718324903603,39.11039738843072,21.670378647169798,18.70032644615996,13.873545652406422,20.32685680287607,1
0,38.21300189187791,38.276561726045074,21.412769963961725,25.42978424436577,16.104465403266254,12.783217647512139,0
0,39.65353407715732,39.65086624748473,12.815836085383781,21.141719064409635,14.643891327916817,18.511815012747682,1
0,37.935343166762046,37.594842323610145,11.32577420476778,28.14470954873263,15.959495027463824,9.790633618029414,0
0,40.92016916658962,40.82424242464053,20.484232427310786,19.469696919934044,8.40611428261065,21.45047224665558,1
0,38.82566734776501,38.118575438399674,15.52520820691527,15.17807020004039,16.66665527587779,23.647597147724625,0
0,37.34284244358372,37.24392132313271,16.48519339605021,19.50983460841116,9.866321407775553,17.83300783517256,0
0,37.12910750193889,37.11063099409782,10.467236391900865,23.671125737772474,6.160857771023892,13.457981764166416,0
0,38.68247241524319,38.7148873949516,13.893646739125739,20.6390756310494,16.12069975594885,18.04339678419379,1
0,37.97653721467415,37.61581526930895,10.50514605811696,23.023091336381327,17.30185522757672,14.953445878292825,0
0,38.91400049409209,39.0148082257398,23.187786589018714,28.14897178252528,13.866698369008185,10.765028711566814,1
0,38.673237624573545,38.45050179349236,13.650950248277958,28.68727581345553,8.777239565561096,9.985961811118017,0
0,38.12717108734313,38.02808311224151,18.36005754359512,18.989610969811682,9.020933571390366,19.137560117531446,0
0,37.3532062819316,37.464543143207614,10.584689809916956,21.932107099048512,11.599114481227435,15.421099182883086,0
0,36.68515277531414,37.114102718171026,20.00271086958487,23.237160228621768,16.773972955217033,13.447992546692369,0
0,37.75348504793298,37.72610650517341,14.845410186311408,29.236686853323704,7.7951718737707,8.51679819460928,0
0,39.05639879432348,38.86016592170027,23.468787804364986,29.97925978746577,15.911684035001844,9.077139006857706,1
0,38.414093744130206,38.53175113013902,23.321772834010538,18.5311087326229,9.495633704461804,19.882985011507305,1
0,36.954261221288014,37.2127624154385,14.879359275426218,25.90469807018723,15.703034033149175,11.049563151100784,0
0,38.37318092585119,38.49463627253202,23.51441343535702,20.670465933497926,17.043254371218463,17.70271499235326,0
0,38.58531737972884,39.199027016373655,24.94236510248168,15.121622953293198,11.129926463931842,23.463694426435644,1
0,37.31614256379887,37.11888969730769,22.38123496185922,15.138787836538535,10.38060784926637,22.177354727260337,0
0,38.35372510594553,38.54473207909253,22.673070216328433,21.908490113433835,15.626655827655622,16.445234992511693,1
0,38.258208718446,38.66139981043948,13.735131041636349,22.32502369506502,12.353794588552727,15.933185023380979,1
0,37.05702970216938,37.39729163641119,18.650535982866344,15.33854544860164,14.213388581558366,21.71848425356774,0
0,38.557787360348286,38.05756870998709,11.008838709510517,25.303911251614537,13.473950843534155,13.253876108733749,0
0,38.76078452636824,38.684719593368605,11.423769052325046,19.410050828924298,7.834666147737556,19.350733697443943,1
0,39.28305124317528,39.57281282781569,24.98338918049936,23.39839652303924,16.13748432347474,15.88465472013604,1
0,39.25380205203491,40.083889711220145,14.899588741388664,19.51378609748128,8.349301336957634,19.740015954553627,1
0,36.82233063204291,36.919943882215684,21.222758680732696,17.507014723039607,17.18738572884937,19.315315909003306,0
0,37.26217496008488,37.111139151368135,22.099975795402248,21.107606078983128,9.006855497065775,16.15456888110175,0
0,38.71503526720866,38.43212719622514,22.87034906510844,18.484100471857513,14.806571679284904,20.23093479535115,0
0,38.71378595091221,39.215823882769705,24.964424461032348,23.022014653787522,9.415864721923104,15.691771297124689,1
0,38.71504768630605,38.856140576365625,13.622447278853018,17.9824279542972,9.813424903042367,20.73261973200885,1
0,42.05273149065472,41.81899128280265,10.605262402895496,22.626089649669407,9.720022233387663,19.426641840985315,1
0,38.77089051069317,38.70111457821574,16.167872769918787,17.360677723033014,14.974707048313,21.410212787660157,1
0,39.33556564018061,39.459483034861705,11.951210047434204,25.064620642286776,12.681781415632717,14.270944997893835,1
0,39.154001763493206,39.26952747786703,10.336388337430828,26.30906526662136,16.595429470169968,12.844936496871846,1
0,38.8513912513058,38.66675269189001,15.406402407122291,16.655913513749006,9.688472630448539,22.195477737556793,1
0,37.884730755359655,37.76386371055552,21.756073766128544,22.017036180560087,14.303910264680932,15.867694574799568,0
0,38.95896922049327,38.51149539592142,18.492710368376063,16.063075509823104,15.035383195957328,22.89589371067017,1
0,37.427174785462434,37.748218106534964,14.69166983815531,23.972736683130037,7.817785356359498,13.454438102332396,0
0,37.96318139326,37.74827148424844,19.815130082390795,18.96606446894468,10.807072287837734,18.99711692431532,0
0,37.7146364521709,37.856685065179356,13.48027270463216,22.914366852580617,11.793809932204933,14.800269599590283,0
0,38.281874139386325,38.537904678873886,10.215721691081276,22.761915140764366,10.268248678732492,15.51995899862196,1
0,40.51465856667351,40.60907747845675,21.46530079654641,28.865315192907005,9.865351151629657,11.649343373766506,1
0,36.33273480740826,36.414110013291754,19.35614627296014,23.236248338530842,14.237038727971703,13.096486468877416,0
0,38.886260190374514,38.9500401824338,21.4345393675144,23.744977195774734,8.590396771913863,15.14128299459978,1
0,36.58728412881035,36.751801624908275,10.584070250314983,21.024796886465705,14.512688943013545,15.562487242344648,0
0,37.72806813421057,38.026110447618066,22.556794417459784,29.236194047742252,17.220530356688766,8.491874086468314,0
0,39.28895059696737,39.46673769086725,19.292893000544552,26.657788641594145,12.782370254133014,12.631161955373223,1
0,38.264280019095466,38.22575136516366,18.450930260689603,19.281079354542623,13.337210840873688,18.983200664552843,0
0,37.1222552220707,37.37869484970685,19.369210721717973,27.66314378664348,6.827192425489069,9.459111435427218,0
0,37.48469629074003,37.58811243677779,22.96649870302546,21.485945402776352,16.373722843413937,15.99875088796368,0
0,38.87959774893468,38.48055994277597,18.804047598383605,27.43000715300391,9.425373446398385,11.449590595930768,0
0,37.469633368282864,37.961253431804785,18.714255698322688,27.34332102440253,13.380613986342778,10.126312343880333,0
0,38.41645858958198,38.437335577588456,24.860187355986486,17.833052801442815,17.749346036937627,20.583405788139164,0
0,38.24557183990382,38.235863064233975,21.35095250602852,25.517116970753655,13.146031206873694,12.728454869150163,0
0,37.54839965239419,37.765122843683216,16.63440708176703,19.359644539597966,14.696513849572531,18.188755112796223,0
0,40.343944089325326,40.30430087960088,20.610955000493917,19.462390049890022,11.343835418685023,20.881554039435304,1
0,38.833919022318014,39.08443823077433,15.838457075376827,19.44522115320871,6.724390122180688,19.388697869109304,1
0,36.1748574133424,36.092931810292804,13.433131937252485,25.88352371339922,15.571192193877462,10.29133369994318,0
0,38.38645431476943,38.1724208749849,18.95277815331639,18.44739062688804,6.419986095167828,19.93906368788139,0
0,37.53821353523161,37.21989129977047,23.92273147170927,15.013587528691353,14.40789394665425,22.52462600654026,0
0,39.05243333479623,39.15417157758208,23.93709280023194,25.7285528022395,6.275058877795644,13.323880532556728,1
0,37.4074792615673,37.15945783073978,15.128579171582356,17.567771157526877,16.347662838920048,19.839708104040426,0
0,38.08526355853311,38.44746211256306,17.915161993325427,16.56723592961752,7.8916324299957665,21.518027628915586,0
0,38.70498727898046,39.031498065528716,13.174538478547918,18.5627418089109,12.171257945310614,20.14224547006956,1
0,39.06575519417012,39.37441193732128,24.93446664248325,20.69850783484056,13.165808453797768,18.367247359329564,1
0,36.99970359294423,37.16289124070322,24.716768618019035,22.13859491209801,11.490544888480946,14.861108680846218,0
0,37.86549876415906,37.954651595114484,19.742633945611708,15.668550610689461,10.089161872186647,22.196948153469595,0
0,37.725054688839045,37.503531200084716,22.0662108951621,29.558599989410407,11.61377155417166,8.166454699428638,0
0,37.54667076742629,37.85407243358965,20.7265024192555,25.74094580129337,9.736989046573905,11.80572496613292,0
0,39.9654542402811,40.14121671216108,18.897373285592025,19.84791097986504,11.257468164970359,20.117543260416056,1
0,38.60498171096096,38.76175632912575,10.800219954833466,19.78045885928096,10.306955891976369,18.824522851680005,1
1,39.09979678005582,39.50617489407579,16.821465138289916,21.72813824052689,12.794457882085744,17.37165853952893,1
1,38.542810012698766,38.40485062126844,20.12179453251116,24.393672341445495,8.855089946939803,14.149137671253271,0
1,39.03136477112947,38.94243523200932,20.16297420825527,17.195595998834516,17.86387865896815,21.83576877229495,1
1,41.66973433559019,41.637328422348205,15.596839276335754,17.833947206474285,12.010439440585987,23.835787129115907,1
1,39.06578144451847,38.796867850059975,24.12537979987046,27.891518742503266,8.329944928974115,11.174262702015206,1
1,43.72209668428861,43.74924940913331,12.510355483551715,18.843823858336087,11.72480099480727,24.87827282595252,1
1,40.94131327114516,41.01437660024298,17.50539169323341,20.702924969627663,16.39698155429789,20.2383883015175,1
1,40.540286960803336,40.41544737788599,20.363259648262343,28.069077764251755,6.261681517492747,12.47120919655158,1
1,39.18413488576442,39.480422260472025,20.457037088377138,24.94721744099734,14.154649429287465,14.236917444767084,1
1,41.21040284323168,40.678994574479,19.729584351532232,20.125678190125324,12.575613561527136,21.084724653106353,1
1,39.55167082589089,39.897956054513045,14.129323201777902,25.255493185869312,8.034695932441625,14.296177640021575,1
1,40.45861275903896,40.57763801415423,12.34309853029933,15.295248230721207,15.809717271659048,25.16336452831775,1
1,43.62810989974943,43.451722880798634,19.539104902400663,26.03463990017048,10.426615468488068,17.593469999578954,1
1,40.17512213035796,39.941558075138055,18.989531742091565,22.305240607743592,9.525624345786088,17.86988152261437,1
1,41.794055324171374,41.26241814232586,12.690340154338614,27.197732209266917,15.937502302282812,14.596323114904457,1
1,39.38587064733635,39.105443481759224,20.57708718355845,29.319564780097025,13.662300554299975,10.066305867239322,1
1,40.25451496235394,40.48890537406066,16.827579876004847,28.886828242418524,16.779109004097894,11.367686719935413,1
1,42.60204082632616,42.69088819478536,20.016408874047293,28.638975651830112,13.558604444054392,13.963065174496048,1
1,39.4849428248759,39.758539605287936,22.56050619655226,22.682549339008307,14.889811895185384,16.802393485867594,1
1,42.656183125396005,42.63678294630333,12.545926428653846,20.40213171208407,16.037350755115355,22.254051413311934,1
1,41.22007751609212,41.32419576103232,10.28717301995255,21.97552987096009,6.656875630919243,19.244547645132027,1
1,39.56879319133745,39.3172124796024,21.6865387959368,25.34844004970041,15.312587506432564,14.220353141637037,1
1,41.12213006077217,40.83392026677546,19.145461377289237,28.2599666530678,13.364477782194921,12.862163407704372,1
1,41.56432078451475,41.39516164363999,20.494593544331828,18.104794545001795,6.834093558182319,23.459526239512954,1
1,41.10835295088236,41.0298168209846,22.57232462482964,28.772897376925545,12.102935062424582,12.335455573956818,1
1,38.2587078641424,37.98217837216361,22.04216402236751,27.22770347954834,6.989496935807447,11.031004384594063,0
1,39.35472167142767,39.50253727817861,24.41380220393237,29.68284022767352,14.831366420678668,9.671881443754149,1
1,39.97822577378304,40.0743697872062,18.039026182781775,28.203776599225307,12.558020566774596,11.77444917455773,1
1,40.20323654216994,40.606407520436974,17.32743448989858,19.1990599453786,17.442882448947568,21.00417659679134,1
1,41.10687372681588,41.40728529063872,16.02830799836095,16.589338670160714,8.197624458861238,24.517535056655163,1
1,40.531011301213226,40.84653107136101,12.305365642663068,16.68361607987383,13.27240143024454,23.847395221339397,1
1,38.56405233367686,38.74505320177061,18.589108493230334,19.36834977867414,8.538985614845895,19.195702555002722,1
1,40.79425720630775,40.94629795312186,14.155187864889681,24.212755859768087,13.36877981672878,16.58150134653966,1
1,41.09376146886897,40.823481560868345,23.819612683194634,27.064804891457587,14.671796428330278,14.028956577411382,1
1,41.02772758231035,41.132089963162215,18.747862064156465,28.48875460472347,14.667651951954463,12.538972977586877,1
1,41.705014943221,41.9851495938757,18.892602707621652,24.356300765538492,15.78088788819132,17.34871417768251,1
1,41.38409880091357,41.83932424247024,15.32386991315515,15.084469691220805,16.2426027354998,26.299629109692766,1
1,40.896934102996966,41.05764198681778,10.779840279665612,17.794751647778003,6.927260715206124,23.102182455218962,1
1,40.20878457510376,40.6280328555376,10.47615648059483,16.49589305780052,10.11920588486885,23.712891517303245,1
1,38.14075078642921,38.05640106293172,16.350027162297962,20.44986713353515,14.24547024431767,17.69088365289406,0
1,40.85850368487236,40.69983788076395,11.268480671458567,22.52026490450619,11.983035448694546,18.338238780366172,1
1,40.56999399331204,40.77479233857058,19.10270433310209,15.650957678678413,8.288111361057497,24.919036314633626,1
1,40.65305248835399,40.97818264290453,23.214595084594862,20.227169636934832,12.632514842000376,20.42588285141916,1
1,38.6402268514336,38.63849843904496,23.24372224778083,17.68769511937984,10.889227833193726,20.952531732053764,1
1,38.89462649746925,38.902351580048936,19.885681151983484,24.706052493883107,10.680459331851662,14.18857400358614,1
1,41.66909870933277,41.784287315681084,13.168477472093965,21.9640855398651,15.717044609227965,19.705013169467673,1
1,40.24857829998635,39.88056188236793,22.94495247038308,22.429764704008633,10.891180005986175,17.818813595977716,1
1,41.18595090658441,41.62867698543599,23.29140152969812,21.415376820501915,6.31745406576509,19.770574086082494,1
1,40.3368138889696,39.985277634741614,12.94980377429438,29.340295657298505,6.696760066693095,10.996518231671097,1
1,40.33868298134447,39.87423178498541,21.06139128656016,18.221026876823448,16.274928500299445,22.11765610452102,1
1,41.5197689477688,41.578000288818735,14.297793233906845,22.749963897658116,17.527209720150253,18.769805050110687,1
1,39.62914185331741,40.23167791579616,22.039604685293945,26.04026052548004,14.26091203746849,13.588881327837367,1
1,40.42495701002328,40.39317867042386,24.95856849855404,23.352666197018436,10.372419529200963,17.07229081300484,1
1,39.69904212468344,39.82851749371398,10.450390079940892,28.935313285752017,17.263203789536732,10.76372883893142,1
1,39.73515490433799,39.81464379732304,23.46048798686398,20.669525334619262,13.95363703650883,19.065629569718727,1
1,39.89807623949076,39.884358903307216,19.33945800397987,21.95513708659767,16.13200259039205,17.942939152893093,1
1,40.58877390312382,40.14937732217423,24.600739287472315,16.327834728220928,15.190227648444111,24.260939174902894,1
1,39.67762679183748,39.14692010667377,16.975142762896414,24.134986665778925,10.549671789271109,15.542640126058558,1
1,41.932482963245576,41.965414563786226,22.710818958570606,19.32317952672159,11.744426410209426,22.609303436523987,1
1,39.137010507114645,39.48076291525813,10.935911028974159,17.404635592733534,8.233585852417194,21.73237491438111,1
1,40.05706686259023,40.03465624485146,15.029185751174435,23.16796939356762,9.50416920528881,16.889097469022612,1
1,39.72834962424357,39.93612276839441,11.00524806626815,22.984653950698657,15.33750793543826,16.743695673544913,1
1,42.18107124965985,42.55089540305312,24.630147002186057,16.13807461836071,16.7277407025973,26.04299663129914,1
1,40.55552120946504,40.676214145580666,22.25460860907755,25.47323180241709,14.693525079016942,15.082289407047952,1
1,41.641397901309226,41.6251473371219,22.788211318689555,24.356582859762796,11.58208435987966,17.28481504154643,1
1,38.36877151505193,38.17731792607042,24.06947847150841,17.83525924119746,7.03811122727697,20.533512273854473,0
1,40.64716534563004,41.143667816541516,11.27655229179678,22.041522932310656,6.683375384381378,18.605642413319387,1
1,41.45652003431047,41.57356125002257,15.7839638877,25.8048437471784,10.491906775354245,15.651676287132073,1
1,40.40696918605805,40.19646771113504,11.065523335660032,22.94153610811915,11.565860625211958,17.4654330779389,1
1,41.68512448758496,41.33254131085798,13.16189652325043,20.932336142753552,13.309447466559563,20.752788344831405,1
1,39.62752501486951,39.88131938503029,13.440486655565085,19.835076871214156,6.077874256643966,19.792448143655356,1
1,42.13215167224125,41.70675273600271,17.03660816571368,24.155907999660805,17.876674685595674,17.976243672580445,1
1,43.28856756070502,43.78730695620277,14.028432511804638,29.08663047465361,10.367266600848515,14.201937086051409,1
1,39.82830987142844,39.0993906191427,11.514671602266416,25.07617260716225,16.17713596561346,14.752137264266189,1
1,39.72084672217899,39.99103049156364,12.512366336411615,16.121188554544734,12.419600467984854,23.599658167634257,1
1,42.18939982025301,42.544717803182145,12.209133453281364,21.910274602232008,7.565273454400158,20.279125218021,1
1,42.353443789449926,42.37310110421872,24.596151968684474,28.362361972659414,15.570786630414263,13.991081816790512,1
1,39.62028196470075,39.52866450890387,21.389387603777102,16.416936387016303,14.517924899038512,23.20334557768445,1
1,39.75375713777538,40.18133491454349,24.51642197904343,29.83313568206315,12.329233019150736,9.92062145571223,1
1,39.93368000848134,40.02611167276255,16.59610729761863,29.236040904681317,12.17463709600536,10.697639103800022,1
1,38.55221433565544,38.35060706231241,14.175527224939849,16.17411721094814,7.049755269011136,22.378097124707303,0
1,39.10575246957054,38.72799040154606,21.9743979581378,29.001199806743323,13.870187382886488,10.104552662827217,1
1,38.99461700322231,39.11642408916886,14.893808770617202,20.446988853891934,16.9349418690516,18.547628149330375,1
1,39.30186316536463,39.3386348999509,14.490750605580224,27.670637506137936,7.1189390306563,11.631225659226693,1
1,40.25490964639718,39.90979399947441,13.487589883117469,21.27575006569907,9.162137407786858,18.97915958069811,1
1,40.60447915229747,40.567097386475695,11.94518467336353,21.612826690537737,16.827695681305187,18.991652461759735,1
1,42.3156506406583,42.22389082908269,13.846945915251489,24.51364636466314,9.412126917837519,17.80200427599516,1
1,39.00213974703957,39.147062709686885,15.329796227108314,26.61716128913975,13.847324066159116,12.38497845789982,1
1,41.57961911801956,41.67594530188621,20.109913122185958,15.50683726422373,12.41781797931773,26.072781853795828,1
1,40.02181450250684,40.30882128053675,10.938472633291774,23.897339932907016,13.155931260046344,16.124474569599826,1
1,40.23569717745183,40.557592040708315,13.157604094980144,17.800994911460563,10.989466818927038,22.43470226599127,1
1,41.17726533981658,40.938486057856416,22.135354604375145,20.189242767948045,9.599897646644534,20.988022571868534,1
1,38.840461371969006,38.838243760061374,12.203828853756562,20.219529992328248,6.582401408756027,18.62093137964076,1
1,40.79713267003926,40.88371275917346,15.139677197837823,22.035905103317305,14.93137127152997,18.761227566721956,1
1,40.51638787067697,40.259903630574854,22.969883827872103,20.0120461781426,14.95312154633072,20.50434169253437,1
1,40.94018664321059,41.06711666578592,12.32387966715164,16.610416776760015,14.048708880944679,24.329769866450572,1
1,40.67591923708016,41.08252455137695,11.241052534272848,17.184431077881772,13.723605457435447,23.491488159198386,1
1,43.49189018188416,43.435987441732664,17.268069926200162,15.501569783416466,8.924605586010316,27.990320398467695,1
1,39.47093802047328,38.94357010976055,14.536292669178046,22.053736279931314,6.268139205195494,17.417201740541962,1
1,39.60970395849763,39.625466276617644,18.45112546725781,29.31671542279483,15.704584762625277,10.292988535702804,1
1,39.4899173156478,39.146118973162224,22.05707335725213,16.73512835472175,11.893662428349923,22.754788960926053,1
1,39.577879745091664,39.76644826083963,12.057227322291148,29.19396739504623,9.68205756843142,10.383912350045435,1
1,39.471396734501525,39.49199661823215,18.710486268314277,26.000422720981405,7.22318288136684,13.47097401352012,1
1,41.84572149043981,41.7235001436479,17.58263140584796,24.562482044012448,6.75265909081666,17.28323944642736,1
1,42.14665552238681,42.12256666936118,12.161181790197993,24.679166329853444,10.186400661542127,17.467489192533364,1
1,39.55802981812568,39.60079268219245,19.359977282934736,27.400914725944233,15.656844777203286,12.15711509218145,1
1,39.2179377549645,39.22716961627442,14.104606267911574,16.60379796569732,17.024684992005966,22.61413978926718,1
1,40.912840223302325,40.819429481172136,17.317514778160188,22.571314853483127,16.761016375356775,18.3415253698192,1
1,39.582110042434735,39.19634906340871,11.234084864155928,25.45636707391138,17.040010016995858,14.125742968523355,1
1,41.12281136308216,41.349581546591175,16.893760858204345,23.802306676103456,16.892704117552114,17.3205046869787,1
1,40.563799927106686,40.42006651147721,14.596952020642306,27.49168606534942,12.326697019204751,13.072113861757266,1
1,38.3295326505036,38.27132739491864,22.335718167780314,16.084075635170272,8.632987662682845,22.24545701533333,0
1,42.31175676172908,42.4971158752601,10.854680904960524,25.360515592487488,15.576558994041845,16.95124116924159,1
1,42.634640975024176,42.69591667235383,16.27910912377495,23.010415955770767,8.564555698230947,19.62422501925341,1
1,39.50337470237029,39.134500696322405,16.876471361971568,20.687412959699152,9.206487321078829,18.815961742671135,1
1,39.79598797208322,39.299167002131924,20.87509114448678,20.104124733510464,8.79905186187058,19.691863238572754,1
1,40.67162500794237,40.40550008406709,18.614313626353166,24.312489491612894,12.17978884434967,16.359135516329474,1
1,40.73479382698313,40.753080555042686,20.008185057912716,28.364930619663973,9.861930098028958,12.369863207319156,1
1,41.15610755447468,40.980458888867865,21.65573928477634,22.44263889151673,7.849872595504097,18.71346866295795,1
1,42.913265900396254,42.84103322031077,22.933044604872833,27.3708474611538,11.43808094272659,15.542418439242454,1
1,40.06996860425773,40.631741234178726,14.708132450837057,21.03234572765951,16.486886865422004,19.03762287659822,1
1,39.26221358210001,38.78771266446482,18.070340580458545,16.535916941897646,12.846634259399666,22.726296640202364,1
1,38.50688500358111,38.092619311624965,22.601621176587997,15.922586046879578,16.540027270651045,22.58429895670153,0
1,39.3497909480755,39.87383987544116,24.841766964475845,15.770015569855163,8.350466220949649,23.57977537822034,1
1,40.25693493526406,40.11438198296508,23.342789665656447,20.70225212936505,8.003686484070649,19.554682805899013,1
1,42.63292522257312,42.3795314698997,15.572008939365652,20.05856626253763,12.906925508381043,22.57435896003549,1
1,39.627105311252976,39.99384755716529,12.927497758279756,25.76905535433854,11.559946818555277,13.858049956914435,1
1,40.590924337130566,40.63086141980982,17.34088806109883,26.14232252377299,13.922071699763482,14.448601813357577,1
1,40.27865023510542,40.233897523739955,21.124621777540632,15.762809532506097,15.53552149232138,24.51584070259932,1
1,41.84491125548251,41.75346520845332,17.38853606129946,18.316848943335224,15.015687547826118,23.528062312147284,1
1,43.5850121536357,43.42708857798093,17.247712949705026,19.113927752383496,17.30713408390273,24.471084401252206,1
1,39.60987059520358,39.39428656190287,22.57345631622701,23.21417976214214,10.77907690988414,16.39569083306144,1
1,39.66372872472631,39.60265817313116,15.421056686007795,17.167728358604254,8.476640906978169,22.496000366122058,1
1,41.65740914018979,41.423927053671996,22.896920122174684,17.009118291000007,12.61095167937463,24.648290849189785,1
1,41.1864589365142,41.30674533329505,16.102072014275855,29.15683333811937,7.328917442294227,12.02962559839483,1
1,42.70071952345684,42.74349565112427,14.92349658517509,27.063043609466714,9.466213479979578,15.637675913990126,1
1,41.05910664092375,41.33832141174906,16.809848667995485,17.709823531367554,8.494656663157734,23.349283109556197,1
1,39.83292028197682,40.19121186305134,21.436704380123025,21.098517118582365,10.758764601564971,18.734403163394454,1
1,41.0678512799,40.917325360089094,11.890030417959913,20.334329988863484,7.3345989000265845,20.733521291036514,1
1,41.74131465475778,41.98507951111215,12.94628823808026,26.86506111098111,6.382100934577174,14.87625354377667,1
1,41.36662683555657,41.49877445002263,24.271672384946378,22.65319374717183,13.88152805556038,18.713433088384743,1
1,40.959456240439486,40.904658031560786,12.63237441072036,16.917746054902004,13.322987739477657,24.041710185537482,1
1,41.6866770964659,41.41132095242125,18.51590976896582,26.084880947343656,14.500307232463934,15.601796149122244,1
1,41.820084267579375,41.71237344261301,18.689716999929068,20.953319673373784,13.924637283256128,20.86676459420559,1
1,42.09680668834879,42.20844909028415,17.344366930753672,18.943863714482205,7.371536173708602,23.152942973866587,1
1,41.143322853866536,40.79494016535752,19.67117872865228,20.6324793303108,9.492946576507755,20.510843523555735,1
1,40.08274649558809,40.00026921236717,13.447400886964276,22.466348454103446,7.554319318804229,17.616398041484643,1
1,40.49072779236332,39.71882613802996,18.289934016651223,20.14673274625514,16.11566882458276,20.343995046108184,1
1,41.86846165646086,41.65097130728899,15.582598828703457,18.628586588876367,14.96284386426628,23.239875067584492,1
1,39.23798362771659,39.11217975654352,19.925008894437838,20.977530432059705,8.418324035018909,18.260453195656883,1
0,38.69671415301124,38.89769925071001,12.118353150597242,15.287593661248474,10.09571088587872,23.40912049176277,1
0,38.06173569882882,38.267300258468445,18.563161252592145,26.587467691444708,17.599379907170572,11.474268007384111,0
0,38.8476885381007,38.59948661277189,12.779055330749856,17.564173403513788,13.129912294555817,21.28351513458691,1
0,39.723029856408026,39.894731446364325,14.179645946725547,15.658569204459559,15.613867167613886,24.064460651948465,1
0,37.96584662527667,38.241556156851395,13.280647004853748,24.80548039357619,9.17509241722475,13.160366231700479,0
0,37.96586304305082,37.86712766454116,12.742566698032256,26.609041932355083,8.520635042151662,11.356821110695734,0
0,39.77921281550739,39.32234050420886,22.385664273410004,27.207436973892648,15.40700314615858,12.571775841614745,1
0,38.96743472915291,38.76077889808073,14.285613514913354,22.402637739909,14.230469462777283,16.564796989243913,1
0,37.73052561406505,37.615355817837205,23.90685672796674,18.08052277034978,14.171735150541164,19.65000284371527,0
0,38.74256004358597,38.33153267873002,24.54889788017786,26.0584151587474,12.631614981950326,12.684144884838567,0
0,37.73658230718754,37.91603443074148,18.56890704905646,25.49569615731506,12.762940113318585,12.24088614987248,0
0,37.73427024642975,37.75044751190762,12.145016839985896,18.6940610115476,14.828370063675045,19.040209234882152,0
0,38.441962271566034,38.691591069296464,15.618223650693718,28.551116337941895,9.240029773454344,9.890845933624139,1
0,36.286719755342205,36.42747542503006,21.96598395022321,16.565571871242433,10.233221590283469,19.72114788409977,0
0,36.47508216748697,36.662077411249044,15.510860930456058,29.740323593869885,16.45964124624066,6.734758573617082,0
0,37.63771247075903,37.59677026268271,11.305258274541831,27.90371716466197,9.706382412145892,9.733995306097057,0
0,37.18716887966558,37.19745216254251,18.35177366392282,25.31847968218613,12.555714856551589,11.868689197479448,0
0,38.51424733259528,38.44735001340642,22.67681277244052,29.081248324197492,14.431673568080209,9.43299900839779,0
0,37.29197592447879,37.113322659801156,21.938895807152534,25.834667524855618,17.999097921998118,11.457308399623173,0
0,36.78769629866471,37.19714516035639,12.626847101955299,17.85685495545069,11.223495977943983,18.930841343214023,0
0,39.66564876892156,39.08694126342646,20.091469216187,21.632342071692175,11.137114519499326,18.03330669722938,1
0,37.974223699513466,38.23141963708021,13.307563951534707,16.07254536497453,16.11106055320401,21.901678334538936,0
0,38.26752820468793,38.23324110932543,13.273113018282583,20.84486133432173,15.666037335118359,17.422666870366196,0
0,36.77525181378655,36.631007637631534,23.11107659957778,26.124045296058128,14.772910580814582,10.651206517728419,0
0,37.65561727547482,37.633626797888304,13.745034291103453,20.79665026396226,11.558755648908347,16.858967011512558,0
0,38.31092258970987,37.88036469894383,13.948710197770168,19.954412632022013,9.88726944192859,18.356509957687855,0
0,37.0490064225777,36.82855731329876,10.009800861419492,23.930335837654678,13.304765791018184,13.11867058492302,0
0,38.57569801834568,38.27533545652014,23.060035511882766,28.083067934983426,16.51467951757969,10.492630083362258,0
0,37.5993613100812,37.53429001689447,21.88892219813702,15.713747888191687,16.60532949850304,21.885613421889513,0
0,37.90830625020673,37.67374354783603,19.40993402636017,20.78205652049603,7.301980140845261,17.126249729710697,0
0,37.5982933877706,38.061011110982164,21.253986459082633,17.37361112722894,11.140203405757807,20.224682260541663,0
0,40.05227818450894,40.53655748991218,12.280728511367377,25.430313760978045,11.576663474384993,14.621964423530898,1
0,38.18650277526207,37.767313052748264,16.87485391881363,16.58586840646702,17.731384410285038,21.60063436879505,0
0,37.1422890710441,37.36022306897037,15.268290810231713,24.972116378703667,14.135976182911014,12.17017269234043,0
0,39.02254491210319,39.04565829550425,11.406647893855247,19.29271306196861,10.886957007144847,19.729831850134584,1
0,36.97915635002898,37.15612998235154,17.29195727822386,17.98375220605837,6.3126946318271155,18.99540414397061,0
0,38.40886359500476,38.247637693061,23.81109475513953,29.04528836737478,12.78462192119035,9.36357522762998,0
0,36.24032987612023,36.21777705079049,10.600886785760418,15.277868651189339,7.152911707660273,20.96246122493089,0
0,36.87181395110157,36.62746672737325,14.371913702406907,21.566659078343534,16.013399488173157,15.305154872758038,0
0,38.396861235869125,38.31740476090459,13.113114043085552,15.324404886926906,15.030223926844345,23.072456348942218,0
0,38.93846657999541,38.66196883422748,13.572199804985445,22.253895721564934,11.526109918898145,16.68457085843048,1
0,38.37136828118997,38.19987431466467,23.62651827819063,22.515710666916274,11.150529354500396,15.8556576142737,0
0,38.08435171761176,37.80140050343263,17.021035813514352,19.824937070921205,16.768067586825225,18.259414646690555,0
0,37.89889630441071,37.804140586696995,16.994491194097282,16.982426662875355,9.46150020501754,20.916469641535357,0
0,36.72147800963258,36.434833495471864,21.408634636829234,20.64581306601713,8.98823954528125,16.075664943615447,0
0,37.48015579160529,37.4393284472081,12.317383060073887,25.08394409898849,17.270369193909147,12.396211692616802,0
0,37.73936122904021,37.60611250296267,17.30898031150076,26.735937129666887,15.71095004104179,11.003424099373326,0
0,39.25712222621892,39.31630992771343,16.449778211815897,22.961259035822135,15.847507116806336,16.295863190396783,1
0,38.543618289568464,38.769219872667236,18.95366035819984,23.847515916596336,8.342325771311106,14.696102372972128,1
0,36.43695984463727,36.87592603546504,24.99336554875658,18.00924556686979,7.719551897171213,18.427714277767482,0
0,38.5240839693948,37.86552036001268,21.54173341123071,19.309954998414742,6.312354597805619,19.21412897098006,0
0,37.81491771958369,37.580572526793716,15.967985545261408,17.428434150785378,8.84449810702416,20.38648356879831,0
0,37.523077999694046,37.630084557999446,22.413295784110705,18.73943025006917,15.290285900571897,18.783647749624876,0
0,38.81167628884087,38.95301358637293,12.560625449687203,18.373301703382978,8.880461025169797,20.438374585457893,1
0,39.23099952249596,38.857666145633054,10.456955294634401,22.791731795868564,14.749239403138514,16.439267726627392,1
0,39.1312801191162,38.95247734930512,13.066725586964097,23.440331336860943,9.022899184409058,15.690948782255255,1
0,37.360782476777366,37.44660630950142,15.106173341713895,29.17421131232257,10.74350997540806,8.186571164454797,0
0,37.89078762414879,37.79653152234782,17.6587113618934,17.933559706522846,17.7979474789369,19.957227917625946,0
0,38.531263431403566,38.66299891478062,19.226937108117998,24.62513565242244,8.937740775409626,13.906127778981126,1
0,39.17554512712236,39.20192888772149,23.659085758216328,27.258889034812842,10.516447527579212,11.91665609230952,1
0,37.72082576215471,37.75277102434603,17.647810143256866,23.403621956745788,9.613046165582563,14.317203805408923,0
0,38.014341023336186,38.04939956169987,17.51913466938594,18.825054787516137,7.315499835960027,19.18928623582005,0
0,37.09366502599397,36.888493972397605,10.753645147344733,18.938253450300003,11.8787297055699,18.155411575693968,0
0,37.00379337591933,37.11528963363148,10.523673289843357,15.588795796064998,10.544287959996026,21.41499757985433,0
0,39.0125258223942,38.52334669281419,18.26739942874558,19.581663398227224,14.338645029687362,19.43086242416698,1
0,39.556240028570826,40.09064755851959,16.57267919872517,26.169055185050702,15.811134563418555,13.387184843520124,1
0,38.12798987841967,37.43429786913514,22.58770592470448,15.712766358106656,12.530996573947663,22.415223520313013,0
0,39.203532897892025,39.033684566099424,12.410193770677678,18.28942923757246,6.386357065048042,20.914103660319565,1
0,38.56163602504764,38.59525210017619,10.374574931755744,25.59348747797673,13.427068274816659,12.96814854707091,1
0,37.55488024539488,37.68608181246125,16.73558151895189,26.73977344234315,6.66468876025127,10.815106803051727,0
0,38.561395605508416,37.80536179079257,13.562178351283862,21.829776150928925,13.396275883188299,16.73161945457949,0
0,39.73803656646597,39.756231079382566,10.744215600082562,25.471115077179732,14.22035939123026,14.26692148928624,1
0,38.16417396089005,38.513445739761416,20.868974302714435,20.81928252982338,8.37321153141022,17.344891431066667,1
0,39.76464365581401,39.94081041059711,11.673894999358712,17.398698675361914,15.832153784661251,22.3659449804521,1
0,35.58025489591026,35.39222206077725,19.124792500116577,20.972242402843598,16.933021578888585,14.60801249306666,0
0,39.02190250437523,38.93040386157563,14.215746252503337,23.699517303047145,15.757043569365836,15.322385201328082,1
0,38.287047068238174,38.12623360617766,12.60244075532533,29.220799227793353,9.661310282544985,9.06624784044482,0
0,37.90099264953413,37.751749885749355,15.696272843789762,16.03126428133016,13.039716149347614,21.869728368203972,0
0,38.291760776535504,38.119112708738605,22.021686643344303,22.610911407674408,16.977781790294735,15.680849368861097,0
0,36.21243108539911,35.920529626614716,15.88140365356859,19.933796673160867,9.8479767146742,16.278634412238244,0
0,37.98032811216249,37.9590025966868,21.261544738165835,22.624675414150417,15.8403338671851,15.355652698012072,0
0,38.55711257151175,38.53712294631482,11.88229445198726,15.359631710647975,6.113701575140358,23.197480860863777,1
0,39.67789404474152,39.86243695743581,21.591571294976188,19.695380320523718,6.043760433416115,19.982513724217803,1
0,37.681729781726354,37.781615822296764,13.553999873599729,27.298022212905074,15.11653992406761,10.38370756882128,0
0,37.39150639710682,37.59352699193744,20.16089694833309,23.309126007819565,15.137370985525454,14.082380389287252,0
0,37.69824295641546,38.045930100862066,18.486723322614946,21.758737392241763,15.467726254227525,15.9395055641737,0
0,39.11540211770208,38.60573699139416,23.93717075817531,19.282876075730094,17.160322054657946,19.832526041971988,1
0,38.52875110965969,38.24423489726504,15.80983776962971,19.47063784187034,7.41487574184341,19.05811326778935,0
0,37.67023979623296,37.51402782796913,10.992477832516606,20.746521503858766,8.783819819804261,16.923718292374197,0
0,38.71326743311336,38.599731514804255,10.287332283268794,27.533560649468406,16.84469904448569,11.179706783644953,1
0,38.297077549348046,38.003934415183004,22.4028784145913,29.508198102124027,8.126834373268242,8.78887944722402,0
0,39.16864499053289,39.407361354237956,17.871034564921484,21.579830720255618,14.186751210919008,17.588814270277272,1
0,37.49794690612265,38.01279765935027,21.62866077752424,20.900292581216426,12.365556000489784,16.597654324906223,0
0,37.87233785340224,37.89841390690162,13.516384000172721,27.698261637297943,6.9983241222180865,10.1740762161043,0
0,37.80789184686785,37.86877136152365,15.176256182698506,21.403579809544553,9.423163943298395,16.404312037323294,0
0,36.73648505186789,36.99375781932452,10.451558083169784,23.28027258443477,12.244466597291614,13.456212467433119,0
0,38.49612027706458,37.95228700024815,24.422384868611683,18.464124968981167,16.22820140020601,20.03199530808341,0
0,38.46105527217989,38.570779695706506,20.0180186005122,26.152538036686128,14.490461875376084,12.308517235493763,1
0,38.20511345664247,38.35616140180751,23.998076316389593,22.979824774061726,13.462597937459197,15.225288682580747,0
0,37.96541286662485,37.882915853971156,13.982446111436085,27.135518253605127,11.952394679296978,10.829894613019725,0
0,36.78462925794959,36.32631207239656,19.171954168384914,26.710990950430045,9.584207805769612,10.073638307519545,0
0,37.77935467723464,37.6541994278076,20.177499524389567,18.225071524050428,7.430938935831135,19.554283153184215,0
0,37.857285483473234,37.91412373393307,14.763245503863827,25.734533258366437,10.908912414793146,12.122752225106797,0
0,37.39772273077838,37.163993471045835,22.72163852523445,27.00081611927057,6.342221926935511,10.396906611507813,0
0,38.03871428833399,38.45846713110611,24.207421943503718,20.191608611735926,8.532670671202208,17.847105676598066,0
0,38.60405085681454,38.419286906451724,23.272826765440065,17.58913669353412,11.189800510471919,21.01491416328042,0
0,40.08618590121053,39.69968414133045,21.08600463909059,15.039482333693822,11.02326222806298,25.046703567516705,1
0,38.374577812831845,38.42589156162882,14.16197019587431,21.763554796397223,6.531545171963909,16.611023016434622,0
0,38.457550390722766,38.59770807221534,14.224240631584475,20.286490973082625,13.068721842303496,18.17105941764014,1
0,38.12555408423383,38.033410819940954,24.45040480669057,23.323647507381132,12.596211070238834,14.801906576852701,0
0,36.28122878470096,36.25743506888935,10.15426743903538,17.820616388831787,6.937251648250954,18.46061239586917,0
0,38.173486124550784,38.016840134280024,20.740749598632167,27.894983214997126,17.31795662952527,10.278502909553659,0
0,38.26023020994103,38.54906937412463,20.593692438328933,18.866328234421644,7.192593347410321,19.393901975519384,1
0,40.66324211248529,40.79282844738948,19.340343114246963,18.39644407631475,16.258009814848034,22.26679803617054,1
0,38.00763903521888,38.32231431322188,24.85163269130299,22.21071084726534,6.003716782980071,15.79692818795354,0
0,38.501547342333616,38.50013787715069,14.678191536455879,22.482765356164116,16.5873731405446,16.0187819861695,1
0,38.16528823029476,38.45418977254579,15.099577956898724,18.226278431776393,6.236636786451751,19.93900979851837,0
0,37.03132196238048,36.74737671279289,11.184091044198333,19.077910900888735,15.093744382705392,17.953411061491746,0
0,39.342822814515024,39.17963537130137,16.641972048156063,17.545578587328674,10.340289735603035,21.79724422718635,1
0,38.951933032686775,39.35378477860122,13.915727893522721,25.776902674847502,14.858601601635838,13.175030357839272,1
0,38.99103194704305,39.40758931624951,15.150800532664663,26.551335468811228,10.820942465099742,12.43969647823182,1
0,37.29061254520526,37.02452058030489,22.518576853834414,21.934927461889238,6.850895067982101,15.355685083316025,0
0,39.602794310936105,39.57430955727779,24.032267702912435,25.71130534027526,15.21008034474437,13.891488970660845,1
0,36.79814893720772,36.75168775296751,12.785996080077783,26.039030879061684,6.85503222385638,10.759118058146036,0
0,38.78685709380027,38.583406936678664,15.587633973301987,17.07413291516713,17.065445231534618,21.71272417863314,1
0,40.390455625809984,40.604058637019854,23.92945843173091,29.49267037251805,6.611688429499937,10.897785253291936,1
0,37.20946367486931,37.54147616634843,10.92712691033834,27.315479206446465,11.751903333258186,9.893984468422847,0
0,37.63370227039723,37.8754619846565,11.385407921670678,18.06725191793735,14.676413170209548,19.566450352459878,0
0,38.29965136508764,38.25766019571047,12.44186483809344,17.792475536191056,10.718957577504453,20.507175828896585,0
0,37.6965243458838,37.80492066253045,18.92819251190312,16.88491718369374,8.606801695109215,20.81160716219006,0
0,36.64933656893387,36.60339457249497,12.257084065089963,17.075678438128776,15.109091536752324,19.573658130805093,0
0,38.26856297480603,38.350220584116556,24.521145721761002,26.22242698543044,15.411536457464717,12.046135989375589,0
0,37.1376962862739,37.50364148916581,16.700717908877806,22.044813854274352,17.07233980745241,15.092882431999548,0
0,38.67359243063518,38.226047899271215,17.522769405252497,26.744012591098006,10.513981325172931,11.929579839537176,0
0,37.2805757657662,37.490449412677975,13.699879237081097,26.193823415253082,12.075020813967923,11.08675235051312,0
0,39.74993440501754,39.347446474379375,17.064403786521,24.069190702578325,10.357541314152865,15.680743702439216,1
0,37.41674670766377,37.617636007210564,19.928704489555173,25.295499098680192,9.084981862216418,12.121247608983577,0
0,37.87793848379432,37.83779731307451,21.26765705431064,15.275335865687127,15.012395538451303,22.60260261810719,0
0,39.01351721736968,38.642586682383396,21.308021240648696,19.67666470207533,10.075822140203465,19.336852515294353,1
0,36.96913568356605,37.08346133848887,18.668366690411325,24.567332688891153,11.137793303908225,12.401802994674899,0
0,38.42745993460413,38.47887860558165,23.56539662490786,15.140174302293662,10.844083891488335,23.287285632310468,0
0,39.507142754282434,39.09604276675809,22.26111770959164,15.494654155238901,14.55193470776095,24.012488599043532,1
0,36.59251676543877,36.257773442103556,21.35572172047938,27.778319737055746,17.013547513328156,8.814197028383028,0
0,38.384633858532304,38.35791701659695,10.83408282520691,25.260372925381077,14.001072735688528,13.124260933151227,0
0,38.45988279424843,38.048155632025555,10.10316943329474,18.98054599680516,11.658991153130792,19.47933679744327,0
0,38.98182287177731,38.69744445918575,13.186709157932095,25.319442601780636,15.350461376866601,13.662380269996675,1
0,36.96304928912192,37.024905199703284,19.952853908701783,26.886850037088948,13.69165588946565,10.076199252032971,0
0,36.87954338691573,36.74318468602679,16.167962333238187,19.601914246651518,6.727324285413761,17.27762914026421,0
0,38.7219415656169,38.7356755147001,16.036093889489678,15.540560662487811,7.1479630370261,23.18138090312909,1
0,38.49698467323319,38.88806650503747,23.268803323444207,28.991686870316016,6.4550033288836,9.505297802917177,1
0,38.45049285034588,38.278578419404525,23.43344272197758,20.177697574434458,11.481795914475839,18.272795275911424,0
0,38.54644820949698,38.68722218840584,23.637628960803788,16.597226449270597,15.910241212067579,21.949221760226383,1
0,37.51997527842151,37.98097717543282,14.708171147725409,22.37785307089721,9.756998032216224,15.142122207524302,0
0,38.43225369716101,38.1677838645203,20.36583719108893,26.527016934962006,10.60992219710978,11.905236762199003,0
0,38.49307247329868,38.733402322245894,14.074497719115545,18.32470971926339,16.91372530041469,20.168362754035293,1
0,37.48564858197364,37.767661193984,12.859147496116748,19.042350752000452,16.042841343799857,18.44329782997319,0
0,40.06577451114476,40.110874201584174,12.769486860210538,18.64072480197875,13.980577348590721,21.42504970916601,1
0,38.67383292091179,39.0609992336602,15.13161431295391,29.87509579247517,9.201645385107016,8.79873712843662,1
0,37.00869650279736,37.196311551952334,16.449364296697325,17.961056005958138,7.404497792261322,19.047640496839225,0
0,38.85655360863383,38.73093757396406,22.464237565826025,23.63280325449186,6.192705872161365,15.22375035414197,1
0,37.22531832977268,37.428968243001165,11.798366402090682,28.878969624854463,7.2841280712530505,8.34634870491822,0
0,38.98708460374245,39.32237241173467,21.02388771092341,17.20344853316669,9.511157323487314,21.783636070575763,1
0,39.35859557900741,39.52349749625588,17.97182371283958,29.562812968015503,12.621480762953947,9.795782610991903,1
0,37.379317681648295,37.326302731872524,14.319180140139888,29.21215851593437,6.768000993028643,8.167159165713926,0
0,39.16337612924433,39.07385136155301,17.39229376799237,28.26857980587394,7.634733339821388,10.894796323370386,1
0,38.6127809269365,38.774253217440396,14.49913104665534,18.218347819950033,8.172968427695292,20.39443310698647,1
0,39.022060159994496,39.14391339327868,18.94122932857459,24.51082584016475,13.583785115799675,14.511234319829747,1
0,40.09679298265395,40.36869302324465,16.50765884282866,26.4133720944186,13.389477587761494,13.68342088823535,1
0,37.95461188399713,37.84167664861643,12.46608293618318,29.790418922946444,12.609188716465836,8.164192961050688,0
0,37.44626383564251,37.518349141350235,11.74874611833545,17.706357331220556,9.006017096351275,19.739906504421956,0
0,37.31048557037448,36.82807689205769,18.200435231081954,26.490388492789446,10.453436294624783,10.820097077585036,0
0,37.384189715034566,37.559343859608745,23.53619549929155,20.082017548906695,7.160276596052917,17.30217216612787,0
0,38.1228982905859,37.85892482413184,15.159365298365284,17.634396983520034,8.717527245096658,20.488501307065867,0
0,38.54115197481665,38.60943476705433,20.99500160833935,21.320654118207823,16.772462717670965,17.220497856608826,1
0,38.47669079933002,38.084739690542165,19.879920324096503,26.907538682229244,17.75630095722994,11.569152117100778,0
0,39.02718324903603,39.364218023555516,23.973323714642213,21.97274705556078,13.771915027683537,17.054436193475247,1
0,38.21300189187791,38.27549722797564,22.314715259487112,23.062846503045726,17.001879504281042,15.150155388832182,0
0,39.65353407715732,39.58058087077599,18.499078883581944,29.927391153001818,13.712902804817102,9.7261429241555,1
0,37.935343166762046,38.09210688405311,19.85545747351161,20.98663949336139,6.398357833265639,16.948703673400654,0
0,40.92016916658962,40.86615190943489,23.475796998760522,24.231011320638597,17.961151019836908,16.689157845951026,1
0,38.82566734776501,39.116170695806154,15.992781768804022,20.478663024230578,7.187427620238418,18.347004323534435,1
0,37.34284244358372,37.212865722440554,14.90192058786666,20.891784694930575,14.191701617340728,16.451057748653145,0
0,37.12910750193889,36.69652310958655,10.162166254527945,25.434611301681123,9.03403443689748,11.694496200257767,0
0,38.68247241524319,38.427453562868614,22.398266112871966,29.068304641423254,10.703773354883522,9.614167773819936,0
0,37.97653721467415,37.794916925940925,22.014710506050474,23.13538425738482,13.75121021761126,14.841152957289331,0
0,38.91400049409209,39.24779200852615,11.56681777150227,26.525998934231698,11.237848191692485,12.388001559860395,1
0,38.673237624573545,38.88929521294197,18.652860716990503,16.338098382254458,9.006552707173539,22.335139242319087,1
0,38.12717108734313,38.59466103550817,16.95972547250331,18.167370561478904,10.013354242539897,19.959800525864225,1
0,37.3532062819316,37.79974420308966,11.780636432636673,22.531974613792986,10.098577403078115,14.821231668138612,0
0,36.68515277531414,36.63759859316455,24.708523405910853,15.300175854431622,17.511886854098563,21.384976920882515,0
0,37.75348504793298,37.78965740254849,13.220438311950332,18.792824681438383,15.583356191081412,18.9606603664946,0
0,39.05639879432348,38.957911845221005,11.008512701358416,22.761019347374493,11.502585257752802,16.295379446948985,1
0,38.414093744130206,38.19820465620925,18.922710692528643,15.22441797384451,8.39785104409637,23.189675770285696,0
0,36.954261221288014,36.428254445652875,21.08300015699549,18.968194293390624,15.732193323151872,17.98606692789739,0
0,38.37318092585119,38.37831630166289,10.486651690707804,22.710462292138043,7.8861896593004825,15.662718633713144,0
0,38.58531737972884,38.271222090242254,19.880764580905332,23.597238719718685,8.52554660570404,14.988078660010157,0
0,37.31614256379887,37.30890979683337,17.98437813927182,28.886275395829582,10.392160702081814,8.429867167969288,0
0,38.35372510594553,38.92255852520993,11.548975133125726,24.68018434875912,16.56417835022388,13.673540757186409,1
0,38.258208718446,38.1702317036964,12.58785815419543,21.221037037949905,7.581440023609323,17.037171680496094,0
0,37.05702970216938,37.06835785874403,18.519614459741206,28.955267656996018,7.466810314254313,8.101762045173363,0
0,38.557787360348286,38.56581404199346,14.445364202699325,26.773244750816914,11.927699859663193,11.784542609531371,1
0,38.76078452636824,38.93599892946647,24.07473592976974,18.000133816691214,9.316926493124097,20.760650709677027,1
0,39.28305124317528,39.344298916638145,22.28110344226076,16.962635420232296,12.824735299777918,22.320415822942984,1
0,39.25380205203491,39.138902603710875,24.753508097704945,25.137174536140996,11.419640216198681,14.11662751589391,1
0,36.82233063204291,36.77281402013077,13.895062584256209,23.398247483654757,11.219509276214602,13.424083148388156,0
0,37.26217496008488,36.90523916634487,24.545854491969656,26.845104206891335,7.34367564584392,10.417070753193542,0
0,38.71503526720866,38.89134339399055,16.468508046873367,26.082075751180298,7.692596282998082,12.632959516028365,1
0,38.71378595091221,38.184974615937094,15.21278192970632,24.378173007862728,15.8529429293622,14.335612943049483,0
0,38.71504768630605,38.92163413940453,10.7552429045403,29.795732574433384,16.630592850860932,8.919315111872667,1
0,42.05273149065472,41.69596923238675,10.791478867894039,23.00384595165613,8.816202394623003,19.04888553899859,1
0,38.77089051069317,38.866427309219794,20.38016883919982,16.6965863475258,7.361526018297228,22.074304163167373,1
0,39.33556564018061,39.240607172222084,16.86893491651042,27.424103472239825,6.641000063214127,11.911462167940787,1
0,39.154001763493206,38.88977759651852,13.397824390541587,18.777800435185636,13.299571364902762,20.37620132830757,1
0,38.8513912513058,38.98672374222273,19.20955459487849,26.659532222158774,14.584238550002468,12.191859029147025,1
0,37.884730755359655,38.08514714848,13.792871773751667,29.35660644000077,10.473719870438465,8.528124315358884,0
0,38.95896922049327,38.87638453832428,18.66447631516634,25.45193270946512,14.156110409887674,13.507036511028154,1
0,37.427174785462434,37.56847638068602,15.388131204740354,23.940452414247016,14.555505786714313,13.486722371215418,0
0,37.96318139326,37.264753658919,22.353283399177286,21.905792635125607,17.224107376762866,16.057388758134394,0
0,37.7146364521709,37.376270816080556,22.31044241150169,20.46614798993105,6.7784836540212865,17.24848846223985,0
0,38.281874139386325,38.69763942988338,17.16025597183602,20.295071264577544,8.307500678772957,17.98680287480878,1
0,40.51465856667351,40.42363527531485,15.262286640025234,24.545590585643858,6.822311851163858,15.969067981029653,1
0,36.33273480740826,36.029847225967465,15.43839694838642,26.26909675406619,16.415927200033327,10.063638053342068,0
0,38.886260190374514,38.738577951661874,22.085717885023268,25.177756042266218,15.511045920402822,13.708504148108297,1
0,36.58728412881035,36.43619078785677,14.92269224196418,17.97615151790344,12.895704847462069,18.611132610906914,0
0,37.72806813421057,37.60072153838278,13.13589060560269,22.409807702152367,7.0039609206141975,15.3182604320582,0
0,39.28895059696737,39.145003191338034,11.270325128129603,26.874601082745947,9.279748303844634,12.41434951422142,1
0,38.264280019095466,38.36291551061731,17.000396813266125,22.135561172835843,9.572638176702203,16.128718846259623,0
0,37.1222552220707,37.095605206431735,17.23198148379763,23.04934919603241,12.728918352185005,14.07290602603829,0
0,37.48469629074003,37.7274636742195,22.613630656043608,26.567040722562332,9.096526728440585,10.9176555681777,0
0,38.87959774893468,38.96064816324819,13.318580446690959,24.918979593976374,6.875518366955458,13.960618154958304,1
0,37.469633368282864,37.57087860949411,15.714869105025999,21.14017381323589,14.769147622239593,16.329459555046974,0
0,38.41645858958198,38.812550474656696,22.12608608340536,28.431190667913285,9.588962539864935,9.985267921668694,1
0,38.24557183990382,38.080491951760386,22.354354161234603,17.43850602995218,11.428490124279607,20.807065809951638,0
0,37.54839965239419,37.20053802616916,15.769166139681523,29.932746728854873,7.531999619787664,7.615652923539315,0
0,40.343944089325326,40.685737690582854,16.886860349300214,16.782788677143557,15.630579640734956,23.56115541218177,1
0,38.833919022318014,38.93820600346749,14.549288362739244,15.224249566563584,12.78638252308869,23.609669455754428,1
0,36.1748574133424,36.21319773186215,23.988323176289683,28.35028351723147,16.819027514518353,7.82457389611093,0
0,38.38645431476943,38.190605578996085,11.779656486123704,18.67430262548934,11.945658756784,19.71215168928009,0
0,37.53821353523161,37.2924360447064,24.00624134502205,25.945494411700814,17.297108061814555,11.592719123530799,0
0,39.05243333479623,39.24267815500816,20.25799677753015,27.16523062398104,16.702418452575913,11.887202710815188,1
0,37.4074792615673,37.696921633076144,17.973582290300968,27.884795865481752,12.917518277510807,9.52268339608555,0
0,38.08526355853311,38.22100869172031,10.489885911767438,29.8739135349625,17.20672125779836,8.211350023570606,0
0,38.70498727898046,38.9447152347952,17.133942877330124,19.410595650599987,9.877064967534627,19.294391628380474,1
0,39.06575519417012,39.154770798968734,16.116221575040985,25.653650128908886,10.387705952450537,13.412105065261237,1
0,36.99970359294423,37.0661520170063,12.41828217962684,16.730997874212424,6.545735415672443,20.268705718731805,0
0,37.86549876415906,37.69118288503718,19.846144052509853,21.10213937035274,13.070410881166236,16.763359393806315,0
0,37.725054688839045,37.97824339680249,24.567263610524286,27.719575399688857,14.6630876391472,10.005479289150188,0
0,37.54667076742629,37.47588103447291,18.432832165967877,20.514870690886625,15.282230282905237,17.031800076539668,0
0,39.9654542402811,40.049068554335726,20.721299146659188,23.86643070803421,7.79779543255324,16.09902353224689,1
0,38.60498171096096,38.41954718675304,11.026756788490252,22.55660165586951,11.329908867750003,16.048380055091453,0
1,39.09979678005582,38.92248581626656,16.265004937254922,24.689272966680676,8.122358545126987,14.410523813375143,1
1,38.542810012698766,38.563252673273475,11.745377277467439,29.593415840815425,13.945528186250986,8.949394171883341,1
1,39.03136477112947,38.913311736819836,19.191937533047657,15.836032897521031,7.895356469061218,23.19533187360844,1
1,41.66973433559019,41.931124617899805,24.07723237321232,23.609422762524446,16.8499642074729,18.060311573065746,1
1,39.06578144451847,38.83643654648996,19.92666598707458,27.94543168875427,8.76761574793696,11.120349755764202,1
1,43.72209668428861,43.58223407459019,11.152045724716324,22.220740676226413,9.496827195458938,21.501356008062196,1
1,40.94131327114516,41.030576737687014,15.319993074776242,16.17790778912359,16.210875865811996,24.76340548202157,1
1,40.540286960803336,40.25273527770999,18.259950691612772,23.408090286251564,11.501611321748685,17.13219667455177,1
1,39.18413488576442,39.020151133101145,16.048116341998785,19.981108362357308,6.287951349600876,19.203026523407114,1
1,41.21040284323168,41.32140698575945,22.504660157127585,17.324126780069037,11.93503501443175,23.88627606316264,1
1,39.55167082589089,39.67811585840599,22.220065070649838,27.735517699252096,7.0145200245614765,11.816153126638792,1
1,40.45861275903896,40.33740805844106,19.177465301548324,22.823992694866824,17.82413662424773,17.634620064172132,1
1,43.62810989974943,43.96800683051451,15.60186917699058,28.999146185686,13.057338845467228,14.628963714063431,1
1,40.17512213035796,40.183278019447634,13.830045606448662,27.090247569046035,9.078391411331742,13.084874561311928,1
1,41.794055324171374,41.89684338474716,11.58811477319694,25.39457690660501,12.764612154571413,16.399478417566364,1
1,39.38587064733635,39.47939693959616,15.32346525229831,15.075382550479679,6.9224052405810585,24.310488096856666,1
1,40.25451496235394,40.588661185203414,16.197587758115795,21.41735184957375,15.598695651225805,18.83716311278019,1
1,42.60204082632616,42.45630164620175,20.137343876561104,17.962294224780486,17.103936646369966,24.639746601545674,1
1,39.4849428248759,39.29070425067413,19.872397364463602,28.661968665733017,16.493332658473914,10.822974159142884,1
1,42.656183125396005,42.49904992183884,11.051622094618853,17.618759770145402,10.101091227582753,25.037423355250603,1
1,41.22007751609212,41.245672793800885,15.928889731467367,19.29090077488928,9.909217435720421,21.929176741202838,1
1,39.56879319133745,39.97797958787186,12.726683008260428,22.752551516017487,6.4210513345955995,16.81624167531996,1
1,41.12213006077217,41.36839636572023,12.352190579752085,18.950454284971187,13.816804304411,22.171675775800985,1
1,41.56432078451475,41.2748162387265,22.40953224605869,18.14797015918682,12.418857410277539,23.41635062532793,1
1,41.10835295088236,40.96810808098767,10.628728250743864,23.986489876541285,11.512156455928096,17.12186307434108,1
1,38.2587078641424,38.3493284572694,16.28774313853182,16.333942841325356,16.891571440016484,21.924765022817045,0
1,39.35472167142767,38.973019868953486,12.523054836497773,15.87251638081387,8.014546812994155,23.4822052906138,1
1,39.97822577378304,39.835330564577674,23.18995323517711,20.583679427791072,6.115995200282188,19.394546345991966,1
1,40.20323654216994,40.53352026545905,18.355607699125528,25.809966817617934,6.879797425449185,14.393269724552006,1
1,41.10687372681588,41.05342318900713,13.47070954565272,23.32210137410922,8.680457253928427,17.784772352706657,1
1,40.531011301213226,40.84925482378399,17.536409307495646,21.343147027001685,6.399426591161483,19.18786427421154,1
1,38.56405233367686,38.81210981229305,20.972295395546737,23.486273463368736,12.034124527717626,15.077778870308126,1
1,40.79425720630775,40.616145821841606,24.371770133791507,20.481772269799105,9.769085462802936,20.312484936508643,1
1,41.09376146886897,40.867662439748145,13.306690063681284,29.042195031481693,8.165796096817592,12.051566437387276,1
1,41.02772758231035,40.9334114130907,23.292726581940176,15.823573363661614,15.001008899383946,25.204154218648732,1
1,41.705014943221,41.29919302251642,24.014561712512354,25.10087218544753,8.45341591479036,16.604142757773474,1
1,41.38409880091357,41.53304608022067,23.74630816798099,28.36923997241626,14.251261211925518,13.01485882849731,1
1,40.896934102996966,40.783533834951776,19.531215352928648,27.0582706310288,10.191178870171667,13.838663471968164,1
1,40.20878457510376,40.25791507582143,19.447309816520615,17.7606155223217,12.141933127950654,22.448169052782063,1
1,38.14075078642921,38.48448883812237,16.04815949775734,19.438895234704326,17.206404478215838,18.701855551724883,0
1,40.85850368487236,40.93395424735515,21.28596823455682,25.75571908060657,6.4482196177897535,15.10278460426579,1
1,40.56999399331204,40.68988753289831,17.96941027526398,16.264058387711483,12.003174089729542,24.305935605600556,1
1,40.65305248835399,40.10257659602009,20.161571068424415,27.17792549748876,16.253075523931418,13.475126990865231,1
1,38.6402268514336,38.833731166647425,16.426868557731932,25.783604169071857,13.055690980444183,12.856622682361746,1
1,38.89462649746925,39.27244720209176,20.972446960647083,25.944099738530138,9.32244620358188,12.950526758939109,1
1,41.66909870933277,40.86797103556789,22.367072764068237,16.50362055401387,10.772173621740412,25.1654781553189,1
1,40.24857829998635,40.313868734622055,12.196543849042243,25.766408172243462,14.163187544742895,14.482170127742886,1
1,41.18595090658441,41.19842182497361,22.493945733613423,25.19727187829955,16.689742731765637,15.98867902828486,1
1,40.3368138889696,40.16028930110138,18.10444797685461,27.46383736232776,6.492796484959339,12.872976526641843,1
1,40.33868298134447,40.595008485249224,22.669988636353366,15.623939343847043,6.8584658626845165,24.714743637497428,1
1,41.5197689477688,41.99722671978387,16.46952559511522,15.346660027016883,9.900618283315051,26.173108920751922,1
1,39.62914185331741,39.77523914801457,15.685607280745526,20.59510649817841,8.793356213249748,19.034035355138997,1
1,40.42495701002328,40.40214540593811,23.725910987758336,17.231824257737294,9.179170634668871,23.193132752285983,1
1,39.69904212468344,39.41299386269157,13.76753901322602,23.375767163553327,8.65523998351057,16.32327496113011,1
1,39.73515490433799,39.7299181318192,22.663184879292146,28.760233522601233,8.349900586261892,10.974921381736756,1
1,39.89807623949076,40.05302243235992,17.260308587641063,20.872195955010234,7.567487602431502,19.02588028448053,1
1,40.58877390312382,40.478605954727286,17.711431638268895,27.674255659089063,17.207449581542857,12.91451824403476,1
1,39.67762679183748,39.659971095057855,14.62702422234226,15.003613117767998,7.730273566873837,24.674013674069485,1
1,41.932482963245576,42.6797782427849,18.595633009285237,17.527719651887764,8.452845297186434,24.40476331135781,1
1,39.137010507114645,39.336349175241516,14.878167944143168,15.456353094811284,8.955188687769429,23.68065741230336,1
1,40.05706686259023,40.32062233833819,10.589041213624785,19.92220770772603,17.19617847756505,20.134859154864202,1
1,39.72834962424357,39.41101724851642,14.07997908016534,28.62284393544754,15.068569603213017,11.105505688796029,1
1,42.18107124965985,41.92836574516812,10.09568565109886,16.454281853984817,15.476393163786177,25.726789395675034,1
1,40.55552120946504,40.507230826790746,24.67532180585285,24.096146651157007,7.257099114461976,16.459374558308035,1
1,41.641397901309226,41.345820487305666,24.48620814729621,21.772439086791664,16.03571850018806,19.868958814517562,1
1,38.36877151505193,38.827383814516104,15.927329462084575,29.077023185487185,10.898316981809016,9.291748329564747,1
1,40.64716534563004,41.04529770289555,20.92556281509469,16.837787138056406,9.153876314548665,23.809378207573637,1
1,41.45652003431047,41.414556657939734,15.187091476156375,18.180417757533434,12.909001002243727,23.27610227677704,1
1,40.40696918605805,40.876454963766626,20.06639735628964,15.4431295291724,15.866194869800808,24.96383965688565,1
1,41.68512448758496,41.72792777004424,22.081450645689685,21.509028744470605,15.343825812898913,20.176095743114352,1
1,39.62752501486951,40.32666005205224,24.20134367038361,19.167493493469813,16.679969790973587,20.4600315213997,1
1,42.13215167224125,42.255611287933164,16.00318413774508,28.048589008354814,17.137586232185328,14.083562663886436,1
1,43.28856756070502,43.367407102416266,21.749469744340715,24.074112197966326,8.857464857132994,19.214455362738693,1
1,39.82830987142844,40.28630911144292,13.988926759481782,24.211361069635526,11.086294730031259,15.616948801792912,1
1,39.72084672217899,40.09617071637424,24.854984556904725,22.978660453219536,6.17554247046084,16.742186268959454,1
1,42.18939982025301,42.3289779595325,10.386543981465268,16.377755058438016,16.55185991118072,25.811644761814993,1
1,42.353443789449926,42.36659775795296,19.052932097516816,21.675280255880327,7.854865817697211,20.6781635335696,1
1,39.62028196470075,39.66005937723498,19.892589724769906,29.99257784562775,16.337697748112333,9.627704119073002,1
1,39.75375713777538,39.55977248509848,20.32068335611193,27.52843936269022,9.952647863839157,12.22531777508516,1
1,39.93368000848134,40.09278491349995,11.805813681836336,28.40188581250674,10.41760307977366,11.531794195974598,1
1,38.55221433565544,38.20121283689042,24.077946752096956,27.34839538869749,6.469587053806313,11.203818946957952,0
1,39.10575246957054,38.60763499678828,12.717749185751241,16.54562540146474,9.922545477183835,22.5601270681058,1
1,38.99461700322231,38.932706209512226,19.341301048597614,18.411723810971996,16.66036419361517,20.582893192250314,1
1,39.30186316536463,39.67962540183723,13.340141186846274,15.046824770346145,6.30656881345925,24.255038395018484,1
1,40.25490964639718,40.44357878501462,14.608246255319063,19.552651873171673,10.875929676560704,20.702257773225508,1
1,40.60447915229747,40.686967111718424,18.196878125921863,16.62911103519739,6.376795557752894,23.975368117100082,1
1,42.3156506406583,42.74326479856381,16.257901278468648,22.091900179523744,10.45108110130878,20.223750461134554,1
1,39.00213974703957,38.89874470137113,12.403384014647594,25.156912328608527,8.071687689363493,13.845227418431044,1
1,41.57961911801956,41.235059364595436,12.564046036312725,28.117579425571158,9.026620719220464,13.4620396924484,1
1,40.02181450250684,39.49009394018909,16.272171822441994,26.238257476363472,16.531180477937028,13.78355702614337,1
1,40.23569717745183,39.787369728506576,21.359244674132512,29.078783936677578,11.232590647462692,11.156913240774255,1
1,41.17726533981658,41.293532205152744,23.46946970271683,15.808474355906831,9.285575896822946,25.368790983909747,1
1,38.840461371969006,38.71853841975001,11.261914933890743,15.182697531248122,13.072060535406573,23.657763840720882,1
1,40.79713267003926,40.90063942633965,15.896558613391015,24.92007170754319,7.705283517990988,15.87706096249607,1
1,40.51638787067697,40.905277710773326,11.503683455843149,19.340286153333693,9.112699289050271,21.17610171734328,1
1,40.94018664321059,40.629579878067304,10.248887209488968,18.802515241586597,12.554975611234662,22.13767140162399,1
1,40.67591923708016,40.740293549476746,19.92578023965935,19.963306315406914,8.850276502176825,20.712612921673244,1
1,43.49189018188416,43.52762447305292,19.036741629498817,19.046940868385462,14.14953284881048,24.444949313498697,1
1,39.47093802047328,39.37862763124381,12.445286707223293,22.67154609452381,11.89789562711427,16.799391925949468,1
1,39.60970395849763,40.0271821863331,13.507192496395962,21.60222670836199,15.26386884305629,18.007477250135643,1
1,39.4899173156478,39.4185085738348,10.355616304667775,22.686428270649845,17.378934428669623,16.803489044997956,1
1,39.577879745091664,39.439274366619955,22.524208085416056,25.09070417250654,7.389658672168893,14.487175572585123,1
1,39.471396734501525,40.03354433892346,24.620358940728273,20.806957634567226,10.015980119814538,18.6644390999343,1
1,41.84572149043981,41.92984307754294,12.031893051920362,18.76961530713235,9.834588754540878,23.076106183307456,1
1,42.14665552238681,42.360055935582956,13.472128206479471,17.49300805213118,7.814195032047051,24.653647470255628,1
1,39.55802981812568,39.898063105656085,23.02614285920401,20.242111792989384,15.723637648001649,19.3159180251363,1
1,39.2179377549645,39.13098322297046,23.896956969342774,26.127097128692583,15.11854444846548,13.09084062627192,1
1,40.912840223302325,41.22919541078662,16.294410742102155,26.350573651672043,11.813105650012789,14.562266571630282,1
1,39.582110042434735,39.45997135359789,10.759337084036112,25.003580800263155,12.453249333535314,14.57852924217158,1
1,41.12281136308216,41.03191661896318,10.59087750539229,18.51042262960312,6.7145296560299546,22.612388733479037,1
1,40.563799927106686,40.42942965049744,18.609247991035154,23.821293687820464,12.666088227924547,16.74250623928622,1
1,38.3295326505036,38.11151724061078,15.893426633397684,23.56034492365272,15.496098288235636,14.76918772685088,0
1,42.31175676172908,42.50188805622684,10.429786413664818,22.263992971645884,12.885930883006285,20.047763790083195,1
1,42.634640975024176,42.654002521633934,18.748785884688353,23.249684795757965,9.183676441445026,19.38495617926621,1
1,39.50337470237029,39.32098512408516,10.169538048835337,22.37685948935502,14.010579268012046,17.126515213015267,1
1,39.79598797208322,40.092145236071104,21.810579372239097,23.48184549111162,10.337861159582971,16.314142480971597,1
1,40.67162500794237,40.61413928544547,14.596492340550574,25.73258931931693,12.538479411428822,14.939035688625438,1
1,40.73479382698313,40.60684461667159,10.603870045138482,16.644422916051596,11.850784359347097,24.090370910931533,1
1,41.15610755447468,41.15004490974212,18.8252833147473,26.244386282235354,10.57410001158216,14.911721272239326,1
1,42.913265900396254,42.98369366198469,15.96526621649582,17.038292251913912,14.62653576472962,25.874973648482342,1
1,40.06996860425773,40.112004640190754,24.60700620035724,15.99941997615562,16.60651334383058,24.07054862810211,1
1,39.26221358210001,39.342870437653424,18.162979937555534,29.641195293322014,6.062550221723099,9.621018288777996,1
1,38.50688500358111,38.66516098773555,14.128587715555124,29.354876533056622,17.203398230764407,9.152008470524489,1
1,39.3497909480755,39.35274761460713,20.64158296950962,15.90654817410846,12.1381816329987,23.443242773967043,1
1,40.25693493526406,40.246809587023,14.07238003814067,21.64880162212443,14.408782564359182,18.608133313139632,1
1,42.63292522257312,42.31765060740403,23.563649371113478,17.79367407449662,16.267494794110526,24.8392511480765,1
1,39.627105311252976,39.98175861234387,15.620829557610646,22.28017345701627,11.60524430777124,17.346931854236704,1
1,40.590924337130566,40.58037873084005,18.24802844164308,27.45265864499381,16.019688880378684,13.138265692136756,1
1,40.27865023510542,40.32592658703085,10.758596557363433,29.259176621143354,8.131437833462426,11.019473613962063,1
1,41.84491125548251,42.16388968158582,16.391818569283462,24.51378980177306,7.910010413757774,17.331121453709446,1
1,43.5850121536357,43.45753131993458,22.485453094914924,20.308585008177253,13.889656426273842,23.27642714545845,1
1,39.60987059520358,39.267600932122654,22.08473208045013,24.049883484668975,16.441716066620845,15.559987110534607,1
1,39.66372872472631,39.60255984326699,13.364778382802893,19.680019591626756,16.70911413043247,19.983709133099556,1
1,41.65740914018979,41.750821163100156,13.39118606515844,28.647354612480903,13.724885500526959,13.010054527708888,1
1,41.1864589365142,41.0555519444273,22.259579683198552,28.056006946587555,12.305870762511809,13.130451989926645,1
1,42.70071952345684,43.09301218996644,23.95597630253988,23.373476254194912,9.976717052358195,19.327243269261928,1
1,41.05910664092375,40.38102413015436,11.430413819095053,19.87198373070541,17.760004987191977,21.187122910218342,1
1,39.83292028197682,40.22479323893004,16.750879591393378,19.400845133744674,9.836348239995006,20.432075148232144,1
1,41.0678512799,41.15598984063539,15.061814184463435,15.501269920575892,14.930233286779117,25.566581359324104,1
1,41.74131465475778,41.84210149787696,23.060326831861587,27.23731276537943,12.383781598860008,14.504001889378351,1
1,41.36662683555657,40.38595401443532,11.25287372020028,21.75574819558512,13.30214811030416,19.610878639971453,1
1,40.959456240439486,41.220984048591966,13.16688913837056,19.876993926003966,10.721766607063515,21.08246231443552,1
1,41.6866770964659,41.403466757400274,21.287025063797415,22.06665532496631,17.577877505666976,19.62002177149959,1
1,41.820084267579375,41.741751441145446,10.769407734718234,27.28106985681978,12.860187913191252,14.539014410759595,1
1,42.09680668834879,42.0650462950751,17.38803071071434,16.86921311561282,17.25345156550548,25.227593572735973,1
1,41.143322853866536,41.33708128141098,16.631605520195798,27.86483982362741,6.0910969940869695,13.278483030239126,1
1,40.08274649558809,40.192298939786994,15.01601768483123,28.46263252662531,12.872046998293452,11.62011396896278,1
1,40.49072779236332,40.62639505019594,15.918584729783856,29.20061872550832,14.606242676703257,11.290109066855003,1
1,41.86846165646086,42.072301440909285,17.949108803953493,20.962319886339415,14.940962053946617,20.906141770121444,1
1,39.23798362771659,39.11394315151548,12.420510375825746,18.25710606056508,16.859722581380176,20.98087756715151,1
0,38.69671415301124,38.815163101783995,18.57993817425389,20.604612277000477,6.052819308045436,18.092101876010766,1
0,38.06173569882882,37.90005054845223,22.081484939499795,19.993681443471047,6.003961911113717,18.068054255357772,0
0,38.8476885381007,38.57886153049966,21.402413946852384,17.6423086875429,11.667161529542584,21.205379850557797,1
0,39.723029856408026,40.04712799958782,12.308498570406606,24.10900005152232,6.351524460064448,15.614029804885707,1
0,37.96584662527667,38.04280510073897,12.238742046122109,22.149362407629432,17.694390643948495,15.816484217647236,0
0,37.96586304305082,38.236115880921126,14.0226155161737,27.985514884860056,8.664782094496704,9.980348158190761,0
0,39.77921281550739,39.69614685034216,15.416120895115558,15.481643707230873,11.671976752378136,24.29756910827652,1
0,38.96743472915291,39.26273584869339,16.12683372112724,24.658018913326895,6.733651560146683,14.309415815826018,1
0,37.73052561406505,37.50844613457861,20.19545825250018,26.444233177673418,12.264580994055102,11.286292436391633,0
0,38.74256004358597,38.908861611697404,10.85020648248753,26.392298537824605,10.559473501768903,12.350261505761363,1
0,37.73658230718754,37.71367112394854,10.520090563390996,28.291109506432875,6.5359203465266855,9.445472800754665,0
0,37.73427024642975,38.29251595086046,15.878658444158635,25.935506142442414,10.021491200354697,11.798764103987338,0
0,38.441962271566034,38.32866279260227,20.457455382069707,28.917150924715443,10.697232242674268,9.52481134685059,0
0,36.286719755342205,36.64008120802149,12.901530144347237,19.989848997313374,17.87905789529928,16.29687075802883,0
0,36.47508216748697,36.419614869989815,19.622567218843777,22.548141251273144,8.494630463032506,13.926940916213823,0
0,37.63771247075903,37.65831044040605,13.897422069104492,15.21119494924336,12.537355384441195,22.426517521515667,0
0,37.18716887966558,37.159165089523604,23.291291632202743,15.104363809549369,17.847786590383542,22.08280507011621,0
0,38.51424733259528,38.39118480554582,23.43534916399925,18.601899306772797,15.504230495281622,19.912348025822485,0
0,37.29197592447879,37.267903136343314,14.459308064219897,16.51210795708628,17.920410010585066,20.779867967392512,0
0,36.78769629866471,36.54877463584771,13.449906309448608,18.903170519036305,17.61957977592203,17.884525779628408,0
0,39.66564876892156,39.378754804656595,16.169559580993468,17.65564941792596,11.874474505129852,22.009999350995596,1
0,37.974223699513466,38.11657759701936,13.607973777702231,15.427800372579723,14.35651019844679,22.54642332693374,0
0,38.26752820468793,38.15088350243127,20.085757649375555,28.639562196090743,7.325317523293814,9.627966008597184,0
0,36.77525181378655,36.55901322423334,22.390970268224283,15.123346970833373,11.293785900561623,21.651904842953172,0
0,37.65561727547482,37.23167014267955,20.096381963668257,26.04123216505628,15.70822250720037,11.614385110418539,0
0,38.31092258970987,38.08174225356966,22.36525670874024,17.282218303792746,12.064023851725722,21.028704285917122,0
0,37.0490064225777,37.450532445360054,15.954882433112111,28.683444329994,14.432388393806782,8.365562092583698,0
0,38.57569801834568,38.37286448724921,12.344754560632913,28.391939093848286,14.949015959811323,10.183758924497397,0
0,37.5993613100812,37.40153186243569,21.06926421096388,24.80851719553886,9.041629694914727,12.790844114542338,0
0,37.90830625020673,37.819331902023926,15.407117577123309,25.083512247009075,16.508392475310785,12.824794003197653,0
0,37.5982933877706,37.55935930296364,20.06906237843699,15.080087129545328,11.517869170910148,22.518206258225277,0
0,40.05227818450894,40.68181541206636,14.059659129726485,29.773073491704032,8.522221243458524,10.27920469280491,1
0,38.18650277526207,38.0546600875709,11.21844452210009,28.167489053637215,16.384990581461324,10.019013721624855,0
0,37.1422890710441,37.232587252912396,24.88872693231645,28.426593385951378,11.013825673275043,8.715695685092719,0
0,39.02254491210319,39.3408906555539,12.34302261895899,24.888668055763077,15.003749260556637,14.133876856340116,1
0,36.97915635002898,37.23862556856146,24.826314909452215,20.171803929818047,12.576396866659115,16.807352420210933,0
0,38.40886359500476,38.51276216210914,24.659198988496712,28.40472973635721,10.582461026814006,10.004133858647549,1
0,36.24032987612023,36.225017968621856,21.907271558620593,19.372753922267886,15.718516980462832,16.86757595385234,0
0,36.87181395110157,37.252474614798935,19.891344431229964,23.440673150133044,13.013639179735357,13.431140800968528,0
0,38.396861235869125,38.34803228331874,18.667105753766272,16.495964585158237,10.68674522912438,21.900896650710887,0
0,38.93846657999541,38.96936532438407,22.99152318066752,28.82933445199125,7.315174444021524,10.109132128004163,1
0,38.37136828118997,38.22310754506746,14.34159282429232,17.1115568665682,16.745343765200495,21.259811414621772,0
0,38.08435171761176,37.75301238331235,17.015218187273156,18.37345208595611,6.425635024099998,19.71089963165565,0
0,37.89889630441071,38.15302390102461,19.29084954049753,23.372012371923226,16.358248180416673,14.526883932487486,0
0,36.72147800963258,36.16830883997444,16.167857138042365,26.461395003194724,10.319538298597866,10.260083006437853,0
0,37.48015579160529,37.465677843287644,16.412296811354018,24.290269589044485,13.672065162016871,13.189886202560807,0
0,37.73936122904021,37.67214393046398,14.954270012531266,18.482008692002342,17.066396686028224,19.25735253703787,0
0,39.25712222621892,39.8198868348967,18.463477250268042,15.014145637912355,7.820479386046781,24.24297658830656,1
0,38.543618289568464,38.049141930363106,22.75861792022674,26.35725870461159,12.803405707665721,12.186359584956875,0
0,36.43695984463727,36.32177512089067,13.022925670094693,29.778109888666407,15.173194348442305,6.658849955970865,0
0,38.5240839693948,38.56281042556326,24.01649558130162,27.148696804591356,15.091005992628688,11.375387164803445,1
0,37.81491771958369,37.78477520582121,20.336314806223445,21.90309927234923,12.307582975194048,15.91181844723446,0
0,37.523077999694046,37.59154792863211,22.34909819020045,28.556508920986598,13.496873518877496,8.966569078707447,0
0,38.81167628884087,38.7308182792258,18.342860389450173,21.14771509677525,15.090323929594135,17.66396119206562,1
0,39.23099952249596,38.93700790989079,21.692750521360953,22.874011263652015,16.09233165308894,16.35698825884394,1
0,39.1312801191162,39.10274442791251,10.243005960092008,22.15694651093525,15.141757162510364,16.97433360818095,1
0,37.360782476777366,36.906285135280136,22.275706371693026,21.714358089982873,10.248059318174912,15.646424386794493,0
0,37.89078762414879,37.926977107684735,10.602082886280497,26.627861539408585,17.960716812692798,11.262926084740208,0
0,38.531263431403566,38.51678773112766,23.34870064544294,22.90153360904238,11.214032324631653,15.629729822361185,1
0,39.17554512712236,39.381993945356975,24.87944120857965,19.75075683037824,6.2935764331072015,19.424788296744122,1
0,37.72082576215471,38.08902101988098,14.411011932651668,18.872372514877174,10.351403419025544,18.848453247277536,0
0,38.014341023336186,37.81547032196391,13.154778344286905,15.566209754511501,7.533395454886119,22.448131268824685,0
0,37.09366502599397,37.41001658057403,21.48045045787061,23.74792742824569,7.4573113887405,13.345737597748283,0
0,37.00379337591933,36.912404630151876,13.7953951138038,18.449421231015513,9.378420481282731,18.554372144903816,0
0,39.0125258223942,38.74222392935803,22.98343574758305,17.22200883024575,6.64050593012713,21.790516992148454,1
0,39.556240028570826,40.04154040434068,11.542638882362152,24.807449457415167,14.262146260914758,14.74879057115566,1
0,38.12798987841967,38.29825488906142,11.889327945690374,25.218138867323233,6.887866610422861,12.909851011096436,0
0,39.203532897892025,39.08974141292908,24.687273326509235,26.28232338386499,8.439474665231474,12.921209514027034,1
0,38.56163602504764,38.77957077243937,20.10758347405007,22.553653445078872,7.114796573929432,16.00798257996877,1
0,37.55488024539488,37.752713447375534,22.703308366434293,28.4108190780583,6.758012770836373,9.144061167336577,0
0,38.561395605508416,38.567638869592216,14.86494066027277,29.04514130097342,9.2130199864745,9.516254304534996,1
0,39.73803656646597,39.3431154872249,20.147256242809064,27.11056409688734,12.862787611924439,12.627472469578631,1
0,38.16417396089005,38.02372878215902,18.91362740962896,24.53390223012281,17.5762266773621,13.630271730767237,0
0,39.76464365581401,39.943553485569055,19.047251801844205,19.55581430386783,16.506679852195276,20.208829351946182,1
0,35.58025489591026,35.602046609405576,20.237986893065823,29.744173824303317,16.5112071053439,5.836081071606941,0
0,39.02190250437523,39.187103659936966,18.63038759693648,19.112042507879075,8.112804432451892,19.909859996496152,1
0,38.287047068238174,38.27568116936115,16.43593553953999,18.039853829856465,9.178886321973842,20.24719323838171,0
0,37.90099264953413,37.58694150634561,14.138840415708202,21.632311706798742,6.916719801543668,16.26868094273539,0
0,38.291760776535504,38.033179131514515,21.52871996369803,15.852608560685827,15.34162007898222,22.439152215849678,0
0,36.21243108539911,36.28258066423938,13.394086450047793,29.677416970076862,6.837795617826743,6.535014115322248,0
0,37.98032811216249,37.78938797323003,20.385314592316213,23.826503346246373,12.680348049850238,14.153824765916116,0
0,38.55711257151175,38.6131657490003,13.499992339739899,23.35428137496263,8.97450686788741,15.202831196549123,1
0,39.67789404474152,39.62130444641204,19.37995254931681,24.8369441984958,8.921347608344938,14.84094984624572,1
0,37.681729781726354,37.50035716226674,21.206174006935434,22.4553547166581,17.88870066297126,15.226375065068254,0
0,37.39150639710682,37.61615237794865,13.280708333598088,15.480952756418123,15.08135768374245,21.910553640688693,0
0,37.69824295641546,37.84652264533916,10.899149512919625,24.18466933260595,16.0432722994926,13.513573623809513,0
0,39.11540211770208,39.01405913476523,11.964606144912612,25.74260815434646,12.86379222412815,13.372793963355623,1
0,38.52875110965969,38.529990112725116,19.089954509065382,21.251235909360798,16.45217144872499,17.27751520029889,1
0,37.67023979623296,38.10912453135146,22.741696093386032,26.359433581067893,13.745886469996234,11.31080621516507,0
0,38.71326743311336,38.89275984407939,10.674952318531366,18.40501949007631,17.354084457556144,20.30824794303705,1
0,38.297077549348046,38.43344680907206,21.012268885624692,18.31914886599276,9.376063032547641,19.977928683355287,0
0,39.16864499053289,38.94062996147749,15.119779689250782,17.42125481531361,13.14383454939474,21.74739017521928,1
0,37.49794690612265,37.79536062882531,17.17792554879284,20.579921396837427,14.281576175242705,16.918025509285222,0
0,37.87233785340224,38.43835855575331,23.932893247683484,27.70518053083625,10.71524766033368,10.167157322565991,0
0,37.80789184686785,37.72065055254211,14.979572571037682,27.418680932235965,16.55649578884864,10.389210914631882,0
0,36.73648505186789,36.31406109504438,16.980054009092292,20.742363119452556,17.75763795724985,15.994121932415332,0
0,38.49612027706458,38.629305751682374,10.205236221410217,23.83678103970355,11.925233896471939,14.659339237361028,1
0,38.46105527217989,38.71350204202301,11.223980800072574,25.812244747123735,10.687687857652069,12.648810525056156,1
0,38.20511345664247,38.171055187044644,13.87887386702176,18.618101619420344,11.663255142677503,19.58701183722213,0
0,37.96541286662485,37.639823069692625,10.417783612316116,17.522116288421206,16.232840948783178,20.443296578203647,0
0,36.78462925794959,36.883348480814526,19.470629890723764,29.581439898184666,13.745621106218012,7.203189359764924,0
0,37.77935467723464,37.80589312241485,16.395975352024337,24.263359698144278,6.537268470217141,13.515994979090365,0
0,37.857285483473234,37.70223011337996,18.22217804092033,29.72123582750496,12.506038925348578,8.136049655968275,0
0,37.39772273077838,37.57946928154413,12.619707788444943,20.066339806983436,6.207601472891637,17.331382923794948,0
0,38.03871428833399,38.37563619600311,14.43898044154924,25.545475499611975,15.342424452040865,12.493238788722017,0
0,38.60405085681454,38.63328756361505,19.957367122790878,18.339054548118565,9.939747282509565,20.264996308695974,1
0,40.08618590121053,40.06865597944713,24.479540854455998,18.918002569108694,11.664089785407953,21.168183332101833,1
0,38.374577812831845,38.618571745447646,10.756251604033139,22.67853181904436,15.584137270891585,15.696045993787486,1
0,38.457550390722766,38.281645824939034,23.35576481282899,19.794271882621068,6.557385807429139,18.663278508101698,0
0,38.12555408423383,37.89988541233913,18.653218019668127,17.514323457608768,7.902498427099325,20.611230626625066,0
0,36.28122878470096,36.188454315761284,18.458793501334355,18.943210529839888,10.775524517341378,17.33801825486107,0
0,38.173486124550784,38.1357101926641,17.504178028116407,15.53622591698797,8.759101962546726,22.637260207562814,0
0,38.26023020994103,38.1154691654227,11.04091128856275,25.566354322162297,10.054817109300757,12.69387588777873,0
0,40.66324211248529,41.020946001149696,11.34815277604241,22.381749856287925,17.97809685470958,18.281492256197367,1
0,38.00763903521888,38.50869083203146,19.01368008488629,16.413645996067885,15.904973250885728,21.593993039150995,1
0,38.501547342333616,38.27939672082458,15.114378571533376,17.57540989692737,16.606821779521304,20.926137445406248,0
0,38.16528823029476,38.06769585542648,23.75902099866521,16.53801807168966,17.244655602789305,21.627270158605103,0
0,37.03132196238048,36.9864888630069,16.098858060392082,24.18889212413815,10.091230563770347,12.842429838242332,0
0,39.342822814515024,39.7286947563665,12.149221880539617,16.413155454187407,9.564923493557671,22.929667360327617,1
0,38.951933032686775,39.289486120035775,20.72078250253054,26.314234995528242,8.808749910864899,12.637698037158533,1
0,38.99103194704305,38.43753868968155,14.400301321615148,15.307663789805869,15.961402935697471,23.68336815723718,0
0,37.29061254520526,37.490074905440494,17.882054610338397,18.74063681993838,14.154622347422219,18.549975725266883,0
0,39.602794310936105,39.27311999889297,20.46749178257755,28.36000013837861,8.834063789794527,11.242794172557495,1
0,36.79814893720772,37.21377624182533,23.503961668031057,25.77796977183369,10.52392595052546,11.020179165374032,0
0,38.78685709380027,38.87124380004892,21.88286792202514,16.094524993885315,12.08054116719358,22.692332099914957,1
0,40.390455625809984,40.301464867461775,20.145416018090863,27.316891567277697,12.337680687285044,13.073564058532288,1
0,37.20946367486931,37.16083578541517,20.194497735927154,22.395526823103072,16.664732742620576,14.81393685176624,0
0,37.63370227039723,37.51838603673974,24.1888696604813,27.70174540753244,10.566793595366596,9.93195686286479,0
0,38.29965136508764,38.40791122706595,14.437361462448042,24.0110966167559,16.902288366006147,14.288554748331741,0
0,37.6965243458838,37.95818003615606,10.01668141294281,25.22749548049288,11.296410723837475,12.469028865390921,0
0,36.64933656893387,36.340779812752515,14.079318390972979,29.90252340593562,14.956472097508247,6.746813162998247,0
0,38.26856297480603,38.81211973448912,13.26837069440116,18.48503318886027,17.163051839820675,19.78352978594576,1
0,37.1376962862739,37.60512653102863,19.927518776709974,24.359183621420826,16.890908447559198,12.778512664853075,0
0,38.67359243063518,38.46476143319312,19.505673996482933,21.904820850860975,6.683434407548174,16.768771579774207,0
0,37.2805757657662,37.39526576564928,18.90192074057086,15.591779293840371,8.468451539718838,21.68879647192583,0
0,39.74993440501754,40.11826352301966,10.243651648141805,15.217059622542976,11.722865106387301,24.532874782474565,1
0,37.41674670766377,37.78569257066186,20.931670816759713,16.78842866726788,11.178651479437288,20.62831804039589,0
0,37.87793848379432,37.80210899113538,14.852956187282373,24.736376108078222,13.690699978046485,13.141562375716095,0
0,39.01351721736968,39.351940429450394,19.975839835099464,23.507446318700882,17.336508609904946,15.5060708986688,1
0,36.96913568356605,37.71358845266035,18.3486764275323,23.30144341745591,7.348856535335386,13.66769226611014,0
0,38.42745993460413,38.59617718849661,15.140963881418607,15.477851437923901,11.422303981610884,22.949608496680227,1
0,39.507142754282434,39.2436836404368,12.018644006561615,22.039544945400106,8.30893245464567,17.467597808882328,1
0,36.59251676543877,36.7290452618589,11.416283464907215,28.869342267637926,16.72929118077537,7.723174497800848,0
0,38.384633858532304,38.51228897568272,22.472774996683356,20.963878039659697,17.574962229619835,17.420755818872607,1
0,38.45988279424843,38.325009303625386,23.77596313122337,24.373837046826843,11.744420182684202,14.086045747421586,0
0,38.98182287177731,39.126421758925225,19.746820701464493,26.697280134347153,7.248123572737689,12.284542737430158,1
0,36.96304928912192,36.525928966502974,11.55151172290725,26.758879187128315,15.42353600067208,10.204170101993604,0
0,36.87954338691573,36.71768639011257,16.03040825332361,22.78920123592907,14.365696205908788,14.090342150986658,0
0,38.7219415656169,38.85704576655172,20.934088001577358,27.869279181035047,10.256049919323726,10.852662384581855,1
0,38.49698467323319,38.053034628796354,21.69731326015102,20.870671400456203,16.648889687627562,17.62631327277699,0
0,38.45049285034588,38.83335681422582,11.773279334366329,28.330398221771976,17.709982677392485,10.120094628573906,1
0,38.54644820949698,37.971172740032536,10.000460782680737,18.60340749593318,12.694246189562346,19.9430407135638,0
0,37.51997527842151,37.22637403116113,20.682055688209076,19.203246104858565,12.788734936131508,18.316729173562948,0
0,38.43225369716101,38.193625525096124,15.348942639793083,15.796809362985016,9.570162061365334,22.635444334175993,0
0,38.49307247329868,38.46453017961493,13.817219974273904,26.933727548134243,13.01407243179977,11.559344925164439,0
0,37.48564858197364,37.84995337165208,10.193462046842882,21.255828543490583,11.275707846298157,16.22982003848306,0
0,40.06577451114476,40.15250600633063,18.104491101422497,18.436749208670985,9.626292323136623,21.629025302473774,1
0,38.67383292091179,38.69218516668601,22.767261031389726,18.476854164248696,6.806222358286815,20.196978756663096,1
0,37.00869650279736,37.171832007052494,24.36447469408882,28.520999118438496,9.0324943165095,8.487697384358867,0
0,38.85655360863383,38.67993000794468,18.486174259199338,27.50874900691555,8.374255796131973,11.34780460171828,1
0,37.22531832977268,37.21357629375714,17.716919916098412,23.30296328035775,12.504503814647387,13.922355049414932,0
0,38.98708460374245,38.74606670395011,11.275845782338617,24.241662006235817,13.220040261163126,14.745422597506636,1
0,39.35859557900741,39.363080931533965,18.233092023138994,22.114883558254366,13.302860691672198,17.24371202075304,1
0,37.379317681648295,37.33300001485455,15.69968618448092,20.874998143182133,10.65817201254815,16.504319538466163,0
0,39.16337612924433,38.950142774253806,19.107029213253654,28.732153218274973,11.054756804225953,10.431222910969353,1
0,38.6127809269365,38.744926475577564,15.8308952181482,16.88419055280453,16.010861155687678,21.728590374131972,1
0,39.022060159994496,38.949786385234056,13.604486851755501,21.276701845743418,11.714793762205948,17.745358314251078,1
0,40.09679298265395,40.39865257104145,11.424479128425647,20.16842861981813,17.853279985645468,19.928364362835822,1
0,37.95461188399713,37.48022191356986,14.723776668833436,22.472260803767227,11.275406760106378,15.482351080229904,0
0,37.44626383564251,37.40508417505458,11.449672514316283,21.864478118177626,13.794971335414068,15.581785717464886,0
0,37.31048557037448,37.11773325620187,12.653454262359759,22.78334297476622,6.60435598792075,14.527142595608261,0
0,37.384189715034566,37.54320972273276,24.81004237869319,17.09878465840491,13.84007909302573,20.285405056629656,0
0,38.1228982905859,38.31842301981841,16.66155335359928,22.697122522699157,16.217116732980074,15.425775767886744,0
0,38.54115197481665,38.63090974233353,17.97807649757525,18.636282208308163,17.309494062399555,19.904869766508487,1
0,38.47669079933002,38.35788023812142,23.10427793105823,17.76497023482287,17.967847339677245,20.711720564507154,0
0,39.02718324903603,39.392219893745654,24.933533507360316,15.972513281792867,9.386143747790797,23.05466996724316,1
0,38.21300189187791,37.74848169294927,18.74071674017022,26.43978838134211,12.904440777908603,11.773213510535797,0
0,39.65353407715732,39.208706969497214,22.187107315662573,21.4116288128484,11.408615826385768,18.24190526430892,1
0,37.935343166762046,37.60480275800259,14.904115365050128,24.399655249676375,12.765809766902052,13.53568791708567,0
0,40.92016916658962,40.87268879880343,14.586159361709367,25.91390014957115,7.88943548627816,15.006269017018475,1
0,38.82566734776501,38.898482000162375,16.040555814918402,25.1897499797033,16.273794871151296,13.635917368061712,1
0,37.34284244358372,36.58353991370924,20.087608940104737,22.057510786345233,16.914827320135053,15.285331657238487,0
0,37.12910750193889,37.57345217652579,20.23287533882648,20.818477934275947,11.39593995735507,16.310629567662943,0
0,38.68247241524319,38.73488481084312,14.728591519741762,20.639398644609955,9.365158338882923,18.043073770633235,1
0,37.97653721467415,37.72319414436839,11.99814886204943,24.600731953950845,7.690001131836148,13.375805260723308,0
0,38.91400049409209,39.02062467740697,19.48594384698263,22.4219153241281,14.205177897333654,16.492085169963993,1
0,38.673237624573545,38.99810413024138,11.924887932831467,27.73698371982766,9.746782075448822,10.936253904745886,1
0,38.12717108734313,38.1750357618808,18.67738762343995,28.12052976490068,16.914462838960663,10.006641322442448,0
0,37.3532062819316,37.559532754639214,20.401331920844633,17.558405670097777,14.05214969813844,19.79480061183382,0
0,36.68515277531414,36.32365196181452,20.509172445916775,17.043504773185884,13.748223902090889,19.641648002128253,0
0,37.75348504793298,37.68435188887568,21.30208165989395,24.456013890539992,12.71282539077889,13.297471157392991,0
0,39.05639879432348,38.80385291023253,23.09289132348497,19.51838622093419,6.549316073144707,19.538012573389288,1
0,38.414093744130206,38.73777151374819,17.499384879471826,15.278560781476482,17.183069228227044,23.135532962653723,1
0,36.954261221288014,37.173362879676446,20.953737842943568,28.329640040444325,13.53524991959352,8.62462118084369,0
0,38.37318092585119,39.07277190793074,19.28759103048755,18.403511508657125,17.928743800597324,19.969669417194062,1
0,38.58531737972884,38.44848632179771,12.799599096965238,28.939209775287136,12.448276857274644,9.646107604441706,0
0,37.31614256379887,37.19390786589461,10.385344673041123,25.761516763173805,14.521330702874558,11.554625800625065,0
0,38.35372510594553,38.30848158121062,14.268120785154007,26.439802348672266,6.6745146943946665,11.913922757273262,0
0,38.258208718446,38.535824620504826,16.645505595064293,18.021922436897405,13.58083412188093,20.236286281548594,1
0,37.05702970216938,36.871896668925984,19.256589166429844,18.512916384252193,15.175795339084287,18.544113317917187,0
0,38.557787360348286,38.59744786954111,22.749389957548082,22.819016307360986,15.342171538230687,15.7387710529873,1
0,38.76078452636824,38.67934801768202,12.943685750592484,17.58149778974793,15.241339826763426,21.17928673662031,1
0,39.28305124317528,39.34334819687804,11.883246848477157,19.581475390245483,8.715391527524012,19.701575852929796,1
0,39.25380205203491,39.02142450264627,24.452199212114913,19.821937169217065,17.704781731262713,19.43186488281784,1
0,36.82233063204291,36.660844408009666,11.620668390646106,17.39444899879146,17.942185447499263,19.427881633251452,0
0,37.26217496008488,37.135378059992576,17.177366051607837,18.07774250092741,6.907150501939215,19.184432459157467,0
0,38.71503526720866,38.68537377895901,18.78345593189953,26.82827763012385,17.237357073741087,11.886757637084813,1
0,38.71378595091221,38.91993649745432,18.120616313611574,17.507937818209026,9.473390331652432,21.205848132703185,1
0,38.71504768630605,39.21658511297873,11.290482355494149,15.426860877658838,14.271408981011577,23.28818680864721,1
0,42.05273149065472,41.84447740688453,10.85540371005429,24.440324139434075,10.057331048833586,17.612407351220646,1
0,38.77089051069317,38.5428820256729,11.582251411915536,29.63974679088675,17.613051880477457,9.13114371980642,1
0,39.33556564018061,39.20025434224523,18.783815258089188,19.968207219346823,7.218046299642426,19.36735842083379,1
0,39.154001763493206,39.10576131561645,18.165173314514817,16.779835547943783,11.972961803476512,22.374166215549423,1
0,38.8513912513058,38.6315535209559,13.506111880551163,23.55580988051296,11.136573503304895,15.295581370792839,1
0,37.884730755359655,37.991237494668525,19.566612127683875,28.595313166434693,9.912281427335818,9.289417588924962,0
0,38.95896922049327,39.145912586420586,22.30101253083474,26.76092669742718,13.746407890561784,12.198042523066093,1
0,37.427174785462434,36.76529809579048,10.623684397698906,24.337738026190742,7.57266892106001,13.089436759271692,0
0,37.96318139326,38.06219322040709,17.471949153220635,19.725847449113992,14.599949017604363,18.23733394414601,0
0,37.7146364521709,37.694974379206855,20.339656181540356,23.1282025991433,17.767105485657446,14.5864338530276,0
0,38.281874139386325,38.52905061904349,13.784678906045306,16.36867261956383,15.654704573623562,21.913201519822493,1
0,40.51465856667351,40.41852654908632,14.616563579397237,25.184181364210048,16.320201034914547,15.330477202463463,1
0,36.33273480740826,36.772988477732284,19.204568544840757,25.876440283464763,10.31564091814803,10.456294523943495,0
0,38.886260190374514,38.98419620525081,23.46902940165605,29.475474343648784,9.898639277774624,9.41078584672573,1
0,36.58728412881035,36.64875231695059,22.14886630454349,18.905960381176076,12.204580256281599,17.681323747634277,0
0,37.72806813421057,37.937785229714834,18.746953286493753,15.27684628564534,6.548719377147272,22.451221848565226,0
0,39.28895059696737,39.274526984268746,20.953325766358738,23.18412696640726,17.34429761347839,16.10482363056011,1
0,38.264280019095466,38.055185139472385,15.47233705311698,25.601857565952216,7.725422076194306,12.66242245314325,0
0,37.1222552220707,37.365151102894046,19.61448292148137,26.856112138244818,16.83615647001711,10.266143083825881,0
0,37.48469629074003,37.13675132803702,16.992723866913355,17.90608399537216,7.002986664004268,19.578612295367872,0
0,38.87959774893468,39.18858965571556,12.849042046863413,18.926293035555354,15.871499132142722,19.953304713379325,1
0,37.469633368282864,37.378489088967925,20.52607410815886,22.688863879009446,7.8235503105385815,14.780769489273418,0
0,38.41645858958198,38.5403279028036,18.34696956023233,19.959012149550027,6.457579369097672,18.45744644003195,1
0,38.24557183990382,38.77673862160951,15.37932372930387,27.907672298811676,14.633873403112904,10.337899541092142,1
0,37.54839965239419,37.44314878155136,23.67008785117946,22.106402306080803,9.36318360209314,15.441997346313386,0
0,40.343944089325326,40.48405056270776,10.314011767400999,26.993679661530045,14.573953833412194,13.350264427795281,1
0,38.833919022318014,39.15032562874212,14.73659726874244,23.709296407235307,12.661023005673837,15.124622615082707,1
0,36.1748574133424,36.487229183005944,10.853220966664699,26.59635212425668,7.3056886827607865,9.578505289085722,0
0,38.38645431476943,38.28007924161636,21.497909743324406,19.990094797954857,17.185560879613966,18.396359516814574,0
0,37.53821353523161,37.30023000536836,20.531611811706888,27.47124932895467,11.42777009716173,10.066964206276943,0
0,39.05243333479623,39.087051322133874,14.970283281044756,19.118584733265322,14.813367333584257,19.933848601530904,1
0,37.4074792615673,37.67446814303961,20.134943533106096,23.19148212004936,12.012246864187501,14.215997141517942,0
0,38.08526355853311,37.95431914641913,15.939058392939248,18.21010669760811,13.252337699534458,19.875156860924996,0
0,38.70498727898046,38.74293681740485,21.343806871336515,22.1328978243929,9.63328310828031,16.572089454587562,1
0,39.06575519417012,38.98181897485896,16.812754941050592,19.77262814263055,8.404323648041403,19.293127051539575,1
0,36.99970359294423,37.167995588323535,16.184195917474984,19.000551459558213,12.510842440896814,17.999152133386016,0
0,37.86549876415906,38.00396179783663,24.020948732324513,29.504775270420563,11.282627675652023,8.360723493738494,0
0,37.725054688839045,37.56079110734159,13.763186498360504,17.40111158230096,10.681358561207198,20.323943106538085,0
0,37.54667076742629,37.325520899505115,11.806710099948482,26.80988756186093,14.070806341135476,10.736783205565363,0
0,39.9654542402811,39.60190020486201,18.768146698891872,29.762474392248222,14.286079584133631,10.202979848032875,1
0,38.60498171096096,38.39761182195119,24.539827184262684,15.298522256101167,6.551040673095157,23.306459454859798,0
1,39.09979678005582,39.256116710314956,15.6675882059078,25.485411210631426,10.064933930924067,13.614385569424392,1
1,38.542810012698766,38.84965058333325,10.930551454431722,18.793677083344306,10.94117460271653,19.74913292935446,1
1,39.03136477112947,39.115141461080604,15.089579009643511,15.607317364924567,7.162705933970017,23.4240474062049,1
1,41.66973433559019,41.7116532505252,17.588974814793374,21.043343684349463,8.83081040037946,20.62639065124073,1
1,39.06578144451847,38.967773862779495,12.428845099483205,29.028267152563124,6.619701566673079,10.037514291955347,1
1,43.72209668428861,43.81858818867596,19.87153327084738,15.176476415504965,17.954905183404247,28.545620268783644,1
1,40.94131327114516,41.029453716968426,24.96624083515301,23.818285378946726,14.838686435638134,17.123027892198436,1
1,40.540286960803336,41.039832422568566,16.77609213972166,22.520947178929866,7.049401878033044,18.01933978187347,1
1,39.18413488576442,39.21519390027547,15.320928350953189,28.100762465565712,6.242992557481106,11.08337242019871,1
1,41.21040284323168,41.52991979425752,16.010562502517,16.260025717809384,14.631453601827364,24.950377125422293,1
1,39.55167082589089,39.8582168764136,11.727192675928016,25.222890448299754,11.270305988192003,14.328780377591134,1
1,40.45861275903896,40.638386836188005,23.249104021393357,25.20164547649916,15.441560508774913,15.256967282539797,1
1,43.62810989974943,43.13971039797653,16.22238483282028,25.03620025293425,17.081712453820604,18.591909646815182,1
1,40.17512213035796,40.426919860607796,15.809116171372619,29.135017424025555,13.19160466819647,11.040104706332407,1
1,41.794055324171374,41.80122949651918,19.895354093957117,27.346312935103207,8.245301075007037,14.447742389068168,1
1,39.38587064733635,39.29496327285078,16.630501313966853,15.62959089365259,15.38632843255743,23.756279753683756,1
1,40.25451496235394,40.02347005791546,19.723502032117693,22.066242760567697,17.469740918092494,18.18827220178624,1
1,42.60204082632616,42.71224563325584,10.921694351961813,20.969295843020003,12.962775444719473,21.632744983306157,1
1,39.4849428248759,39.542782333469106,22.20585015583341,19.65220831636203,14.183969367368803,19.83273450851387,1
1,42.656183125396005,42.26583959298151,24.107559293191038,21.77005087731146,10.049696340440077,20.886132248084547,1
1,41.22007751609212,40.77389669780889,19.73148079239079,20.76291277388966,10.578332335923735,20.45716474220246,1
1,39.56879319133745,39.768119932014564,24.31848893288216,21.48500849817998,14.815853974236767,18.08378469315747,1
1,41.12213006077217,41.38248857612697,12.27148471554945,29.688927984129638,17.13325318088183,11.433202076642534,1
1,41.56432078451475,41.64936404303005,17.161242842205304,16.32949462124371,13.547860646692227,25.234826163271038,1
1,41.10835295088236,41.46933229561935,19.02710100918171,28.83346304758095,15.47817490182417,12.274889903301414,1
1,38.2587078641424,38.32237159438348,18.7260497113178,22.2035507020654,8.059620208984477,16.055157162077002,0
1,39.35472167142767,39.58515093054005,16.021926686335647,24.356133682493116,8.543509083095682,14.998587988934553,1
1,39.97822577378304,39.760378044005876,15.071266140493922,27.452744499265407,12.38441624200068,12.525481274517631,1
1,40.20323654216994,39.73674443650209,11.902360338256281,20.406945437238832,8.118650306914086,19.796291104931107,1
1,41.10687372681588,41.52834937102944,15.876136758434173,21.456328621319503,13.619940842651083,19.650545105496374,1
1,40.531011301213226,40.85085778236655,12.439912226582276,21.14277720418071,9.499838224736388,19.388234097032516,1
1,38.56405233367686,38.355032277295706,21.015485147383274,20.6209653380364,15.498391424002703,17.943086995640463,0
1,40.79425720630775,40.72893648140238,13.132464032418849,28.882939824703424,15.697324159372121,11.911317381604324,1
1,41.09376146886897,41.02052841305684,10.878479579268008,27.433948367895184,11.565449469064237,13.659813100973786,1
1,41.02772758231035,41.04692000121645,18.285492067258517,16.63499984794464,8.169727620451624,24.392727734365707,1
1,41.705014943221,41.647025197702746,18.928445990791026,16.62185028715644,13.761299532983191,25.08316465606456,1
1,41.38409880091357,41.48865565821764,23.078695919207583,21.418042722794866,17.913444219163036,19.966056078118704,1
1,40.896934102996966,41.18816111479207,18.654724186265227,16.479860650992137,13.47109077531028,24.41707345200483,1
1,40.20878457510376,40.40570882856746,15.182212805851686,24.286396429066794,6.429296288568095,15.922388146036969,1
1,38.14075078642921,37.98275700712859,22.04517822289481,17.155374108926008,6.2075277092049905,20.9853766775032,0
1,40.85850368487236,40.71731520832399,18.104183397811315,22.835598959502015,9.844343645907674,18.022904725370346,1
1,40.56999399331204,40.619133606359554,11.189204269467876,15.108299205055767,8.349405682324859,25.461694788256274,1
1,40.65305248835399,40.94200843819048,18.4877584046987,19.7489452261897,15.756614485719698,20.904107262164292,1
1,38.6402268514336,38.71873711315928,23.620278181324935,25.15786085508983,16.137668004432005,13.482365996343773,1
1,38.89462649746925,38.741915327172656,15.944689382473308,22.260584103417727,9.103425255725714,16.63404239405152,1
1,41.66909870933277,41.78260766168012,14.444887028497,29.674042289984822,9.907737323398713,11.99505641934795,1
1,40.24857829998635,40.09510754447206,12.152041855270301,28.11155694099316,8.834963612581376,12.137021358993188,1
1,41.18595090658441,41.49691150651482,12.27168282903036,20.38606168564727,16.90059056845517,20.79988922093714,1
1,40.3368138889696,40.07454161502333,16.49157226512728,15.682298122084118,12.031792015467387,24.65451576688548,1
1,40.33868298134447,40.278524843986204,18.935197362422944,27.684394501725283,13.873644528984238,12.654288479619186,1
1,41.5197689477688,41.57065188276224,11.209231077544025,28.66851465472007,10.985785040395239,12.851254293048733,1
1,39.62914185331741,39.42152471278972,24.093528835377484,27.309410901285553,13.572170322054374,12.319730952031854,1
1,40.42495701002328,40.04464600708963,21.32700426167794,16.91924911379647,10.630264520660834,23.505707896226806,1
1,39.69904212468344,39.80025018387053,18.79935877425494,29.968727016184317,10.076141252750705,9.73031510849912,1
1,39.73515490433799,39.22896989341367,22.426580064084863,18.878763323291608,13.613760878081763,20.85639158104638,1
1,39.89807623949076,39.553095410462994,11.2028013521817,25.863073692125553,13.09274493658787,14.03500254736521,1
1,40.58877390312382,40.61103581483971,17.152583165996866,28.620523145035826,9.522335450015396,11.968250758087997,1
1,39.67762679183748,39.57171754628032,19.45139690292495,18.53530671496064,7.7921814038336805,21.142320076876842,1
1,41.932482963245576,42.33100897343875,22.429793591774338,28.623878320155992,10.422920326057652,13.308604643089584,1
1,39.137010507114645,38.78286221049662,21.752043400739016,19.642223687923003,10.98237166970291,19.494786819191642,1
1,40.05706686259023,40.02283041331391,14.156038745700995,29.646198335760843,13.544212001095257,10.41086852682939,1
1,39.72834962424357,39.806248797554346,24.113202543388063,19.21890030570712,16.974345163642365,20.50944931853645,1
1,42.18107124965985,41.76558770102906,11.865187621463056,29.301537371367527,6.434217570395102,12.879533878292325,1
1,40.55552120946504,40.77357464189288,23.127004279317283,15.803169763390123,8.92393215050214,24.75235144607492,1
1,41.641397901309226,41.89488735859962,24.56410374406928,25.639080175047194,8.324591307354725,16.00231772626203,1
1,38.36877151505193,38.09614666393956,12.657302848339384,22.981667007555053,12.027532904325403,15.387104507496879,0
1,40.64716534563004,40.662654750745276,20.830990963056777,22.168156156840958,11.156409684517918,18.479009188789085,1
1,41.45652003431047,41.673180682289306,10.604282781669976,18.3524147138376,14.748451485842262,23.104105320472872,1
1,40.40696918605805,40.25532850522683,16.081342377087324,25.58393684664738,8.908990950538366,14.82303233941067,1
1,41.68512448758496,41.23710286102644,17.74424948796511,17.862142371694606,13.133980388997102,23.82298211589035,1
1,39.62752501486951,39.67365898448183,18.709678388644512,23.292626939771523,16.60628716319951,16.33489807509799,1
1,42.13215167224125,42.70961055643517,24.03905872372839,18.79868044560376,16.928132879019657,23.33347122663749,1
1,43.28856756070502,43.18532543442623,20.08376030941292,29.33432069672034,17.505415256700374,13.954246863984679,1
1,39.82830987142844,40.236564256739726,17.219169268288553,15.429467907534793,15.279133824959864,24.398841963893645,1
1,39.72084672217899,39.47603260638665,22.14512554398834,17.995924201668547,16.87185487510698,21.724922520510443,1
1,42.18939982025301,42.21092272723351,24.257992314316134,18.634659095811717,8.814370463823291,23.55474072444129,1
1,42.353443789449926,42.63031186090786,10.330992230234363,21.21101738651725,8.370971332205723,21.142426402932678,1
1,39.62028196470075,39.7120723709756,24.73781908384058,18.490953628050804,6.077857005366317,21.129328336649948,1
1,39.75375713777538,39.56103810916775,11.291982085955205,22.37023635403178,14.482132289149181,17.383520783743602,1
1,39.93368000848134,40.075304137208974,22.21580168903142,28.086982848878087,17.24960625376493,11.846697159603252,1
1,38.55221433565544,39.0745523894309,14.205021288271187,25.680951321137563,8.243224140500118,12.87126301451788,1
1,39.10575246957054,39.17040456233579,11.982694866308076,23.699429708026663,13.643322905122545,15.406322761543876,1
1,38.99461700322231,38.929319618642076,16.597834595707525,16.335047669740195,14.95751711066133,22.659569333482114,1
1,39.30186316536463,39.15672094699329,19.659348691714204,25.409881625839134,17.131370821776677,13.891981539525496,1
1,40.25490964639718,40.860030285882694,15.714277675352125,17.496214264664097,13.762322688206659,22.758695381733084,1
1,40.60447915229747,40.6256359136846,10.818481124240485,26.79551078942547,17.643524792985026,13.808968362872001,1
1,42.3156506406583,42.069993188978785,18.991917094880748,18.750851377652296,10.136077692150574,23.564799263006,1
1,39.00213974703957,38.689954152601494,23.536049141660122,21.255730924813513,10.199142405256891,17.74640882222606,1
1,41.57961911801956,41.07794357572185,15.748230489208776,20.25705303476892,12.516150120172147,21.32256608325064,1
1,40.02181450250684,40.19694233023902,13.244991664462406,27.882208720122854,10.602022573390885,12.139605782383988,1
1,40.23569717745183,40.46481466495439,16.63866018899223,16.898166880701122,6.017108739450391,23.33753029675071,1
1,41.17726533981658,40.95212261411383,10.725440665731712,23.48467323577183,14.781264301043848,17.69259210404475,1
1,38.840461371969006,38.88295260686683,22.30731376720412,17.130924141645934,15.0206044977418,21.709537230323072,1
1,40.79713267003926,40.45542449966414,22.3951121642528,25.5719375419828,14.963695256241245,15.225195128056463,1
1,40.51638787067697,40.571390624664666,18.820006951444427,28.576171916917218,10.140247999325599,11.940215953759754,1
1,40.94018664321059,41.087847081535934,15.296543334075842,21.5191148080088,12.267473679734064,19.421071835201786,1
1,40.67591923708016,40.7014289287682,21.99675046668675,22.32138390397464,10.319682218120033,18.35453533310552,1
1,43.49189018188416,43.94870925962207,18.32030537182551,28.911342547241432,6.19243680036775,14.580547634642727,1
1,39.47093802047328,39.27748103336208,22.388984628250242,22.814870829740357,12.749387295257025,16.65606719073292,1
1,39.60970395849763,39.78148818743406,19.47188188874531,22.313976570743414,7.485127993008133,17.29572738775422,1
1,39.4899173156478,39.790600507675485,21.76608209819196,23.674936540564563,6.960495889097287,15.814980775083239,1
1,39.577879745091664,39.51729243163645,18.9784448982664,25.33844604544428,15.065988824361446,14.239433699647385,1
1,39.471396734501525,39.407173994989556,16.212116023234994,16.60325062630547,6.1140744290172675,22.868146108196054,1
1,41.84572149043981,41.40146673667102,24.369187898892065,27.316657916122743,17.508101323304714,14.529063574317064,1
1,42.14665552238681,42.44773939670561,18.11670737318267,21.532575411798888,12.183064369350923,20.61408011058792,1
1,39.55802981812568,39.651318178812296,19.076342778108078,16.085227648462283,17.796197168473782,23.4728021696634,1
1,39.2179377549645,39.485658079696215,13.307314591221239,26.792740037973196,6.695970869672501,12.425197716991306,1
1,40.912840223302325,41.07476600339765,19.384761841409148,20.65424957529408,13.00235458639096,20.258590648008244,1
1,39.582110042434735,39.307955900588595,18.574114742244156,16.50551242642581,10.191924431710934,23.076597616008925,1
1,41.12281136308216,41.08394651525481,12.772575969205374,24.50668559314876,16.12178991377143,16.616125769933397,1
1,40.563799927106686,40.77438423758797,10.893806460297156,28.201970301504623,10.334672822811434,12.361829625602063,1
1,38.3295326505036,37.97346957887032,19.065389795721565,28.316302641209795,9.12585094868819,10.013230009293807,0
1,42.31175676172908,42.96508038302292,21.455384040254806,29.364952122134596,16.29063752519896,12.946804639594482,1
1,42.634640975024176,42.395875344828,17.851020563830122,28.015581896500322,10.495837099839132,14.619059078523854,1
1,39.50337470237029,39.37974308967855,13.401589379794686,15.032113790182128,6.201999838326738,24.471260912188157,1
1,39.79598797208322,39.7343710600304,19.997829650395524,20.703617496200852,10.683469210072005,19.092370475882365,1
1,40.67162500794237,41.201774890411336,11.201585899144034,27.278138698582545,13.854267228131302,13.393486309359822,1
1,40.73479382698313,40.33604963928018,16.62750557202932,20.493795089977112,9.052314465676583,20.240998737006016,1
1,41.15610755447468,41.227814179234436,12.450501375976302,24.023227595695595,11.183851109101887,17.132879958779085,1
1,42.913265900396254,43.02724196631506,12.76688576589825,24.094754210617978,6.680581659386706,18.818511689778276,1
1,40.06996860425773,40.076196963515336,13.034409237373055,20.475379560582347,13.057113498167487,19.594589043675384,1
1,39.26221358210001,39.47146312872624,15.800605855659668,28.567108909219314,15.075539086324724,10.695104672880696,1
1,38.50688500358111,38.259612598553666,10.767253084305965,22.548425180791764,10.959750736813323,15.958459822789347,0
1,39.3497909480755,39.144225895287505,15.966901613936473,21.971763089062513,11.04279159361752,17.378027859012988,1
1,40.25693493526406,40.30029835052058,17.675611706720513,29.962706184928436,7.059389983018997,10.294228750335627,1
1,42.63292522257312,42.240779956311286,17.249414274494878,22.40250546108925,8.423290374143791,20.230419761483873,1
1,39.627105311252976,39.79859220976857,15.74176150604561,17.675973778928714,7.856103637534952,21.95113153232426,1
1,40.590924337130566,40.47843166925639,22.58719912106129,22.69604134295157,11.780253223938455,17.894882994178996,1
1,40.27865023510542,40.282317991737614,12.179900386307562,27.21025103279895,12.351066491409002,13.068399202306466,1
1,41.84491125548251,41.84677676077221,17.58545115672061,26.652904903474223,17.38728157541112,15.192006352008285,1
1,43.5850121536357,43.24537018818699,10.930621254348315,26.828726476627065,6.878778051326806,16.756285677008638,1
1,39.60987059520358,39.435037145920255,11.067335183168646,25.620356759968676,13.198415677860567,13.989513835234906,1
1,39.66372872472631,40.12949386051199,18.607987745156443,18.813267436000324,12.317982327938896,20.850461288725988,1
1,41.65740914018979,41.216549909699175,18.490276373317315,27.93126128760347,12.19479717522995,13.726147852586323,1
1,41.1864589365142,41.55278678415485,23.170502692666854,28.401651980643976,16.477911448593918,12.784806955870224,1
1,42.70071952345684,42.63670167640577,18.3681051349011,17.912290449278235,8.466461648345838,24.788429074178605,1
1,41.05910664092375,40.96434532361383,24.396865306072755,16.95683454827091,6.489279292096457,24.102272092652843,1
1,39.83292028197682,39.46292740376931,10.730422725998947,29.63407452883668,14.06725809161031,10.198845753140137,1
1,41.0678512799,41.13580112436196,11.470115271711116,28.024859454755518,10.141889569631761,13.04299182514448,1
1,41.74131465475778,42.152811662334805,10.660987923555721,28.398542208149202,6.211078994550295,13.342772446608578,1
1,41.36662683555657,41.23363483384507,12.7791527550031,28.295645769365926,9.016488087484966,13.070981066190647,1
1,40.959456240439486,41.11499758111595,18.119051664125173,23.125302360505927,9.711921290601742,17.83415387993356,1
1,41.6866770964659,41.94243179160011,19.68358272141142,24.696026049986997,13.402060521410904,16.990651046478902,1
1,41.820084267579375,42.05455645774396,10.683777369230032,23.180442782004626,8.071029528591264,18.63964148557475,1
1,42.09680668834879,41.693855238097164,24.18956334768399,15.768095237854936,10.956652175440777,26.328711450493856,1
1,41.143322853866536,41.25053962975767,22.632480649755713,26.18254628029159,11.789705333013991,14.960776573574947,1
1,40.08274649558809,40.41936015599969,14.449187232356397,22.579980500038204,11.510848696369091,17.502765995549886,1
1,40.49072779236332,40.54227491102517,11.15781295339702,24.715636121853446,17.68728920000138,15.775091670509877,1
1,41.86846165646086,41.159683223402936,12.54830609828586,22.53959707463303,6.546050853483553,19.32886458182783,1
1,39.23798362771659,39.480982641321305,11.90416620632459,22.377169834836838,17.41161823742879,16.86081379287975,1
0,38.69671415301124,38.71938530686267,11.849256689484204,17.5768366421665,12.9832465679284,21.11987751084474,1
0,38.06173569882882,37.52655435418306,17.778425329986007,19.180705727117235,15.54873257963806,18.881029971711584,0
0,38.8476885381007,38.480937676966725,13.687711637401005,17.38279037915934,11.164711416192905,21.46489815894136,0
0,39.723029856408026,40.03652004452496,15.372095747937166,17.934994434380137,11.446054575083766,21.78803542202789,1
0,37.96584662527667,37.86324271434956,24.842580000764837,29.594660706304573,16.551917988189885,8.371185918972095,0
0,37.96586304305082,37.661626386507336,20.26471373388017,17.296701686582978,16.751213955502827,20.66916135646784,0
0,39.77921281550739,39.80768754908338,24.23471000570502,19.039056364578116,8.864266577175572,20.740156450929277,1
0,38.96743472915291,38.68912924107137,12.138348325496734,23.858844866078776,8.390902543015418,15.108589863074137,1
0,37.73052561406505,37.7867785708516,15.732092122488538,24.152678643549628,11.954822086439414,13.577846970515424,0
0,38.74256004358597,38.44152310443074,18.320977049235314,17.309611946157435,16.8033243255323,21.432948097428532,0
0,37.73658230718754,37.444753908905774,11.15137092833107,26.905761386778185,9.868261120874116,10.830820920409355,0
0,37.73427024642975,37.56577565585046,10.062811654419368,26.778043018692376,13.824175384069576,10.956227227737376,0
0,38.441962271566034,38.55152187549553,20.056515006953763,18.559765563058367,14.497820252887212,19.882196708507667,1
0,36.286719755342205,36.30536004367895,19.627292752021532,19.329994540131906,15.34409597872987,16.956725215210298,0
0,36.47508216748697,36.36744145614486,16.161832149994176,29.069817981892456,12.767093495051558,7.405264185594511,0
0,37.63771247075903,38.02091942648246,17.34466114048049,27.38507168969217,10.829462139347635,10.252640781066855,0
0,37.18716887966558,37.3162643560325,16.231645008881344,25.466955495937857,17.604191865587673,11.720213383727721,0
0,38.51424733259528,38.81013201341873,10.360075672673332,16.23349832265901,13.335969039634232,22.280749009936272,1
0,37.29197592447879,37.24980831029169,15.030574093261936,21.273961213538634,14.74278253959925,16.018014710940157,0
0,36.78769629866471,36.75288377535078,12.656233830959348,23.389528081152406,10.13979414835054,13.398168217512307,0
0,39.66564876892156,39.49751064544195,11.476362836520531,17.811169319756655,14.039390172036962,21.854479449164902,1
0,37.974223699513466,38.04621281014702,24.35080650834025,21.72339873162337,9.093571945969511,16.250824967890097,0
0,38.26752820468793,38.327876894701355,18.990395875632483,24.01538816233035,8.941163010343633,14.252140042357578,0
0,36.77525181378655,36.86071479838615,20.92984426354904,19.910650201730988,14.576666421713117,16.86460161205556,0
0,37.65561727547482,37.72628662172594,14.730456148991763,26.71417228425731,12.256736835155221,10.941444991217509,0
0,38.31092258970987,38.29914605020334,15.897206942410229,27.60674372458208,14.199319325068677,10.704178865127787,0
0,37.0490064225777,37.841166863667915,13.553859908450852,19.85414204151106,9.2332618889771,17.194864381066637,0
0,38.57569801834568,38.41936114146091,11.454485064481371,27.579857317386857,13.184680092680765,10.995840700958826,0
0,37.5993613100812,37.44757081206764,12.685474561623757,16.553648491545225,11.32720379643735,21.045712818535975,0
0,37.90830625020673,38.05947250816528,21.962710679447287,27.565936479339847,13.163523442146335,10.342369770866881,0
0,37.5982933877706,37.521669948199886,20.16318707775664,17.29125647501425,9.490556786930632,20.307036912756352,0
0,40.05227818450894,39.93004874169883,18.20393313978215,16.24390728764589,14.585411563789487,23.808370896863053,1
0,38.18650277526207,38.02298695146708,17.12634809300152,24.626631066615168,15.671152393913587,13.559871708646902,0
0,37.1422890710441,37.243367516109366,23.836514254841866,22.079060486329414,9.118997686292683,15.063228584714683,0
0,39.02254491210319,39.19105312795046,11.091024216680026,28.61835900619249,9.607446718267704,10.404185905910701,1
0,36.97915635002898,36.9564172964691,14.20901219856874,20.44783794136274,13.933851236629115,16.53131840866624,0
0,38.40886359500476,38.505541728387485,15.24906780356071,19.30728395156443,14.347022091642529,19.10157964344033,1
0,36.24032987612023,35.91991181126269,21.736387183191816,22.511023592162974,14.449196212769401,13.729306283957253,0
0,36.87181395110157,36.72528645770776,24.88771930242957,21.83919278652992,14.192382057310041,15.032621164571651,0
0,38.396861235869125,38.498668634453935,13.610057721357297,20.166420693257823,10.713692603430466,18.2304405426113,0
0,38.93846657999541,38.6167510441562,23.11461001205621,25.406119480474928,10.738244092844141,13.532347099520486,1
0,38.37136828118997,37.94885257993033,22.45934140647687,26.393427508708626,9.057811483732577,11.977940772481347,0
0,38.08435171761176,38.037641923716386,13.369860964626499,27.79475953545205,7.882004398756356,10.289592182159708,0
0,37.89889630441071,38.12325720743476,15.989988702988338,29.59284907065514,14.310928552762867,8.30604723375557,0
0,36.72147800963258,36.9280012569441,16.14509303938779,18.99984288198757,7.118265431667754,17.72163512764501,0
0,37.48015579160529,37.2140687821012,24.673310027898374,25.741402237349423,17.25350744144138,11.738753554255869,0
0,37.73936122904021,37.89268901174051,12.713378520683474,20.913873532436178,15.920235644057417,16.825487696604036,0
0,39.25712222621892,39.37875016336587,21.98736956657173,25.156229579266622,16.290068879487073,14.100892646952296,1
0,38.543618289568464,38.92288219715809,15.012890712596649,22.139725355238305,16.880025775382283,16.40389293433016,1
0,36.43695984463727,36.34074722766785,20.963055186642407,29.906596541518972,10.903259648678882,6.5303633031183,0
0,38.5240839693948,38.03253174370511,16.300165064434943,25.933532036861248,16.16040868020481,12.590551932533554,0
0,37.81491771958369,37.78570104394788,18.675396446748103,29.287369506514867,7.896735603499792,8.527548213068822,0
0,37.523077999694046,37.21980365406226,22.489176599891966,27.52454324221779,6.259701535298828,9.998534757476257,0
0,38.81167628884087,38.5716518786604,22.06248347475826,28.543515167450565,15.418696735966202,10.268161121390307,1
0,39.23099952249596,39.04226969633424,22.996347753095502,27.21628795822012,6.897559775963272,12.014711564275835,1
0,39.1312801191162,39.00490090435489,10.894259880169885,21.88738695563867,17.86229600791106,17.243893163477527,1
0,37.360782476777366,37.449785385598375,20.380758295596173,18.776826800203267,14.097557155218672,18.5839556765741,0
0,37.89078762414879,37.95556157894594,12.099810650826443,20.554802631757834,15.041396522905266,17.33598499239096,0
0,38.531263431403566,38.477571652083206,16.237278520276163,15.303543489599257,8.949646275334391,23.22771994180431,0
0,39.17554512712236,39.23712081990424,18.228826225820328,22.859897511970008,14.086384727036258,16.315647615152354,1
0,37.72082576215471,37.69939306396755,16.041092271202462,22.57586700405613,6.518639247059486,15.144958758098582,0
0,38.014341023336186,38.216969944220345,17.794175137045112,22.878756972457325,16.05390863908321,15.135584050878862,0
0,37.09366502599397,37.02311625300335,24.94789463197929,29.610468374580957,8.03548911637887,7.483196651413014,0
0,37.00379337591933,36.97062551958542,12.028259705692822,28.67181005182259,14.368296802005247,8.33198332409674,0
0,39.0125258223942,38.920594466600384,20.131840680046384,17.42569167495162,8.69376601479274,21.586834147442584,1
0,39.556240028570826,39.57573409741329,15.94001449578423,20.53323782333834,6.821438033112512,19.023002205232487,1
0,38.12798987841967,38.00912525846441,11.995146983609931,21.359342691948928,11.777924142592731,16.76864718647074,0
0,39.203532897892025,38.876736049857804,12.381051450614642,20.407993767774716,8.031434523273473,18.79553913011731,1
0,38.56163602504764,38.78418048436753,24.239096593684252,26.977439454058697,14.753327859918597,11.584196570988944,1
0,37.55488024539488,37.41711547961589,23.194022450676428,22.860565048013804,8.850790120601818,14.694315197381073,0
0,38.561395605508416,38.57134802196341,23.605629406225326,23.581497254574376,10.109670674829946,14.97989835093404,1
0,39.73803656646597,40.057638372921446,24.8729916374108,27.795203384818883,12.809271015173675,11.942833181647089,1
0,38.16417396089005,38.04328862159016,13.124730850127769,27.08892230123038,9.41961933092774,11.075251659659667,0
0,39.76464365581401,39.94413461726157,15.331590060460925,16.983172842304494,10.535857394519539,22.781470813509518,1
0,35.58025489591026,35.354330249909964,20.038285448873,25.708718761254516,15.78746125248464,9.871536134655742,0
0,39.02190250437523,38.64774766453176,17.257038097909707,21.531541933530534,8.150518194732308,17.490360570844693,1
0,38.287047068238174,37.9446421316325,16.275843000675003,19.419733545937508,6.986419073783204,18.867313522300666,0
0,37.90099264953413,38.23399774149174,15.367168740033897,15.750282313532795,9.94029342159623,22.15071033600134,0
0,38.291760776535504,38.121530052758544,18.906709479151782,22.308743405181765,11.092521204166538,15.98301737135374,0
0,36.21243108539911,36.29734759831306,18.63390142960123,20.33155021086797,12.511911385638811,15.88088087453114,0
0,37.98032811216249,37.80981843523884,12.421867510963601,18.77269559514601,10.469084354100085,19.207632517016478,0
0,38.55711257151175,39.01663939244837,17.076097562776585,25.420075943954362,15.478940402673661,13.13703662755739,1
0,39.67789404474152,40.347661753522125,18.30207664314775,26.542280809733803,6.471833852021679,13.135613235007717,1
0,37.681729781726354,37.310625257716474,18.55430408097086,18.67184278544137,11.181210458382695,19.009886996284983,0
0,37.39150639710682,37.17406630759848,13.151607893685277,15.741711550190209,10.587070975876856,21.649794846916606,0
0,37.69824295641546,37.898149675932174,21.134070883784304,27.731290508478523,13.770941889682309,9.96695244793694,0
0,39.11540211770208,39.19880483105549,10.377986422316045,15.14939611806455,17.59531502276875,23.96600599963753,1
0,38.52875110965969,38.727546500729424,15.32247783314744,29.05668740882208,12.124504879546347,9.472063700837609,1
0,37.67023979623296,37.60468561512208,21.703189728034502,24.41429810974059,17.842522163300647,13.255941686492374,0
0,38.71326743311336,39.22137840377584,18.458393815831037,19.827699528019807,9.62699273895837,18.885567905093552,1
0,38.297077549348046,38.27042265085079,13.917436487662904,18.697168643651043,6.370417590509533,19.599908905697003,0
0,39.16864499053289,38.758919320288264,20.424296790145718,15.13508496396713,7.987958009716953,24.03356002656576,1
0,37.49794690612265,37.391743429958694,18.5108641623411,18.532071255163157,10.741498617294807,18.965875650959493,0
0,37.87233785340224,37.42347260381794,21.94365414184581,17.065924522757115,9.796006910262626,20.806413330645128,0
0,37.80789184686785,38.16654005351322,21.02537779284735,24.182493310847185,7.164649571800532,13.625398536020661,0
0,36.73648505186789,36.56001452936874,19.15161883054352,17.49818382890702,11.191921292288601,19.238301222960867,0
0,38.49612027706458,38.716564419495604,17.322665129662212,22.92944756304929,10.057389259914753,15.566672714015287,1
0,38.46105527217989,38.249186029318665,11.99773188501285,23.851746335167064,7.471430645489262,14.609308937012827,0
0,38.20511345664247,38.10423499619837,13.919995268280756,19.47062547520372,9.553405567342907,18.734487981438754,0
0,37.96541286662485,37.575792206117754,16.28649209375628,15.525974235280781,16.637232664264687,22.43943863134407,0
0,36.78462925794959,36.955529534326296,18.98948930509583,15.558808209212941,9.624586385872082,21.22582104873665,0
0,37.77935467723464,38.016838320136735,17.70561782822957,15.395209982908764,14.56746507890462,22.38414469432588,0
0,37.857285483473234,37.551305039943614,14.322767889392942,26.086870007048194,13.344564955893068,11.77041547642504,0
0,37.39772273077838,36.921838835422285,10.096965366845659,19.77014557221447,11.126173948900462,17.627577158563913,0
0,38.03871428833399,38.12444397768388,17.44358832851221,26.944502789514956,8.86830764164403,11.094211498819035,0
0,38.60405085681454,38.10819206113886,14.284389828433646,21.47599235764274,10.428176392151345,17.1280584991718,0
0,40.08618590121053,40.585640227900406,21.019124510658024,21.794971512449457,13.105286561652512,18.29121438876107,1
0,38.374577812831845,38.03845408769885,10.359193979057252,22.693239037643608,10.20903857699226,15.681338775188237,0
0,38.457550390722766,38.25443622523499,18.772417169586863,25.695471845626557,8.578757202890781,12.762078545096209,0
0,38.12555408423383,38.387179656100436,24.122113562590982,19.102542987445606,7.397552986699585,19.023011096788228,0
0,36.28122878470096,36.10540951805598,12.616139006672492,16.823810243002903,16.557203254914782,19.457418541698054,0
0,38.173486124550784,38.07327311977703,17.07474236125893,23.340860027871923,11.283755709022868,14.832626096678862,0
0,38.26023020994103,38.340762685210876,11.371329877257072,19.904664348641088,13.502499860915162,18.35556586129994,0
0,40.66324211248529,39.98690104235983,19.38522868392029,21.63736970502056,11.884924333641663,19.025872407464732,1
0,38.00763903521888,38.58236639499952,18.257975208943385,24.70420062505958,16.47079822029556,13.303438410159298,1
0,38.501547342333616,38.62070491106305,16.110482863192484,22.41188611711906,12.56321822937853,16.089661225214556,1
0,38.16528823029476,37.8455665419479,17.82065532210612,24.304182256512643,11.76937701538936,13.86110597378212,0
0,37.03132196238048,36.81469599974637,23.448619877035153,23.163000031704417,17.09521188506055,13.868321930676064,0
0,39.342822814515024,39.611224435367674,12.944414534666006,26.09694557904149,14.636275152544254,13.245877235473536,1
0,38.951933032686775,39.0752876058746,10.338467675580208,25.589049265674298,7.338598888162288,13.362883767012477,1
0,38.99103194704305,39.295897212982965,22.924973270486515,23.012848377129288,8.132453534361769,15.97818356991376,1
0,37.29061254520526,37.11853163749684,18.656756235818598,25.183545312895603,15.445474355273303,12.10706723230966,0
0,39.602794310936105,39.67517284772729,23.359876831927636,28.10339403408919,16.03021585415945,11.499400276846913,1
0,36.79814893720772,36.88812744546542,18.95417835119759,21.484069316822527,12.542289949083557,15.314079620385193,0
0,38.78685709380027,38.91046843127015,22.152416349395537,21.191446091231903,12.653462734399671,17.59541100256837,1
0,40.390455625809984,40.68829052549771,16.445100450327217,26.463684312785702,13.583195554217333,13.926771313024283,1
0,37.20946367486931,36.97009353955496,21.247898969324034,23.73830755562991,11.269389291391674,13.471156119239403,0
0,37.63370227039723,37.49147918637329,23.69562200334784,16.06510170333883,14.162389481806848,21.5686005670584,0
0,38.29965136508764,38.15294655811707,18.581844455833092,28.38168023536622,7.301775090796989,9.917971129721423,0
0,37.6965243458838,37.636306027731486,12.711777258435692,15.461746533564602,17.53535090840864,22.2347778123192,0
0,36.64933656893387,36.63019243725483,14.031964225452972,26.225945343146147,15.00185788553906,10.423391225787721,0
0,38.26856297480603,37.80894470287548,12.979668653461086,26.381912140564694,13.574090448108084,11.886650834241337,0
0,37.1376962862739,37.42562666976617,13.702855413935993,29.29666627922896,9.795864684113768,7.841030007044942,0
0,38.67359243063518,38.39350387099172,14.596231740265544,15.81201612603481,7.93146584948075,22.86157630460037,0
0,37.2805757657662,37.068377176705866,18.327006801297827,23.952852911767366,10.912115565947335,13.327722853998836,0
0,39.74993440501754,40.00865913152476,18.81987444195749,21.417608559405792,13.938920886888702,18.33232584561175,1
0,37.41674670766377,37.58032404541685,16.397496208627917,19.95949432289313,13.60451692107733,17.45725238477064,0
0,37.87793848379432,38.02916177276411,19.23131169731253,16.354778404486094,10.591693860786858,21.523160079308223,0
0,39.01351721736968,38.77248150563945,11.22362388417049,23.439811795069637,13.359436725997558,15.573705422300044,1
0,36.96913568356605,36.742515112919044,11.3168235558724,22.185610885119203,15.76497954681057,14.783524798446848,0
0,38.42745993460413,38.58745346502188,12.577441905364877,16.568316872265363,6.315417268051284,21.859143062338767,1
0,39.507142754282434,39.40650125914835,17.77116247060517,24.18734260645625,11.407452575163308,15.319800147826182,1
0,36.59251676543877,36.59144562556965,13.209920180474704,26.069296803794074,15.102662741601492,10.523219961644699,0
0,38.384633858532304,38.62792660387356,14.24926605238866,26.509174515804723,12.553733645560527,11.87545934272758,1
0,38.45988279424843,38.27135521740851,16.00469254259491,28.58059782393641,13.81771305514884,9.879284970312018,0
0,38.98182287177731,39.03086351097335,22.1779918601557,21.142061128331658,12.200116711264105,17.839761743445653,1
0,36.96304928912192,37.22563126776535,10.207932038692903,29.296091529332053,17.90249453618773,7.666957759789867,0
0,36.87954338691573,36.93614847139008,19.740682303549335,27.98144107624029,6.655458437868459,8.898102310675437,0
0,38.7219415656169,38.56441981147713,20.03314796561028,19.447523565359084,11.892537861268528,19.274418000257818,1
0,38.49698467323319,38.140886035518065,21.97983670534955,17.38924556024188,7.096998589374213,21.107739112991315,0
0,38.45049285034588,38.247753272464635,23.9912940859047,21.5308409419202,7.917426745362845,16.91965190842568,0
0,38.54644820949698,38.871772155045285,10.302067734239348,21.028480619339497,10.596460205019142,17.517967590157483,1
0,37.51997527842151,37.29091368336026,12.306755582698242,23.635789579968062,7.866481098005847,13.88418569845345,0
0,38.43225369716101,38.68999365212067,23.292569410839896,23.750793484916223,17.56424599147981,14.681460212244787,1
0,38.49307247329868,38.5300015618744,16.87777843280523,26.24980476569963,17.36147732070191,12.243267707599053,1
0,37.48564858197364,37.13881320621533,18.468859584001954,22.648349223084153,10.033315754647246,14.837299358889489,0
0,40.06577451114476,39.84742128308711,19.94540805584721,16.572339614111485,13.676972544452155,23.493434897033275,1
0,38.67383292091179,38.657005039733626,20.185999067434558,27.874370033296593,12.405039847125433,10.7994628876152,1
0,37.00869650279736,37.24282825001778,23.97610604974762,19.646468747777806,15.787043766189223,17.362227755019557,0
0,38.85655360863383,38.74344430476321,24.954241261175042,29.56946190459888,13.529347317803307,9.28709170403495,1
0,37.22531832977268,37.02585678695843,20.802361913964106,16.76790163019655,6.003029453886745,20.457416699576132,0
0,38.98708460374245,39.2850098593321,14.308318138077261,29.37376758348755,15.158092627316865,9.613317020254904,1
0,39.35859557900741,39.469078583174095,23.196286034415152,16.365177103237755,14.962177455553418,22.99341847576965,1
0,37.379317681648295,37.792275663446354,10.738313718111424,18.465542069205892,12.116672466797773,18.913775612442404,0
0,39.16337612924433,39.53441040694962,13.466212793117442,15.698699131298124,16.835027678796646,23.464676997946203,1
0,38.6127809269365,38.435386422403326,23.460785761955723,25.576697199584924,16.90135446828482,13.036083727351578,0
0,39.022060159994496,39.37796415161138,13.842872716590325,27.754481048576878,12.286940120452766,11.267579111417618,1
0,40.09679298265395,40.42791147018208,13.309765894326226,21.511066227239706,13.295858774358452,18.585726755414246,1
0,37.95461188399713,38.288577350994906,12.071879397103709,28.927831125636445,17.95826486309607,9.026780758360687,0
0,37.44626383564251,37.609164111389326,22.886676364703746,23.854486076333995,9.58584281773701,13.591777759308517,0
0,37.31048557037448,37.52439914374642,17.5008738878663,24.450107031697847,9.895406907737728,12.860378538676635,0
0,37.384189715034566,37.39854969579591,20.123398045812323,27.68128802551155,8.193286831961956,9.702901689523017,0
0,38.1228982905859,37.96438397539378,13.585995761125446,19.452003075777583,16.750403269894417,18.67089521480832,0
0,38.54115197481665,38.39748811344068,21.370606315168246,20.313985819914386,14.933860679391195,18.227166154902264,0
0,38.47669079933002,38.15128576969664,21.40008317443148,28.589278787919667,7.267714186442903,9.887412011410355,0
0,39.02718324903603,39.331884380475344,14.688970373624503,28.514452440581458,17.78120821437559,10.51273080845457,1
0,38.21300189187791,38.2228220668559,16.160239495154244,29.64724164301306,14.771540497933392,8.565760248864848,0
0,39.65353407715732,39.971779402026996,13.145354161453014,28.527574746625067,16.206265315259692,11.12595933053225,1
0,37.935343166762046,37.60471535567599,24.648415349843564,16.910580540500412,6.577809470078411,21.024762626261634,0
0,40.92016916658962,41.161153085663564,19.684038655876172,27.35586429205481,12.059531027306011,13.564304874534812,1
0,38.82566734776501,38.87081938262685,24.018158210732732,21.14757717164391,14.383179440724472,17.678090176121103,1
0,37.34284244358372,37.06110383728649,14.550783154436997,29.86202033918907,12.515359014862096,7.480822104394651,0
0,37.12910750193889,37.443326284280545,21.728363694953345,22.084214464932018,13.99976958839133,15.044893037006872,0
0,38.68247241524319,38.933539670099734,21.48787965827113,23.307541237533307,15.81448876308567,15.374931177709882,1
0,37.97653721467415,38.216427010169184,20.374834777998124,22.94662372885198,10.492044755522354,15.029913485822174,0
0,38.91400049409209,38.821391556417005,24.484584629002008,19.826055447874168,16.184024107424516,19.087945046217925,1
0,38.673237624573545,38.91099734933285,15.903330041594733,16.125331333393774,7.954993257183489,22.54790629117977,1
0,38.12717108734313,38.33252185235177,11.960759853846358,28.434768456028777,9.250632660316498,9.692402631314351,0
0,37.3532062819316,37.32367890249685,20.075632888660913,27.040137187894302,6.520147439127909,10.313069094037296,0
0,36.68515277531414,36.70325678633284,20.939647007158094,17.09290170839504,10.373121736023013,19.592251066919097,0
0,37.75348504793298,38.326787807437995,18.62590860188222,26.651524070251092,10.558914537889443,11.101960977681891,0
0,39.05639879432348,39.78489840007393,13.102268397000945,24.387699990759153,15.663247166487011,14.668698803564325,1
0,38.414093744130206,38.750902745449885,17.56683912504033,21.137156818764335,13.837568043475873,17.27693692536587,1
0,36.954261221288014,37.069517462108536,14.682846048536941,18.81031723643344,11.240670697868,18.143943984854573,0
0,38.37318092585119,38.33683254597973,16.411997922500337,27.895931752533485,13.825367743484978,10.477249173317702,0
0,38.58531737972884,38.35597740888471,19.67827863766996,25.502823889410795,6.633400206188294,13.082493490318047,0
0,37.31614256379887,37.17427121086371,21.178221140362517,23.216098642037053,8.163258432220513,14.100043921761817,0
0,38.35372510594553,38.246851775932186,13.483370363520146,24.143528008476963,13.52337426290106,14.210197097468566,0
0,38.258208718446,38.869072058150145,16.0798804097043,16.365992731232716,13.696401830703627,21.892215987213284,1
0,37.05702970216938,37.50312962869066,14.037423564874437,22.10879641366788,15.289615904489125,14.948233288501502,0
0,38.557787360348286,38.71675596486572,12.979474207928037,17.90550439178553,10.835997108643227,20.652282968562755,1
0,38.76078452636824,38.434993958518945,21.750808299937574,18.12575518513238,14.670649159393875,20.63502934123586,0
0,39.28305124317528,39.58064352452557,23.638790416554887,24.919559434303,14.207763990722274,14.36349180887228,1
0,39.25380205203491,39.29064926177988,15.55348278526865,28.668842277514322,17.56072054043819,10.584959774520584,1
0,36.82233063204291,36.031549206742596,21.269183865606504,21.056349157175198,8.58156271709615,15.765981474867715,0
0,37.26217496008488,37.335070087238535,23.454929340466165,18.116239095182856,12.620154765031675,19.14593586490202,0
0,38.71503526720866,38.5621503675316,22.691863157953474,24.731204058549814,13.221173305325632,13.983831208658849,1
0,38.71378595091221,38.415457554437964,12.74220082808839,28.067805695254766,17.98377461921065,10.645980255657445,0
0,38.71504768630605,38.5702017438653,24.34437822270042,26.224782016837363,8.41420970599982,12.490265669468688,1
0,42.05273149065472,41.85574913233561,15.650146606441936,28.031358458048807,12.278616239607507,14.021373032605915,1
0,38.77089051069317,38.67561343947871,15.088609917607545,23.048320065161988,10.154223692563667,15.722570445531183,1
0,39.33556564018061,39.34977485067569,10.936469909166705,26.27814366553786,12.310715622947997,13.05742197464275,1
0,39.154001763493206,38.74319225287692,17.292604811573245,17.100968390384047,8.785543225237271,22.05303337310916,1
0,38.8513912513058,39.218207046156415,11.63520423461393,20.224119230447872,6.571348541129858,18.627272020857927,1
0,37.884730755359655,37.653254100262224,13.72809731391139,20.843237467222835,12.870785446772267,17.04149328813682,0
0,38.95896922049327,38.71864451045048,14.754139326509222,22.66943619369052,10.030251790329986,16.289533026802754,1
0,37.427174785462434,37.188510836769176,22.13239485237526,28.936145403852358,8.183296820981203,8.491029381610076,0
0,37.96318139326,38.01508441277334,23.13232975593845,28.114448403332617,9.887226792936405,9.848732989927385,0
0,37.7146364521709,38.0638569409253,14.536994761922045,17.017882384337767,6.591362417372939,20.696754067833133,0
0,38.281874139386325,38.39926524177411,22.88047181866861,17.591844778236947,17.40530680908124,20.690029361149378,0
0,40.51465856667351,40.71708313404933,22.858464060546865,20.364608243833672,12.973774979679126,20.15005032283984,1
0,36.33273480740826,36.48511073609313,21.469764255773104,19.36115798836011,15.777224176164298,16.97157681904815,0
0,38.886260190374514,38.866227485621245,12.200426710227724,24.221564297343935,11.077418370572765,14.66469589303058,1
0,36.58728412881035,36.531666874268254,20.354842703510933,28.541640716468173,16.83977601079423,8.04564341234218,0
0,37.72806813421057,37.20452501499929,24.17536096870853,29.434373125088804,11.79981865862704,8.293695009121762,0
0,39.28895059696737,39.22156764569577,20.238107181507356,24.804044288028397,12.887343866408033,14.484906308938971,1
0,38.264280019095466,38.55942089583187,14.974252736617508,27.5723880210163,11.901527760751883,10.691891998079164,1
0,37.1222552220707,38.036975735972305,17.50868976146247,22.878033003461958,14.799339550411819,14.24422221860874,0
0,37.48469629074003,37.255000766376796,19.685875650265807,18.124904202900595,12.799872931224748,19.359792087839438,0
0,38.87959774893468,38.91703739054878,17.658556130927554,22.870326181402163,9.259187082964772,16.009271567532515,1
0,37.469633368282864,37.27339008782749,11.799294125964547,23.326239021564767,7.746474375871756,14.143394346718097,0
0,38.41645858958198,38.97090509229437,14.68096066978031,26.136863463203348,13.273492666595732,12.27959512637863,1
0,38.24557183990382,37.95361404123511,22.035940458304488,18.298244845610235,11.870159538564435,19.947326994293583,0
0,37.54839965239419,37.75580275414959,22.92127069143276,20.524655731300975,7.151708360353355,17.023743921093214,0
0,40.343944089325326,39.956316703694256,12.059500490733553,20.460412038218493,10.74740958951922,19.883532051106833,1
0,38.833919022318014,38.74486724851106,24.285801285980867,29.391593936117474,12.177317064005443,9.44232508620054,1
0,36.1748574133424,36.1867266047608,14.93233926772914,21.659174404900785,15.92271880590708,14.515683008441616,0
0,38.38645431476943,38.789388723924226,19.9347060809608,26.3264095094722,6.913212670000348,12.060044805297231,1
0,37.53821353523161,37.40990263423507,21.27737718935022,26.262170720616588,10.181944178952035,11.276042814615025,0
0,39.05243333479623,39.248134697823616,22.17919351956825,18.983162772048622,15.871873472524625,20.069270562747604,1
0,37.4074792615673,37.37137563727539,24.186245533388952,23.578045340575983,13.781087181258945,13.82943392099132,0
0,38.08526355853311,38.29268365280176,14.69379322043234,28.41454339977972,9.479499861645442,9.670720158753387,0
0,38.70498727898046,38.86297627366517,22.877596818273318,22.12796579185424,16.14402146427171,16.57702148712622,1
0,39.06575519417012,38.7665858991189,11.975303551543107,29.17676261013819,11.919522966752307,9.888992584031932,1
0,36.99970359294423,37.21426501248111,20.575613595303892,18.216873439862425,11.980222695725526,18.782830153081804,0
0,37.86549876415906,37.591100907307116,21.12966594270979,16.112386586610462,17.71904807040461,21.753112177548594,0
0,37.725054688839045,38.033025535222635,20.165848618019808,28.37180809717124,17.365398038836542,9.353246591667805,0
0,37.54667076742629,37.63827825624454,13.784721042027295,27.715217969433247,10.302392200438128,9.831452797993045,0
0,39.9654542402811,40.04088921488793,23.09564720522805,29.88884813900767,7.686949543956988,10.076606101273427,1
0,38.60498171096096,38.47847278142651,12.532876950555925,25.19090232168639,9.908000787337128,13.414079389274573,0
1,39.09979678005582,39.28759744879994,10.804521872812462,29.05031890000724,6.3657991237366565,10.049477880048578,1
1,38.542810012698766,38.940766116989906,20.761974859178682,27.40423537626166,6.249214640524695,11.138574636437106,1
1,39.03136477112947,38.87866884002559,17.132135728491004,27.6663949968013,10.74626563501703,11.364969774328166,1
1,41.66973433559019,41.331703011545486,22.73647029938014,23.537123556814024,17.29223787236681,18.13261077877617,1
1,39.06578144451847,39.354116248249994,15.750957115873884,20.735468968750663,16.456288094786494,18.33031247576781,1
1,43.72209668428861,43.36785303129481,12.524178827615692,29.018371088149227,12.137314007011476,14.703725596139382,1
1,40.94131327114516,40.488145938926095,22.546632887048048,21.481757634238416,12.782716574049967,19.459555636906746,1
1,40.540286960803336,40.25534167593004,18.233644474601075,23.082290508745036,6.071201960952678,17.4579964520583,1
1,39.18413488576442,39.04646628314498,12.837936885855324,21.691714606877817,8.586013870005186,17.492420278886605,1
1,41.21040284323168,40.972221802324775,20.805759978796686,23.472274709402956,6.297289523212605,17.73812813382872,1
1,39.55167082589089,39.04353939052092,17.666704577342507,22.05757618488491,15.05447439234465,17.49409464100598,1
1,40.45861275903896,40.15424389297046,19.064694733604796,15.719513378692138,7.747749552317973,24.73909938034682,1
1,43.62810989974943,43.79415421767908,16.913475073098727,28.23072279011548,16.428565229721805,15.397387109633954,1
1,40.17512213035796,39.966672741730115,22.430634757270095,21.665907283736548,13.719891764109459,18.509214846621415,1
1,41.794055324171374,41.80932676217912,22.443440735245748,23.83415472761023,8.75302411818856,17.959900596561145,1
1,39.38587064733635,39.98329746366904,20.640832327365793,17.087817041369807,7.892643804998997,22.29805360596654,1
1,40.25451496235394,40.27959345824208,11.581020660946933,15.050817719739587,13.531496411076638,25.20369724261435,1
1,42.60204082632616,42.61056518876276,22.58280792856103,18.679351404654646,16.81004376338788,23.922689421671514,1
1,39.4849428248759,39.115449676144,20.065194707993648,25.568790482000253,14.62032262697258,13.916152342875648,1
1,42.656183125396005,43.268096656386454,20.455362490064495,16.487917951693177,10.18255981924053,26.168265173702828,1
1,41.22007751609212,41.150933507153624,15.444742606058075,28.63331160579702,13.048603143223765,12.5867659102951,1
1,39.56879319133745,39.63419729167725,23.1891933423551,18.22533854034277,9.729140344469057,21.34345465099468,1
1,41.12213006077217,41.37544876628499,20.88057400352286,18.068904214376637,17.989794801343905,23.053225846395534,1
1,41.56432078451475,41.478219044605424,11.688856997937917,17.72261942432243,14.986070261542213,23.841701360192317,1
1,41.10835295088236,41.03832219444344,16.11667051609244,15.209725694570471,13.372579677081044,25.89862725631189,1
1,38.2587078641424,38.06738334378261,23.295705429402126,26.577082027173518,11.07910971318995,11.681625836968884,0
1,39.35472167142767,39.294995856250566,10.707950525460685,28.125517968678878,13.417827483114689,11.22920370274879,1
1,39.97822577378304,40.006300475686054,24.42124929463074,24.212440539242984,10.099392749608018,15.765785234540054,1
1,40.20323654216994,40.35741600219842,20.187438524793443,17.822999725197935,6.3463780734963695,22.380236816972005,1
1,41.10687372681588,40.86576664036709,19.470639664650648,19.279169954113197,10.741062268279594,21.82770377270268,1
1,40.531011301213226,40.3428887963162,14.058388847319872,22.13890046047445,17.165769834958404,18.392110840738777,1
1,38.56405233367686,38.4654784858052,13.731876831087657,29.315189274349514,13.51561313728639,9.248863059327348,0
1,40.79425720630775,40.41031783538187,24.130873292328932,18.710270577266144,7.00746843685082,22.083986629041604,1
1,41.09376146886897,40.752202491529616,14.47408681351184,25.97468855879832,16.61992336074031,15.11907291007065,1
1,41.02772758231035,41.207266213204846,21.63257945078499,21.591723349393803,9.226498192098179,19.436004232916545,1
1,41.705014943221,42.044258318196796,15.896826973106187,19.467710225400328,8.92523391699273,22.237304717820674,1
1,41.38409880091357,41.60529008755734,12.08881106177056,21.838739055331708,9.56509162536385,19.545359745581862,1
1,40.896934102996966,40.41145519389505,10.160729465430384,16.068100763118487,12.926426833511488,24.82883333987848,1
1,40.20878457510376,40.08415751548836,18.16386005522876,26.980310563955435,12.536257121207719,13.228474011148329,1
1,38.14075078642921,37.810803768642046,24.63668227823399,18.649528919744508,11.896965055474581,19.4912218666847,0
1,40.85850368487236,40.97295054521685,15.537042907138067,25.881181847894556,14.610442362151524,14.977321836977804,1
1,40.56999399331204,40.47179819542622,15.357885009895671,16.02522557172292,9.798452776019507,24.54476842158912,1
1,40.65305248835399,40.825388173260116,15.161374267741632,29.32647834248529,15.384774258869173,11.326574145868701,1
1,38.6402268514336,38.67683820175132,17.808157559572876,17.895224781085478,8.10386014054319,20.745002070348125,1
1,38.89462649746925,38.35407095085515,16.6099732513644,28.24113114310621,15.391449468924112,10.653495354363038,0
1,41.66909870933277,41.48286321484615,23.19871940090522,27.142098144231518,13.965721263003394,14.527000565101254,1
1,40.24857829998635,40.363856809110224,17.582811875852354,29.51789886122124,14.198499714571039,10.730679438765108,1
1,41.18595090658441,41.22265312068651,17.61636757282853,22.168359914186244,11.77864076552712,19.017590992398166,1
1,40.3368138889696,39.87271232473849,12.075573920808349,25.910959407689273,14.004018392170376,14.425854481280329,1
1,40.33868298134447,40.09551472115547,24.74109311365579,20.56065985556676,6.957564558713489,19.778023125777707,1
1,41.5197689477688,41.617875811437635,13.749593363032446,17.765523570295407,16.218613404592407,23.754245377473396,1
1,39.62914185331741,39.186830888047986,11.10046101189404,21.64613899400173,6.6665668018517525,17.983002859315675,1
1,40.42495701002328,40.00011011815339,19.94719373462813,17.48623523082682,7.78489811845797,22.938721779196456,1
1,39.69904212468344,39.58215464526564,18.93049555235309,29.73066934179576,12.921476501966836,9.968372782887677,1
1,39.73515490433799,39.728450421063116,16.227184809891185,16.443697367110744,14.872937465480298,23.291457537227245,1
1,39.89807623949076,39.64929459318569,16.33288350821017,23.838175851789305,6.915018772155042,16.059900387701457,1
1,40.58877390312382,40.40482433736951,21.77595881569647,24.39695782881084,17.04917776946784,16.19181607431298,1
1,39.67762679183748,39.655430454855114,12.935689601494737,23.07119314311081,17.683291785608382,16.60643364872667,1
1,41.932482963245576,41.78053769371458,22.303799784173346,24.932788285677503,13.271402076092532,16.999694677568073,1
1,39.137010507114645,39.046058306998574,19.731206708425272,16.742711625178366,11.774921464522038,22.39429888193628,1
1,40.05706686259023,39.91339777709536,16.284546606692864,23.325277863079364,14.896739667356997,16.73178899951087,1
1,39.72834962424357,39.825534491464715,16.87042924875803,19.308188566910424,9.940288227926466,20.420161057333146,1
1,42.18107124965985,42.46717887240387,13.849708107791436,29.102640949515852,11.919173209261277,13.078430300144,1
1,40.55552120946504,40.828551401587234,21.281714990454624,26.431074801595884,16.993812321772815,14.124446407869158,1
1,41.641397901309226,42.06329826214083,17.693121134579016,29.58771723239614,17.4678651028984,12.053680668913085,1
1,38.36877151505193,38.495493271631176,14.812818141247654,15.563341046102844,17.12482939261422,22.80543046894909,0
1,40.64716534563004,40.82578401897832,18.940751736414253,19.276997627710628,9.149376803566081,21.370167717919415,1
1,41.45652003431047,41.2965492896034,24.936016780769847,17.931338799575236,8.789628482601161,23.525181234735236,1
1,40.40696918605805,40.27866144952258,16.528934194848308,15.167318809677457,9.571974071151772,25.23965037638059,1
1,41.68512448758496,41.53092091237045,23.810371011679294,18.63488595369482,11.295733348661523,23.050238533890138,1
1,39.62752501486951,39.538546881977545,15.175252598868491,25.181639752806433,9.770008953503563,14.44588526206308,1
1,42.13215167224125,42.27226932934385,10.820990603874789,18.466333832018528,10.490553548868697,23.665817840222722,1
1,43.28856756070502,43.078919586542085,13.063631595526433,22.635051682239272,13.447643425449115,20.653515878465747,1
1,39.82830987142844,39.6934618262042,16.280427149915262,28.317271724474978,15.150308125127712,11.51103814695346,1
1,39.72084672217899,39.516749049558115,13.294523928918535,25.406368805236127,14.826698379215005,14.314477916942863,1
1,42.18939982025301,42.11264451161127,10.003405573273833,20.91943604859048,15.773082804949823,21.26996377166253,1
1,42.353443789449926,42.37530372733055,23.72502306621291,20.587034083681623,6.386212838584826,21.766409705768304,1
1,39.62028196470075,39.54531170231898,22.658191168463937,21.836037210127273,6.5728054761450725,17.78424475457348,1
1,39.75375713777538,39.55875502707281,21.134383472304208,17.655621615898596,15.472595528263552,22.098135521876785,1
1,39.93368000848134,39.92391990791008,12.51721893469043,24.51001151123982,12.396945867895582,15.423668497241518,1
1,38.55221433565544,38.47630166170745,11.805453643149791,20.46229228656908,12.937688085145444,18.08992204908636,0
1,39.10575246957054,39.077716158088556,11.014071242085748,27.785480238930653,6.631042322572525,11.320272230639887,1
1,38.99461700322231,38.949213680793065,20.86043783159382,26.348289900867243,9.063765614055251,12.646327102355066,1
1,39.30186316536463,39.306738420308946,23.93211941031828,24.1576974613824,13.660251658625732,15.144165703982228,1
1,40.25490964639718,40.55629573328206,16.458037313695556,20.46303333974274,16.310182681328115,19.79187630665444,1
1,40.60447915229747,40.434808180199184,11.787110079940723,18.148977475102267,17.00380076617683,22.455501677195205,1
1,42.3156506406583,42.286861776307326,17.6858923109816,26.64227796158434,12.00503395002098,15.673372679073957,1
1,39.00213974703957,38.66163090812107,15.232478611879452,22.2961364848663,12.545690792858371,16.706003262173272,1
1,41.57961911801956,41.53302999541872,15.622373865249966,18.37125057266036,15.996595572827891,23.208368545359196,1
1,40.02181450250684,39.6565790461952,19.31995936233561,17.927619225600093,12.451495208968256,22.09419527690675,1
1,40.23569717745183,40.52015189145984,20.780771698933037,17.481013567520385,12.202302306447809,22.754683609931448,1
1,41.17726533981658,41.36674065645533,11.659053983097413,26.657417943083924,16.861008453131443,14.519847396732654,1
1,38.840461371969006,39.01252153776396,10.533853462097145,18.434807779504677,15.47919265267056,20.40565359246433,1
1,40.79713267003926,40.876802928376975,24.914954540285724,22.899633952877963,16.908870316335534,17.897498717161298,1
1,40.51638787067697,40.46581443668324,13.490925233733277,21.773195414595847,8.618964657373846,18.743192456081125,1
1,40.94018664321059,40.83044669209261,10.807457873626886,23.69416348842426,12.29250583986428,17.24602315478633,1
1,40.67591923708016,41.03474141195546,12.848129936438799,28.157323505567916,16.109665543120293,12.518595731512242,1
1,43.49189018188416,43.855870313190195,10.584367695226963,28.01621085122596,7.333773929605307,15.475679330658199,1
1,39.47093802047328,39.54587087138102,15.877163419257574,21.766141077372893,15.535945851527542,17.704796943100384,1
1,39.60970395849763,39.39815604991183,22.036026766769865,15.230493761020849,8.195680600978434,24.379210197476784,1
1,39.4899173156478,39.78882674331429,15.11866674636581,21.396657085714548,15.697425059823853,18.093260229933254,1
1,39.577879745091664,39.38725677550911,16.6627511031755,24.092903061362108,13.344011250682417,15.484976683729556,1
1,39.471396734501525,39.533068228908235,20.133801603511582,23.366471386470927,8.318831897818406,16.104925348030598,1
1,41.84572149043981,42.221839667303975,17.633411051048203,24.770041587003085,11.680250151993613,17.075679903436722,1
1,42.14665552238681,41.88151091210323,22.921685290319864,17.31113598709625,14.182861997529258,24.83551953529056,1
1,39.55802981812568,39.74241578814631,22.99053512568635,24.69802648171099,13.606234810602508,14.860003336414692,1
1,39.2179377549645,39.43808180575075,10.148660432367304,17.739774281156585,11.126966354780453,21.478163473807918,1
1,40.912840223302325,41.009937122316394,21.670694597247987,26.257859710451235,16.792398347051122,14.65498051285109,1
1,39.582110042434735,39.23930948640848,16.91100400362511,20.0863141989402,12.23116097385413,19.495795843494534,1
1,41.12281136308216,40.874812547994225,24.832608119554948,25.648431500721806,12.070407582344261,15.474379862360351,1
1,40.563799927106686,40.73425612813127,17.248481138131528,15.717983983591607,6.747007079297451,24.845815943515078,1
1,38.3295326505036,37.951056796929095,24.803439180824462,21.1179003838637,17.065444677571644,17.211632266639903,0
1,42.31175676172908,42.3753958573284,21.318540418086048,25.57551783394999,8.125398824140476,16.736238927779088,1
1,42.634640975024176,42.85277553804023,13.729073269199596,18.40305774497241,12.340136321238651,24.231583230051765,1
1,39.50337470237029,39.864565554624335,18.075924689304365,26.92930567195834,15.642811216803722,12.574069030411948,1
1,39.79598797208322,39.404306432027404,24.88203459217874,24.46169599657398,8.58543932346772,15.334291975509238,1
1,40.67162500794237,40.94949258734203,22.862959116278855,23.813426582246976,12.328479479650094,16.85819842569539,1
1,40.73479382698313,41.19757413749548,11.460503406868316,20.30323281306506,8.88821891068009,20.43156101391807,1
1,41.15610755447468,41.302105823554264,20.59557995214994,22.236772055716763,15.116339973598942,18.919335498757917,1
1,42.913265900396254,42.70831808388266,15.183693788062197,23.960239514667798,12.772094014477808,18.953026385728457,1
1,40.06996860425773,40.08330454633021,10.104733928205222,22.086931708723355,16.271710324741722,17.983036895534376,1
1,39.26221358210001,39.29620240112714,16.052214535404993,25.4746998591084,16.734696034528596,13.787513722991608,1
1,38.50688500358111,38.64795636802717,13.521316325874569,21.505453996604395,13.784801789344776,17.001431006976716,1
1,39.3497909480755,39.295727218190954,22.283039057807073,18.034097726130454,14.704694953907333,21.315693221945047,1
1,40.25693493526406,40.254327946063874,15.059959132686483,18.20900674201571,12.590641198642365,22.047928193248353,1
1,42.63292522257312,42.73930354773885,22.412855409307255,15.087056532644116,10.613144796808594,27.545868689929005,1
1,39.627105311252976,39.70388507413296,10.00896908252193,19.51436573338009,13.777415076250016,20.112739577872887,1
1,40.590924337130566,40.45012988314258,14.617287250391787,26.233764607177793,16.899463481847945,14.357159729952773,1
1,40.27865023510542,40.42470047493949,13.61747821461643,26.91244063256414,11.000164565177256,13.366209602541275,1
1,41.84491125548251,41.775703894948506,13.503510416029165,18.03701313143625,9.772920316485544,23.807898124046257,1
1,43.5850121536357,44.00491472037543,11.02279929648194,29.385659953071116,10.66124326263089,14.199352200564586,1
1,39.60987059520358,40.07971166478239,12.806864056157526,22.5360419022019,11.224771562539196,17.07382869300168,1
1,39.66372872472631,39.70996255011778,18.333243548284297,28.754681235277538,6.882732347732595,10.909047489448774,1
1,41.65740914018979,41.955188166176605,14.370416092566167,25.601479227924465,11.981302085219934,16.055929912265327,1
1,41.1864589365142,41.37330798923731,16.26092173493722,25.836501345336195,11.931770976600715,15.349957591178004,1
1,42.70071952345684,42.829794765443275,15.653003205207828,16.275654319591066,13.061325931686278,26.425065203865774,1
1,41.05910664092375,40.49360106477237,23.13857387499842,18.29986690345396,10.353840365655978,22.75923973746979,1
1,39.83292028197682,39.718942220004664,23.579484985157734,15.13222249941709,13.357291151467077,24.70069778255973,1
1,41.0678512799,40.93406468314279,17.3943545748379,25.741914607151063,16.538595723290435,15.325936672748934,1
1,41.74131465475778,41.53866740538858,14.952339254734067,20.16657432642765,17.465651885941973,21.57474032833013,1
1,41.36662683555657,40.94560169807084,11.602010560035454,26.799787741145202,13.003346593692596,14.566839094411371,1
1,40.959456240439486,40.97932765360756,24.301043190731427,20.084043299055395,6.511091447643757,20.87541294138409,1
1,41.6866770964659,41.66167994972414,10.903404173504462,27.290006284482914,17.630831967205307,14.396670811982986,1
1,41.820084267579375,41.5643162095502,14.464754163524207,16.960473806224694,14.470344730755075,24.85961046135468,1
1,42.09680668834879,41.9391952211891,14.470993017550063,17.600597351362623,10.031563782643826,24.49620933698617,1
1,41.143322853866536,41.499094815249926,14.806019292103223,20.113148093759047,7.76589241156468,21.03017476010749,1
1,40.08274649558809,39.77098151333413,12.46430264908614,21.127310833234098,7.721023346835299,18.95543566235399,1
1,40.49072779236332,40.658155662698846,21.74742146385546,20.230542162644674,8.012932873675233,20.26018562971865,1
1,41.86846165646086,41.728362356097215,11.837467929489838,26.454705487848297,6.546870259365844,15.413756168612561,1
1,39.23798362771659,39.1883658328848,19.523599887297443,16.45427088940072,16.825850263834937,22.783712738315867,1
0,38.69671415301124,38.43785395764338,11.857690400587263,20.268255294577322,12.489218793928035,18.42845885843392,0
0,38.06173569882882,38.07953120005815,11.05803456389435,27.558599992731892,14.399512952566047,10.503135706096927,0
0,38.8476885381007,39.03198435072854,23.641442555288148,16.00195615893258,15.93730211121969,22.84573237916812,1
0,39.723029856408026,39.84691877907944,12.851931494780585,29.13515261507036,15.498492075998403,10.587877241337665,1
0,37.96584662527667,38.10164197892736,22.318752318395564,29.794752634080194,16.591267484746098,8.171093991196475,0
0,37.96586304305082,37.94937181914099,18.169463066607037,16.3285226073762,17.60705547029942,21.637340435674616,0
0,39.77921281550739,40.285047297329314,11.167847794131545,19.369087833836055,11.268847376903274,20.410124981671338,1
0,38.96743472915291,39.59531192007576,24.33172287157101,20.586009990530343,17.404025600020688,18.38142473862257,1
0,37.73052561406505,37.70683303576167,13.704417504878387,26.64587052979089,14.679479380113797,11.08465508427416,0
0,38.74256004358597,38.20848878254599,22.894680180289097,23.938902181751008,6.848018283696941,14.80365786183496,0
0,37.73658230718754,37.882676115940896,12.532150086768462,24.66548550738851,14.181397454548145,13.07109679979903,0
0,37.73427024642975,37.64909882126178,22.809143232127795,26.36264734227759,14.240599915258183,11.371622904152161,0
0,38.441962271566034,38.66584252006756,10.19843219357941,16.769684991555387,16.870326765510328,21.672277280010647,1
0,36.286719755342205,36.46001486517077,17.67670684854221,27.498141853653934,10.475185589641104,8.78857790168827,0
0,36.47508216748697,36.57532562349838,21.54163869132335,25.584297062702163,13.018938003261814,10.890785104784804,0
0,37.63771247075903,37.77071899297644,24.02193276239175,23.660125877945553,6.146250612140911,13.977586592813473,0
0,37.18716887966558,37.473231759826035,23.638032043097304,28.34603002174585,9.984902906176032,8.841138857919727,0
0,38.51424733259528,38.07596323753394,22.294373043214673,25.50459530825711,6.746924713905371,13.009652024338173,0
0,37.29197592447879,36.97579600448428,23.322870244919564,18.02549943946538,12.262475673178763,19.26647648501341,0
0,36.78769629866471,36.80843055427092,12.988295287556149,21.446180716135,15.809371806083439,15.341515582529713,0
0,39.66564876892156,39.720714855967714,14.262764435675932,22.410643004036,8.477312305548828,17.255005764885556,1
0,37.974223699513466,37.79337388478995,14.334527873815878,15.828264401256085,12.329292546693342,22.14595929825738,0
0,38.26752820468793,38.3054434983968,15.655808965025482,29.319562700400837,8.448103638129204,8.94796550428709,0
0,36.77525181378655,37.04457072870438,15.89981005577783,16.92865891195318,7.448261614154886,19.846592901833368,0
0,37.65561727547482,38.13630464793279,18.168329869820134,25.461919008400905,12.131961503212109,12.193698267073913,0
0,38.31092258970987,38.379252275669096,12.39819645049662,22.5934655413632,6.949783451396732,15.717457048346667,0
0,37.0490064225777,36.85692413001387,20.36869995678984,15.384483748266339,13.048255573655872,21.664522674311357,0
0,38.57569801834568,38.70903030289628,12.513498089567598,28.871212137965426,6.376049528120715,9.704485880380258,1
0,37.5993613100812,37.59777958294173,14.654627231568213,27.777552132283997,7.280579662420506,9.821809177797203,0
0,37.90830625020673,38.11708904865154,17.550176959092312,22.863868918557532,12.599969825848294,15.044437331649195,0
0,37.5982933877706,37.652526919663266,21.946608422852158,18.43413504209168,13.096888954786966,19.164158345678924,0
0,40.05227818450894,40.54540525311839,21.09203849858091,16.824343360201414,6.3478431611250965,23.22793482430753,1
0,38.18650277526207,37.996392902468145,19.683015346157834,20.450887191481897,12.880521456018702,17.735615583780174,0
0,37.1422890710441,37.14934860627447,12.336598908702552,18.831424215691356,16.062030303883645,18.31086485535274,0
0,39.02254491210319,39.49919705587925,18.205680184233664,22.60036801509448,14.667794127527447,16.42217689700871,1
0,36.97915635002898,36.80403088446519,11.311697526998282,29.496139441851433,7.574221247049584,7.483016908177547,0
0,38.40886359500476,38.471005580812445,15.660447651949761,23.62430239844462,13.109695770763379,14.78456119656014,0
0,36.24032987612023,36.05320827329319,16.202747954349388,28.348965838351468,14.067030000890561,7.89136403776876,0
0,36.87181395110157,36.961894539500506,10.597171591686308,24.763182562436658,6.446774421027501,12.108631388664914,0
0,38.396861235869125,38.14297041680954,14.109821492049576,22.128697898808007,16.26417202420347,16.268163337061118,0
0,38.93846657999541,39.217447092472,24.33474200899734,27.819113441000567,16.875208767477964,11.119353138994846,1
0,38.37136828118997,38.403435826779244,24.304489117445343,22.070521652594962,16.205427280347102,16.30084662859501,0
0,38.08435171761176,37.77576461953876,15.28490581378809,28.029422557655415,15.895577615869358,10.054929159956345,0
0,37.89889630441071,38.04501078765091,10.646501634224862,19.37365154363648,14.93958238153072,18.525244760774232,0
0,36.72147800963258,36.92454243114844,12.686424089922724,16.93219610644482,13.601184375383522,19.789281903187756,0
0,37.48015579160529,37.69736226427644,15.883266901503102,27.829716965444074,14.143524059859022,9.650438826161217,0
0,37.73936122904021,37.38951018034488,24.216695469538447,23.811227456890002,15.676743520019796,13.928133772150211,0
0,39.25712222621892,39.533308912210124,12.117985953057774,28.3363859737344,13.949981500335655,10.920736252484517,1
0,38.543618289568464,38.847460735160915,21.452737655023185,29.06740810488575,9.932723480184851,9.476210184682714,1
0,36.43695984463727,36.27356459315543,11.63023809062038,15.804425855571738,10.511533225936248,20.632533989065536,0
0,38.5240839693948,38.09988368377693,24.718863660869154,22.514539527883024,16.764689620467507,16.00954444151178,0
0,37.81491771958369,37.73500425411106,15.724247486637026,20.624468236117938,6.205465029565943,17.190449483465752,0
0,37.523077999694046,37.744896992351585,21.62851808348584,24.387875956051758,14.385846974931384,13.135202043642288,0
0,38.81167628884087,39.12476905633572,15.138866242166976,26.90386795803485,17.457330629102586,11.90780833080602,1
0,39.23099952249596,39.04632917408308,19.41503315738213,19.208853239615536,14.474738039495683,20.02214628288042,1
0,39.1312801191162,38.773184193875224,12.880241271100552,23.351975765597572,17.926943858781385,15.779304353518626,1
0,37.360782476777366,37.21495257041141,12.190315289454439,25.63092869857349,14.25053886633997,11.729853778203875,0
0,37.89078762414879,37.663868270059716,24.07096209352197,17.016466242536012,6.412356350602333,20.87432138161278,0
0,38.531263431403566,38.622311971285846,23.7647091685665,27.211003589269005,15.924118579763082,11.320259842134561,1
0,39.17554512712236,39.207266848017646,23.312034103193234,24.0916439977946,9.41555894327183,15.083901129327764,1
0,37.72082576215471,37.60605550754636,19.381501752498902,29.243061556704777,11.352686707973291,8.477764205449933,0
0,38.014341023336186,38.439256529704316,22.12402316824417,20.0929337869604,9.745102990884984,17.921407236375785,0
0,37.09366502599397,37.04702248691954,11.035554053670623,16.62218913505798,9.222649274516154,20.47147589093599,0
0,37.00379337591933,37.03921985587557,15.021835628360186,22.59751801555388,11.176868444037424,14.406275360365449,0
0,39.0125258223942,38.44970270739487,14.705546871357344,16.287161575641584,10.545017381288085,22.72536424675262,0
0,39.556240028570826,39.00365681720112,19.5346798292892,29.542897849860104,13.600062982111073,10.013342178710722,1
0,38.12798987841967,37.79535780500913,15.339366602059608,15.580274373857874,15.757814411850127,22.547715504561793,0
0,39.203532897892025,39.06957953186712,12.227601724655212,26.302558516609622,9.565063838246889,12.900974381282403,1
0,38.56163602504764,38.71698771222293,18.947006131203153,22.87653597213366,8.56465383386421,15.685100052913981,1
0,37.55488024539488,36.91576552170021,22.21575881003622,20.529309787474332,14.002743250444107,17.025570457920544,0
0,38.561395605508416,39.03209894025896,15.731852416899597,15.987632467629819,14.04384078996938,22.573763137878597,1
0,39.73803656646597,39.78533996909917,11.984030726477226,24.332503862604117,16.813574871434064,15.405532703861855,1
0,38.16417396089005,38.60977356047309,12.950322959692347,23.77830494086433,6.19134823743973,14.385869020025716,1
0,39.76464365581401,39.52629400723189,13.56224957754076,19.213249096013996,16.236487945398117,20.551394559800016,1
0,35.58025489591026,35.770773395830766,14.498463894918043,28.65332552115468,12.252026075380282,6.926929374755577,0
0,39.02190250437523,39.04350679911886,19.641926057594638,19.56165011014255,13.455625070065185,19.460252394232675,1
0,38.287047068238174,38.36603295072895,19.014182268065785,21.74588115888159,7.096457286736977,16.541165909356582,0
0,37.90099264953413,37.814748505289764,20.441197923505587,23.156436838779836,11.191379194464549,14.744555810754296,0
0,38.291760776535504,38.527972174618846,15.437529767972698,16.503478172644293,8.727628886862286,21.78828260389121,1
0,36.21243108539911,36.38814059369437,22.359964778199675,28.982425788204488,9.05070036099011,7.230005297194623,0
0,37.98032811216249,37.77505566170588,13.061314917336404,20.618042286765615,12.04914137611233,17.362285825396874,0
0,38.55711257151175,38.49030649433508,17.03561121277231,16.211688208115156,15.749471404837347,22.345424363396596,0
0,39.67789404474152,39.25352505915896,22.014080823121454,20.80936760512995,14.925371161738273,18.86852643961157,1
0,37.681729781726354,37.867975694348885,12.702379715989288,24.00303820638871,13.091999509031446,13.678691575337645,0
0,37.39150639710682,37.87836167938144,11.647946706111744,22.70479007731994,12.473018313041605,14.686716319786875,0
0,37.69824295641546,37.456654963115525,23.255259515319846,25.41812961055911,11.12767251881388,12.280113345856353,0
0,39.11540211770208,39.23334192695185,15.14394494138794,15.83225913101866,17.672519682736635,23.283142986683423,1
0,38.52875110965969,38.78585512676735,20.25805187363548,19.268109154080843,12.7223106508108,19.260641955578844,1
0,37.67023979623296,37.741692330779195,10.380229063959078,27.288458652601534,9.047596779746666,10.381781143631429,0
0,38.71326743311336,38.750412757465035,20.350703326141744,16.198405316870414,8.761089504480475,22.514862116242945,1
0,38.297077549348046,38.23734168543649,14.741519673204557,27.832289320439365,13.336236369301702,10.46478822890868,0
0,39.16864499053289,39.148972468950745,10.836112803811627,16.378441381156595,12.273930327731145,22.790203609376295,1
0,37.49794690612265,37.479865494212994,19.147191423221756,27.516813223375443,6.092373635456553,9.981133682747206,0
0,37.87233785340224,37.97670539187056,13.612057241097599,20.4118260161809,15.960784466349352,17.460511837221343,0
0,37.80789184686785,37.52653491240913,15.8021086307782,24.183135948858236,14.449468250789216,13.62475589800961,0
0,36.73648505186789,36.781653546122236,11.208712184297704,17.293306734719973,13.941951476137241,19.443178317147915,0
0,38.49612027706458,38.87205975339298,12.20744876642418,15.992530825877713,6.825367892371908,22.503589451186862,1
0,38.46105527217989,38.43408741551759,14.469658532437656,18.239073060302026,10.344670202069898,20.221982211877865,0
0,38.20511345664247,37.76465754185096,11.346392508402356,16.917807268630433,17.224587128793434,21.28730618801204,0
0,37.96541286662485,37.92251129227844,23.66239397029473,19.686088465194477,16.351070896096367,18.279324401430376,0
0,36.78462925794959,36.69827401041868,10.090705647759677,22.715748697665305,9.4265152544344,14.068880560284285,0
0,37.77935467723464,37.6093488643722,17.25790328296467,23.83139195347514,7.8847066091896645,13.947962723759503,0
0,37.857285483473234,37.72521582711443,11.848711871988272,26.848021610696144,11.389055486022926,11.00926387277709,0
0,37.39772273077838,37.321251212810196,14.615186342169228,24.84359839872538,10.26996454401193,12.554124332053004,0
0,38.03871428833399,37.866949000984455,23.890893397273985,24.131374876943294,14.186716520471894,13.907339411390698,0
0,38.60405085681454,38.61058615670171,12.425418299109802,21.17673041228662,17.597217721011837,17.42732044452792,1
0,40.08618590121053,39.74314298780478,24.48748479577499,22.10712652440208,10.356017399790737,17.979059376808447,1
0,38.374577812831845,38.09025750047318,13.086915654841325,21.21781244085272,6.7466900718269045,17.156765371979127,0
0,38.457550390722766,38.55894007639263,21.123491627002444,27.63249045092075,16.771368100108624,10.825059939802017,1
0,38.12555408423383,37.61239994569419,18.200158973459676,18.450006788226,6.45539676287845,19.675547296007835,0
0,36.28122878470096,36.119313488214964,23.267180913951385,15.085813973129468,17.433190765839996,21.19541481157149,0
0,38.173486124550784,37.62184161233286,18.309898832546963,24.769798458393588,13.974953136108478,13.403687666157197,0
0,38.26023020994103,38.21570453796334,18.018388287344628,18.03693275458247,17.300270501303388,20.22329745535856,0
0,40.66324211248529,40.83318618364282,12.931870005525997,28.35172704464714,8.39591623978774,12.311515067838151,1
0,38.00763903521888,38.0169144404352,12.49344043077488,27.88569494559984,6.488397543045691,10.121944089619038,0
0,38.501547342333616,39.11079271536861,23.747337266732714,16.15091057892309,11.858519739317902,22.350636763410527,1
0,38.16528823029476,38.38723339135031,14.91757298275051,16.59582608121116,11.407480974841503,21.569462149083602,0
0,37.03132196238048,36.7005794089304,15.581233824443439,22.427573883699996,9.977907279058595,14.603748078680486,0
0,39.342822814515024,39.08689328046768,21.397354876425826,24.13833994154032,17.49187769266437,15.204482872974705,1
0,38.951933032686775,39.64701099950213,15.08235223634211,19.12362506223361,15.871004785937187,19.828307970453164,1
0,38.99103194704305,39.15398427399608,24.28093669958504,25.75196575049056,13.93898425650712,13.23906619655249,1
0,37.29061254520526,37.328610077489735,21.068916534982005,23.92374031378307,7.954299499653933,13.366872231422192,0
0,39.602794310936105,39.701021106830176,18.9614386386013,19.87236164622832,14.811880898622297,19.730432664707784,1
0,36.79814893720772,36.936955421434924,23.213427408171285,15.380572320634734,14.724149456396688,21.417576616572987,0
0,38.78685709380027,38.44998196624418,10.744088625242242,26.252254219477763,11.10081808339209,12.534602874322509,0
0,40.390455625809984,40.63422956010099,13.855940382838131,18.22130498737624,17.097430916568165,22.169150638433745,1
0,37.20946367486931,37.29986315078448,16.97554501331365,27.517106151939426,8.003734586748125,9.692357522929886,0
0,37.63370227039723,37.54956516879349,13.404678092072816,21.30435390081383,9.208050748939971,16.3293483695834,0
0,38.29965136508764,38.19075070688419,21.15857780953228,23.65616163947648,6.758692071007603,14.643489725611161,0
0,37.6965243458838,38.07524615235092,23.78812046580588,28.09423095613503,15.545411498131049,9.602293389748773,0
0,36.64933656893387,36.676365239889606,16.35655179896385,27.9543450137993,13.461112633144767,8.694991555134568,0
0,38.26856297480603,38.77541765097077,15.131989001678424,20.5727936286536,9.779283668174994,17.69576934615243,1
0,37.1376962862739,36.73493333287422,24.423260982063496,18.133333390722647,7.965763963131785,19.004362895551253,0
0,38.67359243063518,38.60698247067257,16.672786492413113,26.62719116592892,6.481773240344884,12.046401264706262,1
0,37.2805757657662,36.808030375567746,17.33572600673925,21.496203054031966,8.000946823511239,15.784372711734235,0
0,39.74993440501754,39.51695496077292,15.27474808512858,17.88062990338506,11.439415756051899,21.86930450163248,1
0,37.41674670766377,37.21146895892194,23.643227095182077,28.566380134757253,8.966123628127274,8.850366572906516,0
0,37.87793848379432,38.116227496691074,18.53433224922776,17.97156291361631,9.107786129183602,19.906375570178007,0
0,39.01351721736968,39.21690313981705,21.43261880772467,15.387107522868465,16.50691640001257,23.626409694501216,1
0,36.96913568356605,36.757566403147905,22.177100775263295,15.3041996065113,12.181652081533208,21.66493607705475,0
0,38.42745993460413,37.905322157225484,15.127735628758874,24.334730346813963,14.751023677540974,14.092729587790167,0
0,39.507142754282434,39.9405989927139,16.5054149698057,24.925125910762954,6.428531388337717,14.58201684351948,1
0,36.59251676543877,36.462674995393165,22.727076616093967,19.665625575854758,10.381960268136345,16.926891189584016,0
0,38.384633858532304,37.961598681290354,15.448830275137155,19.80016483870595,11.750032168745301,18.584469019826354,0
0,38.45988279424843,38.49926073019281,21.90902700177777,20.09240872589914,8.237002262522216,18.36747406834929,0
0,38.98182287177731,39.15838097438894,24.114884838616554,25.20237820138318,7.442298497346464,13.779444670394131,1
0,36.96304928912192,36.95302394507678,19.348155596020106,15.87200686540243,16.44364534199811,21.09104242371949,0
0,36.87954338691573,36.92850603767704,21.124409311778333,28.936745290369885,17.27317952519756,7.942798096545843,0
0,38.7219415656169,38.3332974746987,22.076459680617024,18.337815662661697,6.945680376544889,20.384125902955205,0
0,38.49698467323319,38.78003921537095,22.675594733449635,29.995098078631383,10.188224550509318,8.50188659460181,1
0,38.45049285034588,38.25941727674554,15.92580006785194,17.572840406807806,17.499427537733684,20.877652443538075,0
0,38.54644820949698,38.50741442512252,10.768951887639972,26.573196859685662,6.997940797589578,11.973251349811317,1
0,37.51997527842151,37.57319049460845,16.028144068551093,18.351188173944376,13.723696474544715,19.168787104477136,0
0,38.43225369716101,38.67029838380281,20.106343446761347,16.21270202464881,17.666656451604066,22.2195516725122,1
0,38.49307247329868,39.01500800107792,16.755255786711892,28.123999865259734,17.738684022976493,10.369072608038948,1
0,37.48564858197364,37.676949848897095,21.23444726290598,27.881268887863378,11.654679970844919,9.604379694110264,0
0,40.06577451114476,39.91157155290605,15.354736442029958,21.05355588674402,7.952989293388567,19.012218624400738,1
0,38.67383292091179,38.39571246289515,19.521162116560443,25.535942138106403,8.425011779729266,13.137890782805389,0
0,37.00869650279736,37.51315208807793,12.796297072809619,23.35598899025876,16.675216741492736,13.652707512538605,0
0,38.85655360863383,39.15764526635915,21.240541549674354,27.794341705106234,16.940196051956832,11.062211903527597,1
0,37.22531832977268,37.12219328368176,18.18543953219539,19.725839539779816,13.294555726482656,17.499478789992867,0
0,38.98708460374245,39.15715931200012,13.06096582819901,22.855085999984777,15.194116793638937,16.131998603757676,1
0,39.35859557900741,39.24175531545545,14.37866760246711,22.280585568068258,14.879175017644897,17.07801001093915,1
0,37.379317681648295,37.59753130084918,21.229130628727486,20.308587393852882,13.941859175869284,17.070730287795413,0
0,39.16337612924433,39.19302539225323,17.23901853492281,28.371825968345583,15.927323458463269,10.791550160898744,1
0,38.6127809269365,38.980094649040495,13.240471605896083,17.488168869938033,14.224879476483853,21.12461205699847,1
0,39.022060159994496,39.36205896325752,24.509067855554463,17.24262959281044,12.408027668969991,21.779430567184054,1
0,40.09679298265395,40.490770855761276,20.72687529725332,23.65364302984127,8.84347635105788,16.443149952812682,1
0,37.95461188399713,37.82110069240181,24.35702248809694,24.86241344977413,14.926657729423429,13.092198434223,0
0,37.44626383564251,37.55664568948105,16.406575680405147,17.919288814868477,11.681254414059293,19.526975020774035,0
0,37.31048557037448,37.133113906929445,17.126505110375806,20.86076163381936,9.537500208090112,16.44972393655512,0
0,37.384189715034566,37.50641233884255,23.469328242775287,29.198457644681156,15.623355308901305,8.18573207035341,0
0,38.1228982905859,38.450405909277116,17.87574010368077,18.69926134036011,14.360563204236339,19.42363695022579,0
0,38.54115197481665,39.13979671574591,20.609183678585005,25.02541053176091,17.2480747574964,13.515741443055738,1
0,38.47669079933002,38.67118207275629,13.78259316243295,26.102240905463862,7.985299680226532,12.37444989386616,1
0,39.02718324903603,39.24622455606418,16.700897030539608,21.721930491977393,13.790271415637918,17.305252757058636,1
0,38.21300189187791,38.00749688158885,11.851747987155326,29.062889801393744,8.930873617058111,9.150112090484164,0
0,39.65353407715732,39.77160119177375,13.089700538154425,26.049851028281857,16.842995823619702,13.60368304887546,1
0,37.935343166762046,37.88504905041669,10.014151229014466,21.868868697913467,7.193992971079388,16.06647446884858,0
0,40.92016916658962,41.07167977578687,10.588975774729903,23.54002802664141,13.873941677338527,17.380141139948215,1
0,38.82566734776501,38.99688638678899,24.65925734765394,25.38920165137651,15.493028658336359,13.436465696388503,1
0,37.34284244358372,37.2089371783485,13.635305427051435,23.88285270643827,10.259014084376487,13.459989737145449,0
0,37.12910750193889,37.11455628994087,19.94966064256003,28.180463757391138,17.44965695260571,8.948643744547752,0
0,38.68247241524319,38.61717336052635,22.586495481994174,20.353329934206016,16.20876821503245,18.329142481037174,1
0,37.97653721467415,37.884013711193305,18.259906888548464,19.498286100837074,9.53541959621884,18.47825111383708,0
0,38.91400049409209,38.974339333260566,12.297167501259343,18.207583342428965,6.090493112591984,20.70641715166313,1
0,38.673237624573545,38.835466043832255,20.921746560042497,15.566744520968927,9.55988611341673,23.10649310360462,1
0,38.12717108734313,38.154838324274394,19.003771151493744,15.64520946570083,9.37572564564891,22.4819616216423,0
0,37.3532062819316,36.975593376826886,20.968758840210626,28.05082789663924,16.67957529001091,9.302378385292357,0
0,36.68515277531414,36.71859282243129,21.54619934285631,25.17589719608861,17.60545413905697,11.509255579225528,0
0,37.75348504793298,37.760736110147626,24.631155515271175,24.90798623154729,6.845279831643124,12.845498816385692,0
0,39.05639879432348,38.926242861727815,18.60344920040065,24.21964228402329,11.6555379423998,14.836756510300187,1
0,38.414093744130206,38.81809370263671,15.124616690359026,27.738287170411574,12.579983982357549,10.675806573718631,1
0,36.954261221288014,36.28236796892013,19.72696835350356,22.204003884984413,7.114939935956439,14.750257336303601,0
0,38.37318092585119,38.515550700573,11.026610638639392,28.056162428374506,10.529972509650271,10.317018497476681,1
0,38.58531737972884,38.75686659685813,23.460959774823795,20.39167539273359,9.804989008715408,18.193641986995253,1
0,37.31614256379887,37.42879509947931,11.790715170072952,28.90061256508636,12.432676251925049,8.415529998712511,0
0,38.35372510594553,38.376161162390254,14.917642568287274,25.4798547012186,13.934290796783255,12.87387040472693,0
0,38.258208718446,38.40913874367707,22.236180709391814,18.85765704036641,14.441821325958799,19.40055167807959,0
0,37.05702970216938,37.292309809397366,18.959685674960678,23.46127382532938,7.64106028336065,13.595755876840002,0
0,38.557787360348286,38.356036332621414,15.904532804161631,22.995458422323836,15.755372423335457,15.56232893802445,0
0,38.76078452636824,38.863452141392365,17.10153489062532,17.06848232595501,14.142504357489107,21.69230220041323,1
0,39.28305124317528,39.32905085130992,22.818210898032703,23.86864358625921,16.668899000960636,15.414407656916069,1
0,39.25380205203491,38.842225725153966,15.100065790898382,19.72178435575437,11.392032713225209,19.532017696280537,1
0,36.82233063204291,37.033718147982846,23.04474527218257,15.785231502144036,16.726677152666298,21.037099129898877,0
0,37.26217496008488,37.02616126107522,11.322016464650373,29.229842365598472,16.389289468272906,8.032332594486405,0
0,38.71503526720866,38.523021155712286,21.651976558129462,24.622355535964317,11.260911988311236,14.092679731244345,1
0,38.71378595091221,38.6347697281755,22.713214495821045,28.153783978062705,10.573719783515743,10.560001972849506,1
0,38.71504768630605,38.45887327939841,12.727264792560081,25.140840075198795,17.193744179643083,13.574207611107255,0
0,42.05273149065472,42.37716195694319,16.455197985583006,20.354755382101693,14.581976814461251,21.69797610855303,1
0,38.77089051069317,38.638477431320545,12.482496619954834,22.690321084932172,17.13894415725691,16.080569425761,1
0,39.33556564018061,39.57891038875834,20.599061934913266,25.136201405207657,15.563697346749755,14.199364234972954,1
0,39.154001763493206,38.924769720975824,18.030216520924853,29.40378487802156,13.311569271496971,9.750216885471644,1
0,38.8513912513058,39.0295596649054,19.529850200624814,18.805041886825446,7.390233324045174,20.046349364480353,1
0,37.884730755359655,38.615002752965104,12.947304504343167,28.124655879361764,9.497768070949181,9.76007487599789,1
0,38.95896922049327,39.10911066336469,13.176187930786293,28.86116707941404,17.6261088851807,10.097802141079232,1
0,37.427174785462434,37.49955013824093,10.622459882648595,25.05623271988435,9.833065184570454,12.370942065578085,0
0,37.96318139326,38.10824800471184,14.831013027935946,28.968999411020068,7.119058437424449,8.994181982239933,0
0,37.7146364521709,37.31225456950271,18.396169920005125,20.968178812160527,14.490640271031838,16.746457640010373,0
0,38.281874139386325,38.46563805887514,22.869023709959933,29.29524264060664,14.80805105452421,8.986631498779683,0
0,40.51465856667351,40.69566605474009,20.00391171188021,25.541743157489623,9.425492643445809,14.972915409183887,1
0,36.33273480740826,36.174959307909745,16.53094485099627,15.630086511282178,9.572063752155644,20.70264829612608,0
0,38.886260190374514,38.61117526018171,24.296801715912068,28.60309247728579,11.626715826105407,10.283167713088723,1
0,36.58728412881035,36.72186326291602,20.788678008637476,22.26709213549789,6.261467397147067,14.320191993312463,0
0,37.72806813421057,37.404760761826665,23.95247804293825,21.904904771667493,15.471876124333964,15.823163362543074,0
0,39.28895059696737,39.77202400728245,17.913819599082487,23.496999089694512,9.805065447289508,15.791951507272856,1
0,38.264280019095466,38.30207385438745,13.883564121897095,17.240768201568418,16.245157224023732,21.023511817527048,0
0,37.1222552220707,36.84370007417191,10.79240029547083,22.03749072851098,15.631565059200405,15.084764493559717,0
0,37.48469629074003,37.36026473399387,20.891272772257757,27.466908250766185,13.936824397425397,10.017788039973848,0
0,38.87959774893468,38.8781421049035,11.819544970083012,15.23223688706273,9.898498405191464,23.64736086187195,1
0,37.469633368282864,38.20724994076108,14.541626924079509,19.09375740486557,12.195798739934041,18.375875963417293,0
0,38.41645858958198,38.259705449626736,17.98706361825846,15.036818796657663,11.337951091175508,23.379639792924316,0
0,38.24557183990382,38.11011464290202,18.466248816696215,21.235669637247724,10.06658263498409,17.009902202656093,0
0,37.54839965239419,37.45260213874075,19.008747954807042,25.924732657406018,16.17763547163814,11.62366699498817,0
0,40.343944089325326,40.50414738050625,12.49382995524551,26.981577436719427,11.802084894931983,13.3623666526059,1
0,38.833919022318014,38.70657722866476,15.696061072324731,29.177846416905098,15.992677173565758,9.656072605412916,1
0,36.1748574133424,35.886979446443505,19.2579134067545,24.127569194561797,7.262621689701891,12.047288218780604,0
0,38.38645431476943,38.22944477600165,24.54728296950677,18.819402999793432,7.692297463204029,19.567051314976,0
0,37.53821353523161,37.5291022461036,20.91446706549533,28.862219237050482,17.72784366135572,8.67599429818113,0
0,39.05243333479623,38.78696210953436,23.839056356409365,26.629736308205644,13.053221551273076,12.422697026590583,1
0,37.4074792615673,37.37106858203962,21.433180874712654,23.61642724504717,12.117236081988588,13.791052016520133,0
0,38.08526355853311,38.356523174113725,18.875754533386008,25.43460323578404,12.277872757729341,12.650660322749069,0
0,38.70498727898046,38.649082037399104,12.880350537045167,28.864745325111436,8.583225288394317,9.840241953869025,1
0,39.06575519417012,38.77451271658325,20.000284778387694,25.685910427093823,14.624447394023676,13.3798447670763,1
0,36.99970359294423,36.93579505908983,19.35069348939861,20.52561761377101,7.017367484757052,16.474085979173218,0
0,37.86549876415906,37.97443661572531,19.037037556858998,25.69542303433645,12.879884557236279,12.170075729822607,0
0,37.725054688839045,37.395166620471755,17.346788019823613,15.604172441030817,12.849225559030817,22.120882247808225,0
0,37.54667076742629,37.933630132580326,17.929849059839135,20.796233427458716,16.970261089602133,16.750437339967576,0
0,39.9654542402811,40.27124123617853,15.01663790677156,21.09484547768369,12.314193721258324,18.870608762597406,1
0,38.60498171096096,39.0399794118695,17.789690389634547,17.50257351631252,7.644752351690155,21.102408194648444,1
1,39.09979678005582,39.15722974233378,12.963338585177173,15.346282208276552,12.87303911097795,23.753514571779267,1
1,38.542810012698766,38.02399425160347,22.07761596040565,17.00071854956614,7.095931732383988,21.542091463132625,0
1,39.03136477112947,39.40144542050435,12.786654320480617,24.819322436955826,8.44552602359906,14.212042334173642,1
1,41.66973433559019,41.44372534203636,11.274494348341996,27.034332245455314,6.373303010248994,14.635402090134878,1
1,39.06578144451847,38.941415580872764,16.54369039535736,29.823052390904614,12.15952298951398,9.242729053613857,1
1,43.72209668428861,43.67843637962698,19.874611592590927,20.195452546627415,7.014391383522868,23.526644137661194,1
1,40.94131327114516,41.36807449332866,16.56575237400312,23.990688333916527,11.632732542375948,16.950624937228636,1
1,40.540286960803336,40.70754260398218,14.151311979269629,29.05717450222683,17.19534042388973,11.483112458576507,1
1,39.18413488576442,39.33995498623942,18.37256775835661,17.50562672007229,14.637136956231984,21.678508165692133,1
1,41.21040284323168,41.19388252963887,15.205035031182998,25.76468379514114,6.928940090703517,15.445719048090538,1
1,39.55167082589089,39.3894025520221,23.993015351899494,26.324680997237447,8.690517746506117,13.22698982865344,1
1,40.45861275903896,40.509322935695685,23.83967709405358,16.334633038040074,14.083949038721212,24.123979720998882,1
1,43.62810989974943,43.716650073778034,17.535577299581433,27.918740777745974,16.736422332290203,15.709369122003459,1
1,40.17512213035796,40.3624273943467,14.918259910273878,27.196575706662657,6.395023041167445,12.978546423695306,1
1,41.794055324171374,42.03599163921071,21.05698620934959,15.501045098661518,15.74941358064713,26.293010225509857,1
1,39.38587064733635,39.409069870214395,10.550694152245999,16.36626622320077,12.741766564059704,23.019604424135576,1
1,40.25451496235394,39.59410477273298,17.121535090654767,15.736903408377785,12.553095903556711,24.517611553976153,1
1,42.60204082632616,42.65983077618408,15.044850914055003,20.021152976990432,17.493758193040293,22.580887849335728,1
1,39.4849428248759,39.498885321118415,23.80803827653832,22.639334860198893,14.971735351161277,16.845607964677008,1
1,42.656183125396005,42.73611827264544,10.180045409090239,22.985215919319433,16.201426416673343,19.670967206076572,1
1,41.22007751609212,41.087879988827666,18.292223135775238,19.015001396541642,10.247946834536,22.205076119550476,1
1,39.56879319133745,39.21060837361277,21.10995371599939,28.673953298404115,12.652368489940919,10.894839892933334,1
1,41.12213006077217,41.15580846521537,17.275269812860618,20.5239418480787,13.384868129133249,20.598188212693472,1
1,41.56432078451475,41.51453398128416,11.281045452440825,15.683252339480287,9.85900728434958,25.88106844503446,1
1,41.10835295088236,41.20397274661504,24.586920850418533,19.503406673120796,12.842977499368795,21.604946277761567,1
1,38.2587078641424,38.016266869294704,17.770156470641467,22.966641338162333,8.839864553756566,15.292066525980069,0
1,39.35472167142767,39.81101338128941,19.21279366478517,21.12332733882348,7.720508052818875,18.23139433260419,1
1,39.97822577378304,40.22713889770809,13.54914674061261,19.107637786488887,10.48764311132799,20.87058798729415,1
1,40.20323654216994,40.44424121002828,17.25247127660206,16.969848746464763,14.871475544957244,23.233387795705177,1
1,41.10687372681588,41.141700259988454,16.43724237937483,27.287467501443444,16.99424577688665,13.819406225372433,1
1,40.531011301213226,40.7604625709451,11.123437630029755,29.94217863186288,11.49256861797879,10.588832669350346,1
1,38.56405233367686,38.62045494397713,11.592405303212008,19.94313200285823,13.71388425930518,18.62092033081863,1
1,40.79425720630775,40.83420547469881,22.562087794281616,20.724315662649058,7.236445571701205,20.06994154365869,1
1,41.09376146886897,41.38583549703877,13.597299283098854,24.270562870154357,16.853565102627947,16.82319859871461,1
1,41.02772758231035,41.37378702303174,12.92437407247946,25.77662212103312,12.823250562839213,15.251105461277227,1
1,41.705014943221,41.49295645582357,17.57367176875209,20.880443022053868,15.364058971501883,20.824571921167134,1
1,41.38409880091357,41.071408457962185,21.531206970437694,28.573942754727227,15.533294411056726,12.810156046186343,1
1,40.896934102996966,40.71279952129253,10.929197778684818,23.400059838433776,9.077766316417271,17.49687426456319,1
1,40.20878457510376,39.84595319083129,18.652118794573838,21.755851146088965,12.350093438182194,18.4529334290148,1
1,38.14075078642921,38.20239926962081,11.7881566426086,24.70009129739858,17.52575701873173,13.44065948903063,0
1,40.85850368487236,40.905663538210106,10.546915762384277,29.2920577237376,7.075614537849933,11.566445961134761,1
1,40.56999399331204,40.544653724669395,10.791159282433261,26.918284416325584,14.196598776354762,13.651709576986455,1
1,40.65305248835399,40.57519842433578,22.51246162312662,15.600196958026865,17.547168936422064,25.05285553032713,1
1,38.6402268514336,38.820122810711204,11.769587254420923,19.984648661099396,9.606925296648265,18.655578190334207,1
1,38.89462649746925,38.82353463780586,10.67727046618438,22.058170274268342,16.337375056852178,16.836456223200905,1
1,41.66909870933277,41.64225789133491,16.568498307143685,19.71776358313658,17.20389054489926,21.95133512619619,1
1,40.24857829998635,40.49597749270034,22.659902079130372,25.502813412456845,14.965034512737901,14.745764887529504,1
1,41.18595090658441,41.12084770201649,13.93612564733953,27.394037247938716,8.775939747683498,13.791913658645694,1
1,40.3368138889696,40.85223858857777,16.325689262888744,25.970176427779073,10.008008625919127,14.366637461190528,1
1,40.33868298134447,40.3612800055806,10.598837988456268,29.83999930242413,6.429711533012769,10.49868367892034,1
1,41.5197689477688,42.10729428225284,16.73617771202314,19.088214718395434,15.977438810944262,22.43155422937337,1
1,39.62914185331741,39.55500126059707,18.664196209557005,28.124842425366325,16.195334238132958,11.504299427951082,1
1,40.42495701002328,40.608005280179064,18.563605806282172,26.499339977617293,13.592523719594313,13.925617032405984,1
1,39.69904212468344,39.43653854909302,14.986400382615479,20.43268136337219,10.230334215166216,19.266360761311248,1
1,39.73515490433799,40.111905054761166,14.732997709947032,26.011868154854533,6.9217323316790464,13.723286749483457,1
1,39.89807623949076,39.66751088522981,11.599354284048967,16.561139346273706,15.036691318978914,23.336936893217057,1
1,40.58877390312382,40.62527998211913,15.501974809694026,26.840002235108287,14.718314323319074,13.748771668015536,1
1,39.67762679183748,39.37612032768955,11.49242003309447,22.98495903880654,16.95123026086681,16.692667753030943,1
1,41.932482963245576,42.204925179274895,21.498939170680774,19.384352590638798,14.766384252064347,22.548130372606778,1
1,39.137010507114645,39.0613067237859,24.49411446622279,24.836659526762702,15.944339306928022,14.300350980351944,1
1,40.05706686259023,40.48300560015427,24.551116850000604,24.624299980716135,14.951455414847995,15.432766881874098,1
1,39.72834962424357,39.43486165327365,22.976066490630906,18.142293340793994,13.568246259747797,21.586056283449576,1
1,42.18107124965985,41.69635231022262,19.011882240094288,15.455961222172892,11.12359673029211,26.72511002748696,1
1,40.55552120946504,40.8279652895718,20.5129854586582,21.50433880352511,16.825407703707334,19.051182405939933,1
1,41.641397901309226,41.45165857567867,14.278087040206211,23.54267804016632,13.811622862889639,18.098719861142907,1
1,38.36877151505193,38.45480736659553,19.461556302589308,28.149079175558974,10.780263863590909,10.219692339492958,0
1,40.64716534563004,40.608613984522286,16.83474324159816,28.923251934713917,7.001631542183487,11.723913410916126,1
1,41.45652003431047,41.096543373821184,17.230260096653986,22.932078272351497,9.488458270852586,18.524441761958975,1
1,40.40696918605805,40.44954358194777,21.36664840562737,26.307052256528173,12.524720817961978,14.099916929529876,1
1,41.68512448758496,41.967283607320645,14.228775333958776,21.589549084919952,9.307624440194335,20.095575402665006,1
1,39.62752501486951,39.770470141211256,14.770594175417799,26.191232348593395,8.654824175014825,13.436292666276117,1
1,42.13215167224125,42.255423817007305,23.86962686692955,18.072022874087505,12.328722169054167,24.060128798153745,1
1,43.28856756070502,43.63547223182358,10.843364422764584,20.56597102205297,8.037844150748814,22.72259653865205,1
1,39.82830987142844,39.54389264014237,17.284514476200105,24.513419982204223,15.60492075990124,15.314889889224215,1
1,39.72084672217899,39.65782104412715,23.692012006117928,15.272369484106182,11.812417816111896,24.448477238072808,1
1,42.18939982025301,42.37330464275933,19.155445117272357,25.83691965508431,12.886353287551803,16.3524801651687,1
1,42.353443789449926,42.27973573984782,18.196106113181983,27.533032519022502,7.7685992111681825,14.820411270427424,1
1,39.62028196470075,39.432103000668725,13.746162688440329,20.98712491640927,9.894916027552409,18.63315704829148,1
1,39.75375713777538,39.38624690993874,15.149132335966724,21.719136257657464,10.921076199133836,18.034620880117917,1
1,39.93368000848134,39.37784613453401,22.780726237070393,27.769233183247962,15.698553966198036,12.164446825233377,1
1,38.55221433565544,38.74692144376088,18.388271976526873,26.6348195298905,15.24191427703383,11.917394805764943,1
1,39.10575246957054,39.245422061316,17.7211329063517,19.322242335500626,8.675729697452176,19.783510134069914,1
1,38.99461700322231,39.20112286721262,11.493695703100434,19.859641598423085,13.394148979284093,19.134975404799224,1
1,39.30186316536463,39.358534612113125,10.240422346826847,25.18317348585895,8.921476293263972,14.118689679505678,1
1,40.25490964639718,40.09241622890622,24.455277830305736,23.44797138672242,17.858965868282944,16.806938259674762,1
1,40.60447915229747,40.68053245146842,15.654792509302624,17.433443566447455,17.42548653757045,23.171035585850017,1
1,42.3156506406583,42.5428084108925,19.048195931492565,19.648948638437496,12.759176646247447,22.666702002220802,1
1,39.00213974703957,38.79200200677456,11.195726097809274,28.499749153179813,14.386830862729715,10.502390593859758,1
1,41.57961911801956,41.81741906759333,20.246714285845698,25.32261655083395,15.61716458650374,16.25700256718561,1
1,40.02181450250684,39.861683081877736,23.988500630589414,29.789614765282792,14.651981040538846,10.23219973722405,1
1,40.23569717745183,40.08795849640231,18.634978794961295,26.50518794971154,14.39794429298905,13.730509227740292,1
1,41.17726533981658,41.22696306814277,11.891729835631159,29.129616482153853,17.502648095394335,12.047648857662725,1
1,38.840461371969006,39.23405737113554,18.725822912102153,18.24282860805713,13.1574732756874,20.597632763911875,1
1,40.79713267003926,40.98742181502197,21.495208196569784,26.572273122253886,13.635632061828668,14.224859547785375,1
1,40.51638787067697,40.997573897582264,16.096248048610278,15.303262802216961,16.191225005258175,25.21312506846001,1
1,40.94018664321059,40.55950879739462,23.197566219122017,25.06140032567301,14.03869041430088,15.878786317537578,1
1,40.67591923708016,40.60368612662557,19.730244300360468,22.03923417180362,14.79519146421027,18.636685065276538,1
1,43.49189018188416,43.598388791369594,23.488733774338037,20.20140107880103,8.810024234359709,23.29048910308313,1
1,39.47093802047328,39.65651147772483,19.352579668710057,27.936065284396335,10.45520308938085,11.534872736076942,1
1,39.60970395849763,39.43748787688109,11.969319580072364,27.81401538986296,7.767616148542716,11.795688568634674,1
1,39.4899173156478,39.957323795412165,14.645375666577838,15.334525573479654,12.069185308017666,24.15539174216815,1
1,39.577879745091664,39.44685938530607,13.026924223786853,24.142576836741465,11.468728808162956,15.435302908350199,1
1,39.471396734501525,39.23586013308149,23.632397465752934,20.517483364814346,17.965953771353483,18.95391336968718,1
1,41.84572149043981,41.810120679819946,21.40600100931224,21.234915022506737,13.33450383378651,20.61080646793307,1
1,42.14665552238681,42.08015511129375,20.14597553365009,27.48061108828164,15.43733787833308,14.666044434105167,1
1,39.55802981812568,40.26281922741668,14.514494794474325,19.647596572915173,10.008176049091851,19.91043324521051,1
1,39.2179377549645,39.466834142723485,12.760671580753202,29.145732159564304,15.978543976113558,10.072205595400199,1
1,40.912840223302325,40.93844394083534,21.346766319833677,17.69450739558211,13.381019597852202,23.218332827720214,1
1,39.582110042434735,39.56047330919582,17.112369188186193,24.940836350522666,14.363907979181262,14.641273691912069,1
1,41.12281136308216,41.399347391958344,13.386843282259438,25.081576005206472,9.533169335393453,16.041235357875685,1
1,40.563799927106686,40.84973658062865,19.249329672479128,18.782927421418773,12.583660700346925,21.780872505687913,1
1,38.3295326505036,37.66102992692394,10.605007782076779,19.87125913450803,13.608443680963305,18.45827351599557,0
1,42.31175676172908,42.45982418089041,14.892553811923802,27.521977388699106,13.069136109798972,14.789779373029972,1
1,42.634640975024176,42.668583369405404,17.02835491886702,26.427078824324287,16.982324537094797,16.20756215069989,1
1,39.50337470237029,39.12050849436223,12.219375011641088,19.936438204721394,16.779271973910642,19.566936497648893,1
1,39.79598797208322,40.115925214367806,24.769817163862594,23.009348204024008,17.651808694522447,16.78663976805921,1
1,40.67162500794237,41.23259836444963,13.136460468844213,15.925204443796432,14.009136072083873,24.746420564145936,1
1,40.73479382698313,40.974950494112164,11.955296950648982,18.131188235979437,17.662969561508216,22.603605591003692,1
1,41.15610755447468,41.401701532936755,13.053023108303446,22.287308382905987,15.989736000382907,18.868799171568693,1
1,42.913265900396254,43.329683151766496,21.535916997395866,16.289606029188175,9.249985684079512,26.62365987120808,1
1,40.06996860425773,39.798800117412966,16.38258488907764,27.649985323379063,11.129228034615565,12.419983280878668,1
1,39.26221358210001,38.953839254787084,18.48123909628807,25.770093151614716,8.860709306268117,13.492120430485294,1
1,38.50688500358111,38.706763959522185,10.31513735479541,29.15450505972742,6.050365929966782,9.352379943853691,1
1,39.3497909480755,39.356783971284315,10.516469628599719,25.402003589460406,8.256585037762903,13.947787358615095,1
1,40.25693493526406,40.08715183532854,16.687383247405243,29.106020583932782,6.048727035442508,11.15091435133128,1
1,42.63292522257312,42.573458493317084,22.249828648024355,23.317688335364476,14.63806153620588,19.315236887208645,1
1,39.627105311252976,39.98797376667257,23.27858318061348,24.00327916592954,11.106411572654395,15.623826145323434,1
1,40.590924337130566,40.54276347344484,11.300598513934602,29.654565819393913,9.7508967249343,10.936358517736654,1
1,40.27865023510542,40.14294450237629,18.07544653151534,24.631937202963904,15.140650693142256,15.646713032141513,1
1,41.84491125548251,41.75630561173671,23.698445294189057,15.4617985329112,15.98984129543574,26.38311272257131,1
1,43.5850121536357,43.65314366680434,15.819591315968296,25.857041649457848,17.70359446379856,17.727970504177854,1
1,39.60987059520358,39.25134375694351,22.443487471425527,28.582030382061234,13.704163016102894,11.027840213142348,1
1,39.66372872472631,39.58453037002468,12.005434815991542,26.9337037469149,11.53834750248062,12.73002497781141,1
1,41.65740914018979,41.32994000728495,24.03091734501698,23.75749908938134,9.66317161928923,17.89991005080845,1
1,41.1864589365142,41.419443578428776,21.27134976296954,25.069552696402745,8.667818510570715,16.116906240111454,1
1,42.70071952345684,42.2211769852898,24.120015891803526,29.852876838775074,8.555111405791214,12.847842684681765,1
1,41.05910664092375,41.369120549378884,20.149258503287598,16.359931327640076,10.910272496637585,24.699175313283675,1
1,39.83292028197682,39.79993062056401,15.451058979991405,25.008672429498592,17.901436263455157,14.824247852478226,1
1,41.0678512799,40.98599227665153,24.072717587870837,19.250965418558906,6.01024436924884,21.816885861341092,1
1,41.74131465475778,41.763189152409666,14.133501644637677,24.601355948792552,8.366470766772009,17.139958705965228,1
1,41.36662683555657,41.147085170893924,14.982587830925988,24.114353638259082,8.260715788842885,17.25227319729749,1
1,40.959456240439486,40.92158518014702,20.512126270026105,17.301852481622433,14.605433826387507,23.657603758817054,1
1,41.6866770964659,41.49519040251118,21.479744492880794,18.101199686103588,10.229816731176742,23.585477410362312,1
1,41.820084267579375,41.705404450634816,23.941052257737308,24.3244436706482,11.487129655101848,17.495640596931175,1
1,42.09680668834879,42.18461240632355,13.072036135843142,16.923449209556612,7.78348956563886,25.17335747879218,1
1,41.143322853866536,40.808178294984366,21.969970528288357,18.977713126954843,10.859964466523373,22.165609726911693,1
1,40.08274649558809,39.89977053427144,21.078190800954452,27.528683216070036,7.238397742870033,12.554063279518054,1
1,40.49072779236332,40.4407490192798,10.956918343803968,19.90637259002458,12.396519454662997,20.58435520233874,1
1,41.86846165646086,41.84143278124764,15.808347118153105,22.320902344044946,7.175260384594271,19.547559312415913,1
1,39.23798362771659,39.3270631597825,14.24148185590148,29.117105027187606,15.486100574077875,10.120878600528982,1
0,38.69671415301124,38.79274210933957,14.567356365310456,18.407236332554195,12.799220610485873,20.289477820457048,1
0,38.06173569882882,38.01324487791704,24.744203193320512,20.844390260370155,14.687614485282204,17.217345438458665,0
0,38.8476885381007,39.00722506693477,19.641661202198918,24.096866633153184,11.022196639832206,14.750821904947514,1
0,39.723029856408026,39.80935932845952,20.765142366902495,26.330083942559583,10.577895518906727,13.392945913848443,1
0,37.96584662527667,37.43180159359448,24.64926455972514,28.524800800690578,7.178506668586364,9.44104582458609,0
0,37.96586304305082,37.49014324149118,15.658026736864581,28.73209481360273,12.286267284513873,9.233768229448089,0
0,39.77921281550739,40.12680319107528,22.027602526792087,26.649601115589345,12.174025978285105,13.129611699918048,1
0,38.96743472915291,38.93260029960881,16.51796444956743,18.424962548899657,11.617224533395264,20.542472180253256,1
0,37.73052561406505,37.8770228803949,23.0430050772247,15.372139950638488,14.88622037618939,22.358385663426564,0
0,38.74256004358597,38.613947128357324,12.709863119669548,20.756608955334357,15.990052800388254,17.98595108825161,1
0,37.73658230718754,37.62301413788146,24.215292655964195,17.12323276481735,15.009476099382098,20.61334954237019,0
0,37.73427024642975,37.594753482307404,13.281575626163196,25.65581471157447,7.7263889136821255,12.07845553485528,0
0,38.441962271566034,39.02066432958092,14.893307604713973,24.91695880238575,13.464714111385296,13.525003469180284,1
0,36.286719755342205,36.234723403005425,21.342883511601705,15.659574624321822,6.9638772682744,20.627145131020384,0
0,36.47508216748697,36.399608746504285,15.9063271234811,27.548906686964266,14.335467449285717,8.926175480522701,0
0,37.63771247075903,37.23015080804506,19.1231706514967,18.731148994367736,10.582069158733521,18.90656347639129,0
0,37.18716887966558,37.748132750941075,16.668602516041428,21.483406132365634,7.589987475195439,15.703762747299944,0
0,38.51424733259528,38.57984795174531,21.135549056346726,25.019006031836135,16.344610283713536,13.495241300759147,1
0,37.29197592447879,37.44846974557773,13.424968785529163,21.4412818027838,13.368100068467248,15.850694121694993,0
0,36.78769629866471,36.947045463664004,10.876869808553154,21.619317041999153,10.25669961537033,15.16837925666556,0
0,39.66564876892156,39.55212464055971,14.498940962095993,15.984419930036106,6.368726155805994,23.681228838885453,1
0,37.974223699513466,38.0718267740888,17.114629973026453,21.021653238900058,12.447723108043327,16.95257046061341,0
0,38.26752820468793,38.24821825281361,12.520300782890178,26.472718398299754,17.07871054183479,11.794809806388173,0
0,36.77525181378655,36.57017883953761,15.32195934484583,28.727645057798966,13.15655799242839,8.04760675598758,0
0,37.65561727547482,38.0103803435524,15.999745274403528,21.202457055950575,17.65980725543392,16.453160219524243,0
0,38.31092258970987,38.329169700774514,10.860877655324103,21.353787403186182,7.637413419245503,16.957135186523686,0
0,37.0490064225777,37.315684747241164,18.749608722763067,25.539406594854782,12.819661255138042,11.509599827722916,0
0,38.57569801834568,38.76686735986737,23.265151419569314,29.141580016579148,15.577500576077153,9.434118001766535,1
0,37.5993613100812,37.66795268717128,12.276143694295786,19.005914103590403,12.306488773508594,18.593447206490797,0
0,37.90830625020673,37.587182695215446,18.96712020102271,21.602163098069052,7.0927962718496715,16.306143152137675,0
0,37.5982933877706,37.524483210773724,19.971088073662692,26.939598653284516,12.994632018566612,10.658694734486087,0
0,40.05227818450894,40.10683677167511,16.290020206289327,24.14540354061058,13.34085487010966,15.906874643898362,1
0,38.18650277526207,37.98672963872433,20.51646381046405,16.65879515945932,14.74451098170423,21.52770761580275,0
0,37.1422890710441,37.16467207173253,16.16097315236518,24.415991033433986,15.134538181985686,12.72629803761011,0
0,39.02254491210319,39.177590445848324,17.569559319661522,17.801194268959904,15.249272258527286,21.22135064314329,1
0,36.97915635002898,37.3587740879106,10.110295668316404,22.653239011176062,13.961332723667592,14.325917338852918,0
0,38.40886359500476,38.31650760788075,20.375801712020333,22.936549014906575,8.589734237023897,15.472314580098185,0
0,36.24032987612023,36.394855596533006,19.92014018417087,28.143050433374775,10.850829070073752,8.097279442745453,0
0,36.87181395110157,37.024500687118504,10.576013159895169,21.937414110186573,15.313559671372783,14.934399840914999,0
0,38.396861235869125,38.666466909331696,15.523751610926997,19.191636333538412,17.44112380080976,19.205224902330713,1
0,38.93846657999541,38.75228403821408,24.68547761187501,18.464495223240473,6.9473635780394645,20.47397135675494,1
0,38.37136828118997,38.735089774797885,16.31104843852925,28.11377815026504,12.426440133566338,10.257590130924932,1
0,38.08435171761176,38.27947869746981,17.529181076977626,17.565162816273425,9.750267255891677,20.519188901338335,0
0,37.89889630441071,38.08889577269402,23.648952372395776,21.388028413247156,8.704726731801957,16.510867891163556,0
0,36.72147800963258,37.09753922620877,20.758928137986345,17.807596723904204,12.06972820223658,18.913881285728372,0
0,37.48015579160529,37.587203515186275,18.731051966863355,26.59956060171563,13.273072086678441,10.880595189889661,0
0,37.73936122904021,37.56307528320304,21.96707022011609,22.115589599619284,6.117266777033775,15.62377162942093,0
0,39.25712222621892,39.277862757133185,22.965493996839598,20.26715535835218,15.36247886641429,18.989966867866737,1
0,38.543618289568464,38.23666804312482,16.853321076059004,20.416494609397002,15.838585575113372,18.12712368017146,0
0,36.43695984463727,36.657734295193244,17.12662547397753,27.78321310084469,17.586129894815194,8.653746743792581,0
0,38.5240839693948,38.35354712548467,15.790764034777537,23.30660931441657,8.167724798696339,15.217474654978233,0
0,37.81491771958369,37.85385585786425,24.500592100276908,25.768017766968953,13.134630748331375,12.046899952614737,0
0,37.523077999694046,37.732355378049924,20.457493814355256,28.455577743760266,11.119504481716735,9.06750025593378,0
0,38.81167628884087,38.83179099887512,11.248345993121085,28.52612514060963,10.017934218664209,10.285551148231242,1
0,39.23099952249596,39.120578913479456,22.944394349695276,19.927635815067948,12.787601417250055,19.30336370742801,1
0,39.1312801191162,39.18570584842243,17.208399112544022,29.28676894719578,15.388597118682604,9.844511171920416,1
0,37.360782476777366,36.85701489415825,11.031308596337311,15.373138230219082,6.276633401342521,21.987644246558283,0
0,37.89078762414879,37.93477973267806,18.245758827449666,20.652533415242484,17.63280135079424,17.23825420890631,0
0,38.531263431403566,37.93250413709894,16.25746418463553,28.436982862632625,15.718579028468529,10.094280568770941,0
0,39.17554512712236,38.84704357442197,23.16624107293937,19.119553197254746,15.01384444374694,20.055991929867616,1
0,37.72082576215471,37.90723022596144,13.05991905414081,19.096221754819776,15.124648586166042,18.624604007334934,0
0,38.014341023336186,38.12368532579017,22.396969142382744,19.53933427622833,10.668728515423831,18.475006747107855,0
0,37.09366502599397,36.84652239381837,18.36533036778179,24.184700772703835,15.019446610137765,12.908964253290137,0
0,37.00379337591933,37.207400066926276,10.819154548202036,21.57499163421531,10.641242503235492,15.42880174170402,0
0,39.0125258223942,38.7327918196376,24.57767951988227,25.901022545300137,16.784481954897515,13.111503277094066,1
0,39.556240028570826,39.61261072289224,17.689228661548,28.423659638469985,8.126668599677636,11.132580390100841,1
0,38.12798987841967,38.879096075006856,14.363152813473738,25.11299062414291,9.508169090581818,13.01499925427676,1
0,39.203532897892025,39.675463993576294,17.04110262983887,18.067000802963634,12.616050512388913,21.13653209492839,1
0,38.56163602504764,38.52807817171674,22.867866752762335,28.99022853540753,9.83053243064727,9.571407489640109,1
0,37.55488024539488,37.6282608551983,14.573546865775953,18.967393100212178,11.09084694354328,18.5874871451827,0
0,38.561395605508416,38.38201268456062,12.890145947300505,17.24841442992237,11.909072272783137,21.312981175586046,0
0,39.73803656646597,39.52920392653669,11.936068703963223,16.349509182914414,16.276240185762106,23.38852738355156,1
0,38.16417396089005,38.29239395112006,14.46789097585317,23.450756109992483,12.278307043304313,14.713417850897564,0
0,39.76464365581401,39.70634850450232,21.700721305600652,16.706436937209777,10.349518183374727,23.058206718604236,1
0,35.58025489591026,35.843346893906485,17.074395477928924,17.081638261689463,8.972833968421389,18.498616634220795,0
0,39.02190250437523,39.383996342328544,13.4122240554031,19.50045720893245,10.904111745506366,19.521445295442778,1
0,38.287047068238174,38.44620163883786,12.492774994146238,19.22479514526696,12.188833252972438,19.062251922971214,0
0,37.90099264953413,37.767491258760145,14.990942147655687,24.063592654982134,14.953378286438836,13.837399994551998,0
0,38.291760776535504,37.841990566463274,24.09886559328563,27.251179192090223,7.452585314068064,11.040581584445281,0
0,36.21243108539911,36.42863804125566,15.145400688850366,26.420244843043385,8.65931025886981,9.792186242355726,0
0,37.98032811216249,37.56850186543402,24.82186113931953,18.93726682074715,10.55584819042408,19.043061291415338,0
0,38.55711257151175,38.55056274024168,17.278456836480345,18.6796574697897,10.324780861434174,19.877455101722052,1
0,39.67789404474152,39.88410501638717,12.687458774352264,29.486872951604514,10.70097705126254,10.191021093137007,1
0,37.681729781726354,37.819011651008964,23.36710137690264,15.123543623879401,15.522255175683895,22.558186157846954,0
0,37.39150639710682,37.374433536032775,16.905330597022402,28.195807995903237,9.889852835546078,9.195698401203579,0
0,37.69824295641546,37.53603257770531,20.645070152567868,17.995927786836074,12.022778164831976,19.70231516957939,0
0,39.11540211770208,39.00632588122922,24.755673748137276,29.209264846346517,13.486884394294758,9.906137271355565,1
0,38.52875110965969,38.258923125820694,10.75263025479961,20.134609272412796,8.786142602203261,18.39414183724689,0
0,37.67023979623296,37.54715778713281,11.450418396813507,21.605276608398785,14.624344645770467,16.064963187834177,0
0,38.71326743311336,38.39514552632667,20.806851121941342,25.606809209165714,12.565335836859372,13.106458223947644,0
0,38.297077549348046,38.389479713823214,14.22737504943208,23.815035772098906,11.361373956376536,14.48204177724914,0
0,39.16864499053289,39.26184728043518,12.764520954251486,19.769089945602342,15.717408320859766,19.399555044930548,1
0,37.49794690612265,37.65354029009586,10.590428197295942,23.307463738017354,8.921943110222184,14.190483168105295,0
0,37.87233785340224,37.572315173876454,10.327700679793027,25.960603265443293,16.59811164737188,11.91173458795895,0
0,37.80789184686785,37.4949198064917,21.61728404679686,15.63502418853738,12.732584824400444,22.172867658330468,0
0,36.73648505186789,36.618656083369316,12.016501410543249,15.167989578835561,13.310098552555898,21.56849547303233,0
0,38.49612027706458,38.48503196731125,17.01580923956726,21.87100408609337,16.500707570027313,16.625116190971205,0
0,38.46105527217989,38.34417960586358,19.088452227692244,16.977549267052712,15.810992254192032,21.48350600512718,0
0,38.20511345664247,38.12027868502424,16.425277008532696,24.965164371970715,13.218744825862803,13.239949084671757,0
0,37.96541286662485,38.354313705252714,10.406599785043497,18.210786843411512,15.03825244617809,19.75462602321334,0
0,36.78462925794959,36.868057867184525,21.75252253881863,21.492766601935063,11.199833882794762,15.291862656014526,0
0,37.77935467723464,38.316279487575095,10.157698368124802,17.965064053114034,12.568533041996956,19.81429062412061,0
0,37.857285483473234,38.274181969710106,21.42834841566226,23.227253786236865,6.744841640502134,14.630031697236369,0
0,37.39772273077838,37.86607358487385,23.39956740682184,16.740801890768534,7.0782950160005615,20.65692084000985,0
0,38.03871428833399,37.8572271776655,16.492598815857583,15.346602791812204,15.953104850235984,22.69211149652179,0
0,38.60405085681454,38.7938642034272,18.033137096466973,15.766974571600457,6.71605986818996,22.83707628521408,1
0,40.08618590121053,40.04548898701816,17.154750889264808,29.313876622729648,8.032789507591287,10.77230927848088,1
0,38.374577812831845,37.92292565376668,15.838129279351582,17.134293279164037,15.549991907405298,21.240284533667808,0
0,38.457550390722766,38.79498260962358,23.311368030555403,25.627173797052528,6.0137514075390754,12.830376593670238,1
0,38.12555408423383,38.05184885549326,23.409002660049858,16.018893063342393,9.388851946150371,22.10666102089144,0
0,36.28122878470096,35.94702075773178,15.037245469623018,16.622405283527733,13.008463893919462,19.658823501173224,0
0,38.173486124550784,38.03893484983088,19.226046310220468,22.63314377114002,13.145399177631559,15.540342353410765,0
0,38.26023020994103,38.10421548838148,23.90361343218796,21.973063952315155,15.325834898753683,16.287166257625874,0
0,40.66324211248529,40.42581036286722,24.430877484120273,29.273704641598044,12.071115053906045,11.389537470887248,1
0,38.00763903521888,37.98661974563751,17.634385606330714,29.17253179531106,12.112822434371644,8.83510723990782,0
0,38.501547342333616,38.92644696289491,16.7923720792649,26.694129638136978,14.703726906488406,11.807417704196638,1
0,38.16528823029476,38.02774778038472,14.180414738927887,24.031527451910247,11.983493559195402,14.133760778384516,0
0,37.03132196238048,37.36540476191284,24.38307809785615,21.824404760895163,13.301893038763403,15.206917201485318,0
0,39.342822814515024,39.577258575880585,12.14221456709301,20.342678014926314,16.77328881906061,19.00014479958871,1
0,38.951933032686775,39.16634949436293,18.697443640715875,29.206313204633332,10.817412091348464,9.745619828053442,1
0,38.99103194704305,39.107650942629036,14.238254012779583,24.043632171370284,10.621500851030667,14.947399775672764,1
0,37.29061254520526,37.35051129667768,14.18512435521695,23.686087915289917,6.042587902377256,13.604524629915346,0
0,39.602794310936105,39.85217186538773,16.074528810642825,18.478516826533724,13.361115138254783,21.12427748440238,1
0,36.79814893720772,37.034396261853786,24.981894037234817,15.700467268276697,6.357262888885584,21.097681668931024,0
0,38.78685709380027,38.446577370428855,10.824494602597332,29.177828696393163,12.049781876739795,9.609028397407108,0
0,40.390455625809984,40.50235176893864,18.678127273052972,19.70602888266981,15.65080546838672,20.684426743140175,1
0,37.20946367486931,37.30688931720106,11.238582370529159,21.63883534986688,12.599052846235956,15.570628325002431,0
0,37.63370227039723,37.56624320676971,12.317812449857785,16.7195991537856,9.235633982600111,20.914103116611628,0
0,38.29965136508764,38.359569080410886,16.593444126593482,27.55386494863938,15.434021057392455,10.745786416448261,0
0,37.6965243458838,37.49668418005729,17.65690197019662,15.414477492838959,9.236604048990467,22.282046853044843,0
0,36.64933656893387,36.259921108548106,13.88188612546786,27.50986143148645,14.796381371350785,9.13947513744742,0
0,38.26856297480603,37.92316579846544,14.746856963116244,17.104275191819504,13.323101462282775,21.164287782986527,0
0,37.1376962862739,36.69361230648426,11.304505303838996,28.29846168946728,8.039955560976015,8.83923459680662,0
0,38.67359243063518,38.972427283519664,14.548296757663758,25.946589560042362,16.86160649813023,12.72700287059282,1
0,37.2805757657662,36.56023956849912,24.498376590708162,17.470053937609578,8.407724195486349,19.810521828156624,0
0,39.74993440501754,39.67210184085687,24.170610725087226,23.487269892892023,17.875044889688038,16.262664512125518,1
0,37.41674670766377,37.32248124227738,15.023174352054774,19.68984471532829,6.087725863859289,17.726901992335478,0
0,37.87793848379432,37.87861202813061,18.562809044181424,17.673496483673752,9.161800525714836,20.204442000120565,0
0,39.01351721736968,38.63689813607067,23.643930866664164,27.887732991166626,8.398323567290387,11.125784226203056,1
0,36.96913568356605,37.09157726801914,10.092757339613451,21.05284149760844,6.1679209220455515,15.91629418595761,0
0,38.42745993460413,38.072174754276155,22.16025355506388,20.97815571548074,14.788414801767786,17.44930421912339,0
0,39.507142754282434,39.81961359902321,24.225543291833787,17.5483001220993,14.321109625195156,21.958842632183135,1
0,36.59251676543877,36.3940321188697,11.369886015003356,20.74598514128668,15.508211572259166,15.846531624152092,0
0,38.384633858532304,38.55540597844053,12.421715290493815,28.074252694932753,9.080382557574783,10.310381163599551,1
0,38.45988279424843,38.41642455474125,24.41119454157033,20.446930657344538,11.33202200499564,18.01295213690389,0
0,38.98182287177731,39.02580757250003,18.063102154605197,29.27405343749682,13.90936225945857,9.70776943428049,1
0,36.96304928912192,36.946442932094996,10.212949517075856,29.19463348812581,11.277222046657723,7.7684158009961095,0
0,36.87954338691573,36.822612160883125,13.864479981452938,17.173479889610192,14.367909243814989,19.706063497305536,0
0,38.7219415656169,38.91872264957728,16.749155114032895,17.659668802839672,13.607680901285306,21.06227276277723,1
0,38.49698467323319,38.59647911156018,20.393633665371517,27.94011105497834,7.375773636266118,10.556873618254855,1
0,38.45049285034588,38.212868689729035,20.997405672051993,20.89141378387079,15.372517452923617,17.559079066475093,0
0,38.54644820949698,38.559475122126045,24.931322693881842,15.06560973424514,14.648116309110218,23.48083847525184,1
0,37.51997527842151,37.92713538163536,14.312667990756385,19.108077295580564,13.870012651408864,18.411897982840948,0
0,38.43225369716101,38.54828452081653,18.07330152802713,23.9644348979334,7.861123275252028,14.467818799227608,1
0,38.49307247329868,38.824088084084806,17.999853217894074,26.988989489399522,9.215957385544364,11.50408298389916,1
0,37.48564858197364,37.42399336594881,16.084678891708563,17.000829256398895,10.718124379051204,20.484819325574747,0
0,40.06577451114476,39.80673503626999,12.537428407636302,16.65812046625103,9.359155459877321,23.40765404489373,1
0,38.67383292091179,38.56934888157132,24.661848447757638,28.831389803584976,8.733723488113577,9.842443117326816,1
0,37.00869650279736,37.06986219586129,22.79975779999879,26.26722551733874,15.664292041941309,10.741470985458623,0
0,38.85655360863383,39.14922644790663,17.474995424413557,23.846694011671175,13.658786956322428,15.009859596962656,1
0,37.22531832977268,37.86769758520049,19.048681340260448,26.537801849938923,12.785665578603004,10.68751647983376,0
0,38.98708460374245,39.28853747664321,13.408915803394935,21.432815419599578,8.711432530239046,17.554269184142875,1
0,39.35859557900741,39.0689853103229,18.156806055876203,26.3768362096369,17.016918747223695,12.981759369370508,1
0,37.379317681648295,37.215383641047055,20.42455199682214,20.577044869118037,8.294196469167796,16.80227281253026,0
0,39.16337612924433,39.61070865130089,17.72750542579883,18.661418587389036,15.539411193896125,20.50195754185529,1
0,38.6127809269365,38.49251838944484,24.85427755877412,25.93520131939453,17.600072000463516,12.677579607541972,0
0,39.022060159994496,39.18963932494113,19.170124843715893,21.295084382359025,14.725112750690833,17.72697577763547,1
0,40.09679298265395,39.98223474748086,15.564605688882535,29.720656564892924,17.914305302215556,10.376136417761028,1
0,37.95461188399713,38.39806177812303,21.582280414237573,20.242277734621517,13.81261340373536,17.712334149375614,0
0,37.44626383564251,37.629392709536276,12.556937673724631,28.82591130796599,8.60952412324674,8.620352527676523,0
0,37.31048557037448,37.08804449417195,15.767737205593999,28.99443822850619,8.445833924598135,8.316047341868291,0
0,37.384189715034566,37.25097764635223,15.204384255663788,18.627794205971192,9.894771411065715,18.756395509063374,0
0,38.1228982905859,38.30421345820944,16.477106426616658,26.9733177238202,6.085560242652073,11.1495805667657,0
0,38.54115197481665,38.62803105938265,21.726697388930894,21.496117577168476,14.180381640994014,17.045034397648173,1
0,38.47669079933002,38.66989703273236,17.26259548245111,28.76287090845522,9.224013415533932,9.713819890874802,1
0,39.02718324903603,39.265985087283774,21.91021675398944,21.75186408952858,15.782198787513034,17.275319159507447,1
0,38.21300189187791,38.09068355391952,18.647333547097986,26.16455576006049,10.310071806711603,12.048446131817418,0
0,39.65353407715732,39.503963910900346,15.13104151986333,22.004511137456966,11.759477921559753,17.64902293970035,1
0,37.935343166762046,37.89266390931446,22.149681155252086,18.41701133569284,17.588266998724432,19.518331831069204,0
0,40.92016916658962,40.77607798452664,13.574345058296373,17.990251934170296,8.906065476567324,22.929917232419328,1
0,38.82566734776501,38.828948256689245,13.365744696996932,21.381467913845185,14.655049169156875,17.444199433919827,1
0,37.34284244358372,37.369340641158296,17.567543860822536,26.332419855213224,15.061413471665006,11.010422588370496,0
0,37.12910750193889,37.04739142177831,13.912738689431334,24.076072277711503,8.651977890283622,13.053035224227386,0
0,38.68247241524319,38.837364485211936,10.136305524268245,25.32943934850815,12.011962039346347,13.35303306673504,1
0,37.97653721467415,37.94612083791216,19.72446290948202,19.234895260979137,10.20242310375562,18.741641953695016,0
0,38.91400049409209,38.68222775848509,17.66640732208597,22.22153018936408,15.262874920801071,16.692470304728012,1
0,38.673237624573545,38.65467256820368,16.68276721739742,15.665928974539906,13.46979982834845,23.00730865003364,1
0,38.12717108734313,38.24189611008503,24.50452771927473,27.26298623937181,11.711796658326564,10.86418484797132,0
0,37.3532062819316,37.32121294053121,18.567987759443703,29.84838243359812,15.35235918057262,7.50482384833348,0
0,36.68515277531414,36.95117451248504,22.95147366684077,21.103185939370064,8.821866840101004,15.581966835944073,0
0,37.75348504793298,37.89868436162421,12.091753543077402,15.16445479697315,15.043462567012309,22.589030250959834,0
0,39.05639879432348,39.31962488325389,18.538096946941415,17.54688959326421,16.38449174511389,21.509509201059267,1
0,38.414093744130206,38.481696774669956,23.019694400963544,24.787903166256285,16.54345916169087,13.62619057787392,0
0,36.954261221288014,36.68655048181554,18.74658635919847,24.181189773057888,15.404083116235245,12.773071448230127,0
0,38.37318092585119,38.18545623364974,20.77021267190502,26.81797079378316,10.896170003979226,11.555210132068026,0
0,38.58531737972884,38.34953391868468,15.58065351718311,18.808260164416023,17.781696272613924,19.77705721531282,0
0,37.31614256379887,37.888364170134345,11.386742755556,26.45447873320701,10.55512372586928,10.861663830591858,0
0,38.35372510594553,38.79744191741716,16.86850442690607,25.319760322855046,13.663504789229108,13.033964783090482,1
0,38.258208718446,38.30126226027434,15.917190862582864,19.842217465707648,7.932890136833624,18.41599125273835,0
0,37.05702970216938,37.39454142223317,23.00590273568421,23.18232222085443,17.765386783636714,13.87470748131495,0
0,38.557787360348286,38.542327142980206,13.659929535287084,17.2091071274749,14.44783106237596,21.348680232873384,1
0,38.76078452636824,38.88569225958773,24.50101341302662,21.78846755153374,15.04053054295642,16.972316974834502,1
0,39.28305124317528,38.774256319253325,24.37207179706744,28.217960093334614,6.789320440933736,11.065091149840665,1
0,39.25380205203491,39.24945703442095,13.71447464607158,21.31787069738086,15.161013770648061,17.935931354654045,1
0,36.82233063204291,36.59925199522295,15.220779332159807,27.59350059713133,15.296681150647217,9.228830034911581,0
0,37.26217496008488,37.48916959616884,23.433336113108275,23.853800478895415,14.061272716346759,13.408374481189462,0
0,38.71503526720866,38.67697479442772,24.49933331344161,17.87815069653535,9.502915365484125,20.836884570673313,1
0,38.71378595091221,39.21026725063626,16.65158654254066,23.71659367046845,11.876280505930579,14.997192280443763,1
0,38.71504768630605,38.959282000501155,14.814955684613468,22.589749937355954,7.325212455704598,16.125297748950096,1
0,42.05273149065472,42.27216303977644,17.89141019877313,20.97962002794576,11.659044797509832,21.07311146270896,1
0,38.77089051069317,38.66564434725807,20.316538095486024,16.794456592741057,8.925886231204858,21.976433917952114,1
0,39.33556564018061,39.82999496033833,14.102117730624697,21.250629957708448,10.189163837928984,18.084935682472164,1
0,39.154001763493206,39.051268514851245,21.04709761928609,16.09143564359441,7.951204900844383,23.062566119898797,1
0,38.8513912513058,38.88814771383215,10.774860356719616,16.481535770981267,8.760652412962765,22.36985548032453,1
0,37.884730755359655,37.85009001604807,10.739417391466247,21.238747993990742,6.918823701841395,16.645982761368913,0
0,38.95896922049327,38.88335422216379,15.794315577183179,19.580722229526955,17.038816397243057,19.378246990966318,1
0,37.427174785462434,37.408934680896536,15.302097880910809,28.883164887933354,12.36492825570484,8.54400989752908,0
0,37.96318139326,37.41491530335437,14.734498230507285,20.635587080704056,10.760903655152877,17.327594312555945,0
0,37.7146364521709,37.36905702535135,17.36529644003365,26.3678718310815,12.420350553225408,11.346764621089399,0
0,38.281874139386325,38.276370296836056,14.81100373467357,22.95371289549364,13.539518741778632,15.328161243892684,0
0,40.51465856667351,40.89550971976292,12.883868777021378,25.56128502963503,17.062545520432188,14.95337353703848,1
0,36.33273480740826,36.56878608203815,14.642043236329013,18.901739745230987,8.14431542743576,17.43099506217727,0
0,38.886260190374514,38.8069714032594,24.623564092153522,29.128574592574935,9.546629983622612,9.75768559779958,1
0,36.58728412881035,36.276389380370276,16.166701254922728,22.95132745371636,17.709472036129377,13.635956675093993,0
0,37.72806813421057,38.02024111144577,16.670691652875036,27.469861069278743,10.454315839782293,10.258207064931824,0
0,39.28895059696737,39.21619451678286,18.6481748492671,20.475685402141703,6.270739809087932,18.813265194825664,1
0,38.264280019095466,38.30797463811394,24.7501115262134,16.503170235757867,7.771721911645906,21.7611097833376,0
0,37.1222552220707,37.2191546022735,13.624019146536446,25.105674715812732,6.316064420982624,12.016580506257966,0
0,37.48469629074003,37.519068842199516,20.219231657986505,15.116394725061367,17.87907770904874,22.368301565678664,0
0,38.87959774893468,38.94296484281214,20.73977040312586,22.129394648482624,9.346450187894677,16.750203100452055,1
0,37.469633368282864,37.59686377168002,19.109866251895987,17.89202853999689,17.082513083234712,19.577604828285974,0
0,38.41645858958198,38.36471493946775,11.328675094549661,24.41063256653043,17.95063530911659,14.005826023051547,0
0,38.24557183990382,38.16246961522346,20.153084137413646,29.691298097067783,13.198094653717371,8.554273742836035,0
0,37.54839965239419,37.24427165124152,10.961420665542633,21.96604359480969,6.398355780786741,15.582356057584498,0
0,40.343944089325326,39.64190020921692,18.942139743248454,27.262473847884998,6.979099564643123,13.081470241440329,1
0,38.833919022318014,38.79906589756587,21.093717658326142,22.616762804266816,11.779068661294533,16.217156218051198,1
0,36.1748574133424,36.72049919626752,13.164548359299257,22.43760046656036,10.874064154937832,13.73725694678204,0
0,38.38645431476943,38.50834918081854,22.62433011314161,28.95635239768167,13.274127669381212,9.430101917087761,1
0,37.53821353523161,37.6732040957504,10.455307082995065,28.349488031200224,11.266173716536368,9.188725504031389,0
0,39.05243333479623,38.82570394417745,22.657192954874592,26.787006977819615,17.208922191257813,12.265426356976612,1
0,37.4074792615673,37.764449309601986,16.904935759641475,19.443836299751762,12.416876584962132,17.96364296181554,0
0,38.08526355853311,38.01459899011313,13.263819098974668,23.17512623585911,14.324712737549307,14.910137322673997,0
0,38.70498727898046,39.093132332003314,12.00667217490952,18.358458499585275,16.75782327170996,20.346528779395186,1
0,39.06575519417012,38.72672999623442,24.299607513735587,21.658750470698095,7.762462509998489,17.407004723472028,1
0,36.99970359294423,36.74189443210882,11.08998381371735,22.26319598639686,8.756815849422342,14.73650760654737,0
0,37.86549876415906,37.700203195179675,12.986401299038885,27.474600602539965,7.287823925688181,10.390898161619091,0
0,37.725054688839045,37.392476596161,15.21733521149569,28.440425479874897,7.675660790758947,9.284629208964148,0
0,37.54667076742629,37.35024559251242,19.30352273441681,21.219300935947167,12.151007603210797,16.327369831479125,0
0,39.9654542402811,40.11787546659121,18.172016279141474,15.265566676098558,9.854151107609567,24.69988756418254,1
0,38.60498171096096,38.55658713922527,11.88465238618471,27.92660759684032,11.078074074321059,10.678374114120643,1
1,39.09979678005582,38.15908655857984,14.345919756073219,17.61418017752041,17.78987798152874,21.48561660253541,0
1,38.542810012698766,38.685374164333155,13.581276566290361,24.328229458355903,7.880452173551378,14.214580554342863,1
1,39.03136477112947,38.577003491947906,13.20314281735512,15.374563506511969,12.489744849576907,23.6568012646175,1
1,41.66973433559019,41.912059222968736,16.167165047199806,20.992597128908464,7.1864538606438115,20.677137206681728,1
1,39.06578144451847,39.06168476374616,20.560471788874853,29.78940453173025,9.821955759166544,9.276376912788223,1
1,43.72209668428861,44.307916767867546,13.261793983258539,16.510404016557047,12.330311084095182,27.211692667731562,1
1,40.94131327114516,41.189156821760044,15.500183195544722,21.355397279994634,17.359580951584054,19.58591599115053,1
1,40.540286960803336,40.423142005977205,15.863761402617435,19.607249252849282,10.694738655401796,20.933037707954053,1
1,39.18413488576442,38.91138942519341,24.646847941531153,28.576321850823966,6.778880354576038,10.607813034940456,1
1,41.21040284323168,41.615679187051114,24.319995353186034,28.04010161861033,10.657937375523803,13.170301224621348,1
1,39.55167082589089,39.11147614876325,22.00206374128114,18.565481404593434,7.748894110487733,20.986189421297453,1
1,40.45861275903896,40.63025746555395,13.624883812287777,16.217816805756467,8.759875359497343,24.24079595328249,1
1,43.62810989974943,43.564743392712664,11.020559711375045,24.407075910916763,13.417087477979885,19.22103398883267,1
1,40.17512213035796,40.07963575457395,14.753562065809371,20.045530678255645,6.80908639444418,20.129591452102318,1
1,41.794055324171374,42.019349873127275,14.001918241507463,25.081265859090948,11.576685075000448,16.712789465080427,1
1,39.38587064733635,39.41614562927187,17.588887002195907,15.481796341017217,13.313539032129173,23.90407430631913,1
1,40.25451496235394,40.4239920917787,21.665918651016895,17.00098852766234,11.062300708409962,23.253526434691597,1
1,42.60204082632616,42.67763533206728,22.87484408318287,25.29558349158965,6.229516207484764,17.30645733473651,1
1,39.4849428248759,39.5745155213637,22.672961281157626,18.185559829537468,17.826232282834383,21.299382995338433,1
1,42.656183125396005,42.71708947890851,15.395133418346017,27.863815136436024,10.405389208086424,14.792367988959981,1
1,41.22007751609212,41.19296909347479,20.308515151910242,15.878863315652032,15.342926243199203,25.341214200440085,1
1,39.56879319133745,39.51414216206573,14.6925129628633,18.23222974178362,9.907757906249438,21.33656344955383,1
1,41.12213006077217,40.92017277018179,10.91358314852774,29.97840372727603,11.700201083921026,11.14372633349614,1
1,41.56432078451475,41.50803086768959,20.523478984044132,21.49614153880189,10.661563711331958,20.06817924571286,1
1,41.10835295088236,41.015644120374645,10.147413288546817,25.54448495316965,10.110470754115292,15.563867997712713,1
1,38.2587078641424,38.37808043413716,16.137738811877327,17.739945732855205,6.262216526493345,20.518762131287197,0
1,39.35472167142767,39.206815751801734,14.940689039531136,24.148031024783066,10.320251254254043,15.206690646644603,1
1,39.97822577378304,40.31286727179567,20.400663077782788,25.891591025541278,16.67387988479436,14.08663474824176,1
1,40.20323654216994,40.02226280369602,21.493682091405685,19.717149537997656,14.284720063124205,20.486087004172283,1
1,41.10687372681588,41.2405323465629,14.561419539569258,27.43345667963817,7.745074309145278,13.673417047177708,1
1,40.531011301213226,40.52758989058333,22.174405216672803,24.05126367708425,13.09386005547287,16.479747624128976,1
1,38.56405233367686,38.5533052388462,14.408751407574005,20.836845144225453,16.706770319386457,17.72720718945141,1
1,40.79425720630775,40.87308291279882,16.69489539979842,23.364635900147377,14.400408491578265,17.42962130616037,1
1,41.09376146886897,41.370788698307685,20.90527790521201,23.651412711538864,7.784212708280361,17.442348757330105,1
1,41.02772758231035,40.96013576487673,20.393803438371826,17.483029390407992,16.41398996081396,23.544698191902356,1
1,41.705014943221,41.81167211561596,24.810527084683002,21.040985548004493,9.618528159466385,20.66402939521651,1
1,41.38409880091357,41.25878832943766,13.377415363238978,20.151458820292397,11.448913731748101,21.232639980621173,1
1,40.896934102996966,41.33189167329051,19.934768703093738,21.013540838686893,12.313713116269756,19.883393264310072,1
1,40.20878457510376,40.16866672938177,19.14522862413666,26.41665882727887,16.206079252538345,13.792125747824894,1
1,38.14075078642921,37.582095391104,23.72647681735045,22.23807611200009,17.179289941771934,15.902674674429118,0
1,40.85850368487236,41.14716206161129,12.345432124673126,29.104742298588967,17.155834533486672,11.753761386283394,1
1,40.56999399331204,40.624758830396985,21.276972453803992,19.405146200376542,6.095450175342488,21.164847792935497,1
1,40.65305248835399,40.71011557060581,18.524029244031524,21.235553674273934,17.062661827025487,19.41749881408006,1
1,38.6402268514336,38.465565182742516,14.11998804681858,26.80435215718562,6.652643592018868,11.835874694247984,0
1,38.89462649746925,39.454477048801515,17.11652371220761,23.190368899811254,9.189283881809224,15.704257597657993,1
1,41.66909870933277,41.714356622429065,15.006648956046966,23.205422196366715,12.179854256733995,18.463676512966057,1
1,40.24857829998635,40.413599180439384,18.689701041826915,15.800102445077753,11.759108268052728,24.448475854908594,1
1,41.18595090658441,41.212168040473784,23.33500916221999,20.978994940776836,13.256517526648704,20.206955965807573,1
1,40.3368138889696,40.40751195210939,18.53957476618303,19.061005986325988,11.75335474484407,21.275807902643614,1
1,40.33868298134447,40.54007978526026,19.47583627489876,29.99002684246673,17.21250815568505,10.34865613887774,1
1,41.5197689477688,41.38299739152413,17.781217706720643,19.625326059484653,8.886586178575044,21.89444288828415,1
1,39.62914185331741,39.17386041582474,10.76748259668214,28.267448021907953,9.28829632846183,11.361693831409454,1
1,40.42495701002328,40.69885195179514,13.492878353141414,25.14350602560716,17.048855228316675,15.281450984416118,1
1,39.69904212468344,39.839090030896955,17.380025941481243,20.113746137881357,6.920874164943075,19.58529598680208,1
1,39.73515490433799,39.754775874595104,14.653529256170572,23.153015675611854,13.314729862857718,16.582139228726135,1
1,39.89807623949076,40.0991356944061,12.726453966417914,27.608038199237907,14.180831424787328,12.290038040252856,1
1,40.58877390312382,40.45399580423629,17.561992628776576,28.250524470463677,12.066500681156874,12.338249432660145,1
1,39.67762679183748,39.620752734999265,14.842146901717754,17.40590812509218,14.330782545877646,22.271718666745304,1
1,41.932482963245576,41.87925122305502,13.87161464760122,20.093597118122545,8.073055752143604,21.83888584512303,1
1,39.137010507114645,39.03977321837437,16.959781261605713,20.028347703203575,16.23158679325848,19.10866280391107,1
1,40.05706686259023,40.23495462447089,11.999263871232596,15.63067194113917,7.680308273638627,24.426394921451063,1
1,39.72834962424357,39.42821146881777,23.91618599613111,23.97356639777845,10.809749331788996,15.754783226465122,1
1,42.18107124965985,42.797421593640934,23.015531468788588,27.82230079488282,6.90309121569847,14.35877045477703,1
1,40.55552120946504,40.79421107346094,20.61430878610803,20.723615817382765,12.542532945808802,19.831905392082277,1
1,41.641397901309226,41.2111956866019,11.593207413826843,26.100539174762655,14.03694968910767,15.54085872654657,1
1,38.36877151505193,38.40467595036791,21.638158817045394,24.4155062040111,17.294659621143488,13.953265311040834,0
1,40.64716534563004,40.614922151740835,22.119359921635287,20.634731032395013,14.87203435075201,20.01243431323503,1
1,41.45652003431047,41.54307282406093,21.516469265715067,17.115896992384457,12.493234997449813,24.340623041926015,1
1,40.40696918605805,40.17488113766688,11.709488306788618,25.63985779163951,17.191404206044005,14.767111394418539,1
1,41.68512448758496,41.677452179727055,19.658619356016473,27.818477534118607,11.741242056490519,13.86664695346635,1
1,39.62752501486951,39.637697460911824,22.51487193624098,25.28781738602238,12.734467837186433,14.339707628847133,1
1,42.13215167224125,42.07785458191582,18.660301018295016,15.268177260522272,13.15318233204115,26.863974411718978,1
1,43.28856756070502,43.09405205267308,19.696110628421337,18.24349341586487,10.919756710638802,25.04507414484015,1
1,39.82830987142844,40.05166240181398,16.875452191394594,16.042199773252978,16.06179228678989,23.78611009817546,1
1,39.72084672217899,39.25155366805085,17.93060979826079,23.5557914936434,8.22211126614071,16.16505522853559,1
1,42.18939982025301,42.40922267853915,10.515652875275878,26.347165182606187,12.658106284459295,15.842234637646822,1
1,42.353443789449926,42.40673049755176,19.58444532959927,16.658687806029892,14.666799074246327,25.694755983420034,1
1,39.62028196470075,39.6393994615288,11.221708193367387,27.575067308900778,16.847714062518925,12.045214655799974,1
1,39.75375713777538,39.75333892259254,16.525218915103352,23.332634675932248,16.60702075721134,16.421122461843133,1
1,39.93368000848134,40.21720371854299,14.389826465011117,25.349535182125873,12.104883473161703,14.584144826355466,1
1,38.55221433565544,38.463431778166964,18.181419253175697,29.571027729129693,13.717937413960101,8.98118660652575,0
1,39.10575246957054,38.989958281410274,12.001245032848107,16.25521482371546,10.730852833551612,22.85053764585508,1
1,38.99461700322231,38.871853117242665,20.374651029599775,28.51836034466684,11.618133154562404,10.47625665855547,1
1,39.30186316536463,39.544867676481516,21.925173053927054,16.891540439811138,16.875189510876595,22.410322725553492,1
1,40.25490964639718,40.6328449432036,12.450316746147347,20.894382099550235,17.16844791830969,19.360527546846946,1
1,40.60447915229747,40.057827356440264,11.564696310278233,27.771580444966716,16.744968696804236,12.832898707330756,1
1,42.3156506406583,42.61124949159146,12.182732241810388,28.593813551068024,7.660450341763658,13.721837089590274,1
1,39.00213974703957,39.27923539917459,23.156913428477527,22.59557510317718,16.201008255967636,16.406564643862392,1
1,41.57961911801956,42.00870744340695,17.922838926345342,23.911569574131377,17.380364772257764,17.66804954388818,1
1,40.02181450250684,40.175022319848175,17.00891494011254,25.622210018978357,10.334996334883256,14.399604483528485,1
1,40.23569717745183,40.24006895978568,11.600677286535314,27.491380026790715,12.22375547306003,12.744317150661118,1
1,41.17726533981658,41.60541865965548,19.743340101354427,16.82266754306499,15.34914306975595,24.354597796751587,1
1,38.840461371969006,39.042791683012496,23.019993878426348,27.151039623438415,12.744937650787785,11.689421748530592,1
1,40.79713267003926,41.44224686193861,22.422788039851795,22.21914225767425,17.921802260474994,18.57799041236501,1
1,40.51638787067697,40.76592518898702,19.39082063471202,21.759351376622533,11.46856038188194,18.75703649405444,1
1,40.94018664321059,40.909132029760364,11.129180749775104,21.358496279954974,14.567312534488531,19.581690363255614,1
1,40.67591923708016,40.35889460977048,11.685955407640193,22.63817377869064,15.511093682358531,18.03774545838952,1
1,43.49189018188416,43.46659393359265,10.73963480664737,29.175758300919053,11.929204989101272,14.316131880965106,1
1,39.47093802047328,39.17421554726494,13.862188247387039,23.223056591882276,16.28380566853651,16.247881428591,1
1,39.60970395849763,39.64561869540842,12.034922007405665,29.29766307394709,12.553855094486357,10.312040884550544,1
1,39.4899173156478,39.65836518432612,13.900720603786509,17.704351959234607,10.939809561619576,21.785565356413194,1
1,39.577879745091664,39.57310368254008,15.775870835784424,25.862039682489495,7.293884086223365,13.715840062602169,1
1,39.471396734501525,39.62253125536695,24.144741761067035,27.183593079131207,10.72096291620509,12.287803655370318,1
1,41.84572149043981,41.918504540239816,19.15564089672538,25.186932470022928,14.80723745679941,16.65878902041688,1
1,42.14665552238681,42.04716932637281,22.524606785244437,24.103834203398108,17.055436940161286,18.0428213189887,1
1,39.55802981812568,39.552222466269654,20.655272510684984,23.472191716292734,9.020152846323723,16.085838101832948,1
1,39.2179377549645,39.45668834209056,11.687546957899476,27.91395723868044,10.262826207966032,11.303980516284064,1
1,40.912840223302325,40.86140240834026,21.03880609560923,27.3246989574675,7.8475319292531145,13.588141265834825,1
1,39.582110042434735,39.465325353458326,14.126483223386867,16.83433081770899,14.288674730747626,22.747779224725743,1
1,41.12281136308216,40.9181694811563,19.586617704920595,27.72881485546317,17.522261160119104,13.393996507618986,1
1,40.563799927106686,40.550311765667146,15.114429604644828,21.211029291606636,13.691426638178106,19.35277063550005,1
1,38.3295326505036,38.80955638040051,24.965083948969887,18.80545244993716,13.404918360074715,19.52408020056644,1
1,42.31175676172908,42.63562777183833,13.953272192451667,28.046528520208888,12.641879166005207,14.265228241520191,1
1,42.634640975024176,42.30815702404395,14.186957061614045,21.480371994506125,7.061468888226438,21.15426898051805,1
1,39.50337470237029,38.84299623717878,23.960083833435974,27.12547035265225,14.754045917152602,12.377904349718037,1
1,39.79598797208322,39.7683915665653,10.36966606954484,18.951054179337667,13.22459452259221,20.84493379274555,1
1,40.67162500794237,40.99952848142934,20.450334818097954,15.058939821333267,13.937721226275444,25.6126851866091,1
1,40.73479382698313,40.560544896851646,20.87989586103817,22.431887893544165,16.78573311632906,18.302905933438964,1
1,41.15610755447468,41.487972609202856,22.54567866115599,16.503423849643262,15.407529444732216,24.652683704831418,1
1,42.913265900396254,42.969474885337014,24.61658965957713,26.315639332873644,15.370983025854313,16.59762656752261,1
1,40.06996860425773,40.00687098367167,24.634028787349784,19.141127041041155,17.126205226552173,20.928841563216576,1
1,39.26221358210001,39.36676252240758,10.979151363496959,21.654684699052183,17.879219417555994,17.607528883047827,1
1,38.50688500358111,38.46955597218901,22.327589841293538,16.305503476373314,12.975392783532715,22.201381527207797,0
1,39.3497909480755,39.26560089018633,19.69464900486072,19.29988872670879,7.306579392373989,20.04990222136671,1
1,40.25693493526406,40.54622117080897,19.71013201559637,26.72235364887858,11.509558893305236,13.534581286385482,1
1,42.63292522257312,42.621809450571725,11.925248899220422,17.27381867853479,15.451213757539733,25.35910654403833,1
1,39.627105311252976,40.02234085266477,19.752807496684802,24.70739341690436,6.33270389714219,14.919711894348616,1
1,40.590924337130566,40.80990889766346,24.73723870901872,28.761387792067517,6.682649260273789,11.82953654506305,1
1,40.27865023510542,40.43841958882908,23.677278543091703,25.197551396365803,6.805893388593856,15.081098838739614,1
1,41.84491125548251,41.922677397284936,16.586959912072757,27.1653253393834,14.77242909993973,14.679585916099107,1
1,43.5850121536357,43.74692340448353,10.599219599291414,16.634574439558737,12.013999542758064,26.950437714076966,1
1,39.60987059520358,39.50991218087975,15.434402350003072,18.760977390030817,10.426775322247122,20.848893205172764,1
1,39.66372872472631,39.63265533773113,22.395854674008326,28.418082783608867,7.267404543140832,11.245645941117445,1
1,41.65740914018979,41.394187326365824,20.52248652197749,25.72658420427134,14.78688300247067,15.930824935918452,1
1,41.1864589365142,41.443253540834725,16.890154833909346,24.593307395659668,9.852237726610795,16.59315154085453,1
1,42.70071952345684,42.82034799166539,10.826523027382466,24.9565010418255,9.183888840776007,17.74421848163134,1
1,41.05910664092375,41.33029593348345,16.40342091734954,21.213008314569652,13.82783041864261,19.8460983263541,1
1,39.83292028197682,40.59465320420588,17.035374095768255,15.668349474264799,12.708130711162102,24.164570807712018,1
1,41.0678512799,41.22586701495151,23.92833299341204,26.766623131060935,10.348927701759619,14.301228148839062,1
1,41.74131465475778,41.79855441165416,19.616291553732392,25.180698543230307,13.697849649667058,16.560616111527473,1
1,41.36662683555657,41.163263464306475,14.674793749819735,22.09206696169087,9.254658244609418,19.274559873865705,1
1,40.959456240439486,41.15202884615581,17.879773966760823,28.496394230523862,15.537963139251922,12.463062009915625,1
1,41.6866770964659,41.67966084020179,10.990829617332402,20.042394974776485,8.751827403691847,21.644282121689415,1
1,41.820084267579375,41.904681390692254,24.588523534746052,19.41482616346854,7.906052344584188,22.405258104110835,1
1,42.09680668834879,42.55526444099046,15.40089852896089,28.09194487619164,15.389272913986499,14.004861812157152,1
1,41.143322853866536,40.94436148142892,17.168010323697036,26.95481482138478,14.494704368375197,14.188508032481757,1
1,40.08274649558809,39.9982024227222,15.32925961355384,22.72469715972517,8.191667708421582,17.35804933586292,1
1,40.49072779236332,40.36431183126506,20.237675951743,16.96102109186775,7.394949032279255,23.529706700495574,1
1,41.86846165646086,42.05419142342419,19.933482374943896,18.226072071975786,16.060789061840303,23.642389584485073,1
1,39.23798362771659,39.301252641150946,20.729834657937033,24.8434198561321,15.319181786360257,14.394563771584487,1
0,38.69671415301124,38.513795051459155,14.022148444178812,20.775618567606173,9.92708848439597,17.92109558540507,1
0,38.06173569882882,38.15962321700008,14.73502721746099,27.547097874989568,13.8983688985604,10.514637823839251,0
0,38.8476885381007,38.56600539888014,11.87876846644312,29.249325139983064,7.48992223857373,9.598363398117634,1
0,39.723029856408026,39.48332356896701,19.83264957769169,27.084553879123774,12.084571908572137,12.638475977284251,1
0,37.96584662527667,37.93469454924053,10.596956910034788,20.663181344933356,6.224763504725038,17.302665280343312,0
0,37.96586304305082,37.865357628492234,18.965235032851886,26.83029643847136,10.699222571058666,11.135566604579456,0
0,39.77921281550739,40.05782699918352,23.045438272774508,20.271625102060252,6.8981138576568615,19.50758771344714,1
0,38.96743472915291,39.079947989468124,23.362482224344504,17.50650131648451,11.70176616188259,21.460933412668403,1
0,37.73052561406505,38.175992815416095,16.735566405549427,15.50089807298786,11.060179762234732,22.229627541077193,0
0,38.74256004358597,38.73371399446868,16.889555323196106,20.785750691415302,11.332620319656673,17.956809352170666,1
0,37.73658230718754,37.67157288355633,11.15453774512026,28.553389555459226,6.543975624575928,9.183192751728313,0
0,37.73427024642975,38.05132160946932,20.061475381645536,18.584798816335148,10.33939609538199,19.149471430094604,0
0,38.441962271566034,38.31521842020843,22.318891305592683,18.09769747394676,15.077806189198999,20.344264797619275,0
0,36.286719755342205,36.50362150577107,13.669825819070695,29.547311778615605,10.42697248024344,6.7394079767266,0
0,36.47508216748697,36.61699950645793,16.31951322450047,15.375061692758882,14.582063431314968,21.100020474728083,0
0,37.63771247075903,37.10570614195275,22.582590051479055,26.786732255906315,10.433744683604798,10.850980214852711,0
0,37.18716887966558,37.3414356053111,23.156807014934323,19.820549336113054,11.078873297882238,17.366619543552524,0
0,38.51424733259528,38.65550144517564,13.64769970396339,15.56231935304489,12.766705353951194,22.95192797955039,1
0,37.29197592447879,37.64986369517485,18.258559518120464,28.767038103143754,17.408183241684988,8.524937821335037,0
0,36.78769629866471,36.30324292037485,12.887397259537405,17.094634953143753,7.306325359759862,19.69306134552096,0
0,39.66564876892156,39.45378648595292,11.528181462093348,23.27668925588543,6.394965223934085,16.388959513036127,1
0,37.974223699513466,37.84711349510846,23.666807520879363,19.110813111443218,13.295486205720541,18.86341058807025,0
0,38.26752820468793,38.07217686373784,22.307612563481637,15.977892032770365,17.389165067141114,22.289636171917564,0
0,36.77525181378655,37.29400930172039,21.40052352704761,15.748837284950687,17.876677590656577,21.026414528835858,0
0,37.65561727547482,37.56613319613964,10.731494782197107,16.73335048254508,11.809970968704022,20.922266792929737,0
0,38.31092258970987,38.291435958333274,22.65593189065386,16.070505208340702,11.61697945302118,22.240417381369166,0
0,37.0490064225777,37.14873302613761,16.570661138580757,26.408371732798845,13.739565248942354,10.640634689778853,0
0,38.57569801834568,38.861732055725994,15.135926849437894,22.283493034251435,12.667617086459638,16.292204984094248,1
0,37.5993613100812,36.83885294903813,18.197145415380646,20.143381370234696,13.609056691369418,17.455979939846504,0
0,37.90830625020673,37.84979573078416,11.370298640853338,21.27553365198011,16.48799310645473,16.63277259822662,0
0,37.5982933877706,37.24852639173128,21.34969824028598,28.93420103358935,14.955674033851311,8.664092354181253,0
0,40.05227818450894,40.210709782471426,18.73652615332444,28.66127719107221,11.962528700241547,11.391000993436734,1
0,38.18650277526207,38.13411882238529,12.798851453097512,25.735147201838654,11.542373508002035,12.451355573423417,0
0,37.1422890710441,37.153838114709394,12.823482996535684,28.270235661325316,13.675220982157391,8.87205340971878,0
0,39.02254491210319,38.56164223668949,12.763729773590114,19.79472041381437,11.46847541304357,19.227824498288822,1
0,36.97915635002898,36.994266880879,10.85503581327901,20.71663989012424,11.493352215187677,16.262516459904738,0
0,38.40886359500476,38.82635453817749,18.81697674057527,24.20568272781342,6.195670821438058,14.203180867191339,1
0,36.24032987612023,36.78516488632433,22.60522266382762,24.354389209458965,8.088769648887702,11.885940666661263,0
0,36.87181395110157,37.00219601943852,10.262473209810828,22.225497570185112,11.862163679949036,14.64631638091646,0
0,38.396861235869125,37.97192105818745,10.735069674569104,21.009867726569297,15.87184150860443,17.386993509299828,0
0,38.93846657999541,39.18165836260695,18.591554150304187,29.792704674130427,9.34472408072549,9.145761905864987,1
0,38.37136828118997,38.42146516486588,22.292435280790784,27.316854391765865,12.271721197573788,11.054513889424108,0
0,38.08435171761176,38.14780237625344,14.901083358529505,21.52470296832068,10.139545017110786,16.55964874929108,0
0,37.89889630441071,37.452724902731255,15.244215982115833,25.909387158593525,7.257647874475069,11.989509145817188,0
0,36.72147800963258,36.88765259680971,18.945197462451638,19.043425398786894,17.499581796855608,17.678052610845683,0
0,37.48015579160529,37.50797968085153,14.113193336862205,16.50253989355995,16.25608644300362,20.977615898045343,0
0,37.73936122904021,37.877708276933674,10.399125491165261,20.28646538329111,6.941909093602877,17.452895845749104,0
0,39.25712222621892,39.3116432639852,21.02842777152394,21.044592001850912,14.637447149619415,18.212530224368006,1
0,38.543618289568464,38.93801554505272,19.384748694121797,15.248056868410062,10.170958852290003,23.295561421158403,1
0,36.43695984463727,36.4222249598037,18.711339985834886,27.221880024538443,17.93819768474151,9.215079820098829,0
0,38.5240839693948,38.5168967917133,21.125261934877347,20.38790103583772,9.628782237947732,18.13618293355708,1
0,37.81491771958369,38.13034982010639,20.128462563430563,23.706272486702204,8.8648613443512,14.108645232881486,0
0,37.523077999694046,37.33112441752749,13.088229822674817,16.10944780906434,12.814686579664862,21.413630190629707,0
0,38.81167628884087,39.079000380549935,15.287215704150267,17.62495243125876,16.021513960118448,21.186723857582113,1
0,39.23099952249596,39.3532367529607,11.891652125179375,28.3454058799134,8.310226461837576,10.885593642582556,1
0,39.1312801191162,39.04695749665406,11.947855201268215,24.130312918242012,14.512833236631975,15.000967200874186,1
0,37.360782476777366,37.48596591397954,20.14293619534809,29.254260752557283,6.73687899769346,8.106521724220084,0
0,37.89078762414879,38.06014999587304,22.879001604737475,29.981250515869753,17.027216917325966,7.909537108279039,0
0,38.531263431403566,38.99537678616003,24.440988757917083,20.577901729996416,6.972898993767585,17.95336170140715,1
0,39.17554512712236,39.54414363231,19.42520676324167,19.48204596124912,16.970776516129952,19.69349916587324,1
0,37.72082576215471,37.65699727338091,12.761519850414356,27.875340827386452,11.889686993432434,9.845484934768258,0
0,38.014341023336186,37.7401666287555,11.58475518173396,29.979171405561814,11.377093353551038,8.035169617774372,0
0,37.09366502599397,36.924443051892105,22.192764573051367,24.44461851348686,17.679684954004518,12.649046512507113,0
0,37.00379337591933,36.52458311329862,18.68134714539999,26.927110837672835,17.88461013237863,10.076682538246494,0
0,39.0125258223942,38.946190496942165,19.2742753152058,26.72618788222912,13.802137511532145,12.286337940165083,1
0,39.556240028570826,39.417359235013656,21.72193133132064,20.330095623293204,7.525431502284582,19.226144405277623,1
0,38.12798987841967,38.19108755436915,20.549158415986774,23.61405570385631,12.07404102786243,14.51393417456336,0
0,39.203532897892025,38.58003316704829,22.51687379284145,27.4958541189632,12.349957211467949,11.707678778928823,1
0,38.56163602504764,38.55742633484868,10.843208581898176,25.32170814391583,12.173357137623716,13.239927881131809,1
0,37.55488024539488,37.37746034232216,21.212809551197573,15.317457209730573,12.833902062240117,22.237423035664303,0
0,38.561395605508416,38.779595319732294,22.762791359831432,20.050585033463,6.224696565532688,18.510810572045415,1
0,39.73803656646597,39.28266291640865,14.292025636874715,17.16713544891908,14.534727377646028,22.570901117546892,1
0,38.16417396089005,38.15204333455063,19.606709109898794,18.494583181170587,14.548731623435856,19.66959077971946,0
0,39.76464365581401,39.69134126270104,14.71243095755458,28.582342162369883,7.385637302134655,11.182301493444129,1
0,35.58025489591026,35.85557280533071,24.369565997236812,15.553399333661522,12.842873309349608,20.026855562248734,0
0,39.02190250437523,39.21362391456457,10.501353586532556,18.297010679428855,12.820334189229296,20.724891824946372,1
0,38.287047068238174,38.30285167773142,18.696892657494324,19.643540283573472,14.189405042284802,18.6435067846647,0
0,37.90099264953413,37.68597391136403,12.497553205742726,24.25326107949592,7.0247723056209725,13.64773157003821,0
0,38.291760776535504,37.8359077971897,20.683303077657378,23.011525351287982,13.518039687193156,15.280235425247522,0
0,36.21243108539911,36.253807662057596,12.638354251279932,18.274042242800792,9.369023408956094,17.938388842598318,0
0,37.98032811216249,37.98029107193322,13.530748928475363,17.463616008347316,12.084035885954062,20.516712103815173,0
0,38.55711257151175,38.11158423584847,17.41556216568637,18.551970518941783,15.27988263244892,20.00514205256997,0
0,39.67789404474152,39.5196964447958,23.72252424995317,22.537944400524832,14.46775123635616,17.13994964421669,1
0,37.681729781726354,37.72745866571466,13.175715582219564,19.067666785668052,7.426836212135921,18.6140629960583,0
0,37.39150639710682,37.606287699807076,12.163600316771554,29.21403752411583,13.094217445392879,8.177468872990985,0
0,37.69824295641546,37.46433617342854,21.38465247781046,21.957978321432712,17.629398371288865,15.74026463498275,0
0,39.11540211770208,38.872944478014645,17.509292985008965,15.881940248169556,7.881233248020028,23.233461869532526,1
0,38.52875110965969,38.1324880312996,23.676776685726573,25.9389960875495,16.23488505270498,12.589755022110186,0
0,37.67023979623296,37.94053856541492,12.199218357397633,19.932679323134845,14.430576966645322,17.737560473098117,0
0,38.71326743311336,38.34158132815301,19.68891839534559,24.802333980873712,15.288039754917115,13.910933452239647,0
0,38.297077549348046,38.30644867553722,13.493187192277226,19.19391555784848,9.383499925711746,19.103161991499565,0
0,39.16864499053289,39.13151075099201,12.35140642977459,23.561156125999798,9.454667152558109,15.607488864533092,1
0,37.49794690612265,37.807341699423105,20.25144122735906,26.58228757211197,16.872233469317855,10.91565933401068,0
0,37.87233785340224,37.768638950987054,18.905269298630998,28.92013112661831,10.317984385110703,8.952206726783935,0
0,37.80789184686785,37.86866474266803,21.322411875434966,18.916907166496156,6.756184688313725,18.89098468037169,0
0,36.73648505186789,36.43981716588012,14.641938646692736,20.022854264984716,13.2071604429534,16.713630786883172,0
0,38.49612027706458,38.06428802956569,16.71957484573285,21.963996304289097,7.497812028502112,16.53212397277548,0
0,38.46105527217989,38.64873901947168,16.082075144956278,28.907622566039834,15.5591548968949,9.553432706140057,1
0,38.20511345664247,37.771833577182726,24.761341959497713,28.520802852159857,13.700957310012688,9.684310604482615,0
0,37.96541286662485,37.90921460638793,14.383734351090819,16.348174201509572,16.496718062654498,21.61723866511528,0
0,36.78462925794959,37.06416842090954,14.422258575201504,16.978947386307162,15.418046997391624,19.805681871642427,0
0,37.77935467723464,37.90053889872033,15.318223132429111,22.432637659959575,7.345363780058354,15.346717017275068,0
0,37.857285483473234,37.68720568726335,18.468911219354823,16.599289092081353,10.572848117213066,21.25799639139188,0
0,37.39772273077838,36.91853029519816,13.784841163956179,20.183713100230463,15.294722998975047,17.21400963054792,0
0,38.03871428833399,38.2421937546139,23.72934910568911,17.225780673262165,11.00809767919591,20.812933615071827,0
0,38.60405085681454,39.04367515738417,13.985283472993952,24.540605326978287,17.66838581735974,14.063445529836251,1
0,40.08618590121053,39.8860605481913,23.43723597340292,29.242431476087425,14.82888539872139,10.843754425123102,1
0,38.374577812831845,38.380391947564675,11.55212595469877,29.95100655441572,6.185999000283852,8.423571258416125,0
0,38.457550390722766,38.29497106410037,19.848440535994783,20.62861698745372,16.559828298730036,17.828933403269044,0
0,38.12555408423383,38.48811848354625,23.604782776573657,23.985189556719185,7.209657418422691,14.140364527514649,0
0,36.28122878470096,36.73724788157711,12.531241575973443,27.844014802861217,7.68628469016103,8.43721398183974,0
0,38.173486124550784,37.905904551264435,24.524904401488826,16.76193109194576,14.813908807332611,21.411555032605026,0
0,38.26023020994103,37.89725227067376,16.793250406232676,25.343466165779475,16.379622713165762,12.916764044161553,0
0,40.66324211248529,41.25093876059299,24.185726626615367,21.132654925876025,12.436195534794672,19.530587186609267,1
0,38.00763903521888,37.995262460766384,20.152300654450706,18.09219240420246,9.46859679534935,19.91544663101642,0
0,38.501547342333616,38.751669565750305,14.523803048103273,21.04130428121163,10.215786543038107,17.460243061121986,1
0,38.16528823029476,37.89088476556421,12.824537873756597,16.139404304473754,10.114671955152673,22.02588392582101,0
0,37.03132196238048,37.03655114216928,14.55602569337649,25.431107228839586,9.920137245714146,11.600214733540895,0
0,39.342822814515024,39.46967087975019,11.395261138940125,18.791140031226796,8.914916061859797,20.55168278328823,1
0,38.951933032686775,39.122631322594614,12.158019495149947,19.67108467567317,13.306405135550797,19.280848357013603,1
0,38.99103194704305,39.56547024421102,11.569906605197218,16.816219473621942,16.804863822780806,22.174812473421106,1
0,37.29061254520526,37.096240906333215,16.344153156123365,27.969886708348376,9.684988957000094,9.320725836856887,0
0,39.602794310936105,39.36078668648607,21.933675643863797,22.401664189241078,8.240331569536945,17.201130121695027,1
0,36.79814893720772,36.89134237466563,12.120753313245103,23.582203166796006,16.0629319964571,13.215945770411714,0
0,38.78685709380027,38.931668078028615,11.954806497585038,23.541490246422818,14.90139997067644,15.245366847377454,1
0,40.390455625809984,40.49074082625504,19.65143424275996,21.157396718120125,17.170044378718927,19.23305890768986,1
0,37.20946367486931,36.89689641014743,12.957744729520995,17.88794873157209,7.9862368272589155,19.32151494329722,0
0,37.63370227039723,37.57058407018019,11.464150571634875,26.176991227476,7.731015769399098,11.456711042921228,0
0,38.29965136508764,38.26475324815708,12.502728673083665,16.905843980365116,12.49715273165996,21.393807384722525,0
0,37.6965243458838,37.607535145166544,23.855970938151643,16.558106854182157,13.373203858021142,21.138417491701645,0
0,36.64933656893387,36.83478259548842,22.322068791642863,25.65217556394755,11.762081302315075,10.997161004986317,0
0,38.26856297480603,38.03493955754576,15.310968435326412,18.132555306779757,13.187599635886507,20.136007668026274,0
0,37.1376962862739,36.843187269837664,19.83731150991089,19.601591270292484,8.164557226500856,17.536105015981416,0
0,38.67359243063518,38.14297270395979,18.059135105020573,22.128412005026103,11.755365049969,16.54518042560908,0
0,37.2805757657662,37.68607784199246,20.15686395223846,21.74026975094319,13.897110731276014,15.54030601482301,0
0,39.74993440501754,39.814970504992196,20.24006728694139,25.62868687597499,11.192477390984445,14.121247529042552,1
0,37.41674670766377,37.4451881847868,19.431010225899893,24.351476901650415,14.153368029799175,13.065269806013355,0
0,37.87793848379432,37.76267246052618,13.99152052805963,24.665942434227986,11.414295366646076,13.21199604956633,0
0,39.01351721736968,38.27431348032135,10.585096311442271,25.710814959831858,10.003194970107327,13.302702257537824,0
0,36.96913568356605,36.844886472709184,16.833501729851633,19.38919091135198,9.643260565045107,17.57994477221407,0
0,38.42745993460413,38.641320002583946,23.364608270360556,19.834999677007104,10.930824707863056,18.592460257597025,1
0,39.507142754282434,39.60744027025253,18.54245887777864,21.56996621843331,6.27707547218641,17.937176535849122,1
0,36.59251676543877,36.68310453923598,22.485865625528618,19.611932595502893,14.022301661353364,16.98058416993588,0
0,38.384633858532304,38.6218074557235,24.874365144418423,29.77406803456295,16.14126769176314,8.610565823969353,1
0,38.45988279424843,38.80231376882943,12.454243062074145,27.210778896321443,10.255525133317423,11.249103897926986,1
0,38.98182287177731,38.80024143740928,20.376664587129735,17.469820323840445,6.552397633700623,21.512002547936866,1
0,36.96304928912192,37.319328701294175,20.11440360550037,15.083912338228043,17.84130716862669,21.879136950893876,0
0,36.87954338691573,36.73486600781033,24.699331710374175,15.641749023709018,9.164379065412803,21.23779436320671,0
0,38.7219415656169,38.53071238587485,24.784011009292005,18.66095176564388,7.5194534602892755,20.060989799973022,1
0,38.49698467323319,38.20628504569958,20.300179175861942,16.71436928755285,10.437030095676334,21.782615385680344,0
0,38.45049285034588,38.1359994262129,13.654221879732914,23.00007172338858,14.86268448760268,15.450421126957302,0
0,38.54644820949698,38.79704057327272,21.978337571958985,27.869928340910377,9.526999162686788,10.676519868586603,1
0,37.51997527842151,37.49158997349041,11.605437013165572,26.05125331369841,12.896438447033853,11.468721964723102,0
0,38.43225369716101,38.054126912430135,21.71048956257443,18.234135946232858,10.986719933245706,20.19811775092815,0
0,38.49307247329868,38.81208408927691,23.652941862170444,20.989488840386787,7.413167907319422,17.503583632911894,1
0,37.48564858197364,37.53905269485625,15.742500921526528,22.618413142969164,9.963444149905323,14.867235439004478,0
0,40.06577451114476,40.3027752980596,19.459529424746208,27.153087742550035,14.6984460685688,12.912686768594725,1
0,38.67383292091179,38.61930540762726,16.452140981452395,27.586824046592472,13.344046767977348,11.08700887431932,1
0,37.00869650279736,36.87083380257106,16.56647582482193,28.64577467861664,7.437340558602732,8.362921824180724,0
0,38.85655360863383,38.79889056993966,14.6555633366218,22.638678757543126,7.959868916571702,16.217874851090706,1
0,37.22531832977268,37.2966870304277,21.431944306754872,25.414121196537945,13.688800311689345,11.811197133234739,0
0,38.98708460374245,38.82658395545193,24.042648462497578,16.677005568509056,15.760984971850426,22.310079035233397,1
0,39.35859557900741,38.932165324805524,24.11126288851692,23.47933439930973,10.19369395149803,15.879261179697675,1
0,37.379317681648295,37.13015698286346,12.621719273124008,18.730377142067027,13.143729022121402,18.648940539581268,0
0,39.16337612924433,39.50819397379681,23.12115474484849,21.475753275399168,8.047723065025263,17.68762285384516,1
0,38.6127809269365,38.50391393900319,21.06147162140683,24.510757624600792,9.736516042863887,14.10202330233571,1
0,39.022060159994496,39.28916168745755,13.792561010354339,18.854789067806717,6.243242468076631,20.16727109218778,1
0,40.09679298265395,40.07373779306439,11.009269193822718,15.782775866951416,15.219311373594271,24.314017115702534,1
0,37.95461188399713,38.23877193723095,14.019959003265669,15.153507846131363,10.8121178372756,22.80110403786577,0
0,37.44626383564251,37.577340855734654,23.683123551722886,15.332393033167824,15.793506883847446,22.113870802474686,0
0,37.31048557037448,37.65899803149834,19.497680123436584,15.125246062706545,14.500475952272716,22.185239507667937,0
0,37.384189715034566,37.42675739321305,20.815819913468076,16.655325848368133,15.944931188741723,20.728863866666433,0
0,38.1228982905859,38.57126135425159,13.857285266636438,18.59233071855195,9.427904034994594,19.530567572033952,1
0,38.54115197481665,38.57345341829813,20.7908223336223,18.31832271273449,8.221304765134143,20.22282926208216,1
0,38.47669079933002,38.84158440869842,10.421822594168857,29.80194891269845,17.662868191820046,8.674741886631573,1
0,39.02718324903603,38.64327926737493,15.629820186595207,19.59009157813415,14.607933444490435,19.43709167090188,1
0,38.21300189187791,38.24470950599687,19.401300228134968,16.911311750390986,16.008507215120044,21.301690141486922,0
0,39.65353407715732,39.59453249469987,12.191448483119803,23.183438162516367,6.157600484519205,16.47009591464095,1
0,37.935343166762046,37.697045105352295,22.34505361670402,27.869361830962625,10.25353944355064,10.065981335799421,0
0,40.92016916658962,41.09863275478548,13.52546948217878,25.170905651815126,14.91380028692798,15.749263514774498,1
0,38.82566734776501,38.36447014930375,19.784216692276694,19.441231337031756,6.9357939958798,19.384436010733257,0
0,37.34284244358372,37.15260606082502,16.077957138629944,23.424242396871826,12.808079154827228,13.918600046711894,0
0,37.12910750193889,36.69421728309595,18.940653932164707,25.722839613006137,11.148873209460039,11.406267888932753,0
0,38.68247241524319,39.03262746091587,11.611758289433622,25.921567385516134,6.211398085693288,12.760905029727056,1
0,37.97653721467415,37.86001538536428,10.25369199882411,24.998076829465333,8.831706925433416,12.97846038520882,0
0,38.91400049409209,39.535502749026925,23.64346641070452,28.06215637163427,9.417503868800571,10.851844122457823,1
0,38.673237624573545,38.99558734499871,14.044450131507741,28.051581875161567,7.342319356155869,10.621655749411978,1
0,38.12717108734313,38.17052761287116,22.295155041706884,23.68404839110505,13.578442916911925,14.443122696238078,0
0,37.3532062819316,37.14841723570666,24.990254507083,21.447845536668183,8.908774515022667,15.905360745263415,0
0,36.68515277531414,36.30301156453219,13.171468869983666,24.6235544334765,9.331433995432661,12.061598341837637,0
0,37.75348504793298,37.90181455983554,13.977561117750334,27.273180020556946,16.77886317840177,10.480305027376037,0
0,39.05639879432348,39.05932174741906,19.942896814519983,15.084781572617771,11.605477112317674,23.971617221705706,1
0,38.414093744130206,38.12096035891822,24.48172951900932,29.879955135222765,10.705537763631268,8.53413860890744,0
0,36.954261221288014,36.518052747320496,23.73721522286116,17.74340658493799,14.686452459776607,19.210854636350025,0
0,38.37318092585119,38.1035701217208,17.543132800983773,22.053734784899643,16.915365562594946,16.319446140951545,0
0,38.58531737972884,39.19535643181885,21.92665423790087,28.080446022643002,6.3004360348493265,10.50487135708584,1
0,37.31614256379887,37.952995152114696,12.036187796498517,18.37560598566299,11.378866158664758,18.94053657813588,0
0,38.35372510594553,38.34278457313195,24.661572763060185,22.15192835850575,13.329376272935367,16.20179674743978,0
0,38.258208718446,38.244090138378255,24.465298510539796,16.988732702717687,9.822757177511875,21.269476015728312,0
0,37.05702970216938,37.03259084095342,12.455934368187565,20.92614488082289,15.268892665478901,16.13088482134649,0
0,38.557787360348286,38.178743745424846,14.491346872046599,17.65703182189504,17.657724843243287,20.900755538453247,0
0,38.76078452636824,39.15636467014747,11.502324962601504,20.454416231567354,17.3211283950034,18.306368294800887,1
0,39.28305124317528,39.795184293984875,14.075763983472696,20.60196325189083,9.191790472559303,18.68108799128445,1
0,39.25380205203491,38.960819505248196,22.239336841228102,29.89756184397499,8.716059341249832,9.356240208059916,1
0,36.82233063204291,36.76062243648355,15.674734107478892,29.92219543955658,17.489886372254652,6.9001351924863314,0
0,37.26217496008488,37.08622564656073,11.325954507201375,16.721794179909185,11.50354184917759,20.540380780175692,0
0,38.71503526720866,38.5928837464806,15.133382871683569,25.889531689925207,8.499572677016301,12.825503577283456,1
0,38.71378595091221,38.93379054243971,24.720750013619202,15.776182195036517,14.483963563565018,22.937603755875692,1
0,38.71504768630605,38.41637695815954,19.445253928888043,15.45288023005783,9.413043886845498,23.26216745624822,0
0,42.05273149065472,42.187359932690605,16.242414196092366,16.580008413674463,9.206963700852627,25.47272307698026,1
0,38.77089051069317,39.104141721159046,12.49807770245905,29.482284855119012,16.550988516933415,9.288605655574159,1
0,39.33556564018061,39.44709637425264,24.792651959255423,29.11295321842046,7.949749840522841,10.22261242176015,1
0,39.154001763493206,39.39672866156632,22.312735138946934,17.908917304210206,6.772715357594837,21.245084459283,1
0,38.8513912513058,38.840599319733556,14.22215953676379,17.425085033305674,9.230237282060248,21.426306218000125,1
0,37.884730755359655,38.29113578961809,11.051030435817841,18.608026297739205,13.283344954058446,19.27670445762045,0
0,38.95896922049327,38.65813436071098,10.84938336066337,22.73320491112713,7.477054240839246,16.22576430936614,1
0,37.427174785462434,37.351635444155754,11.805672242583007,23.54556948053115,11.659136067321525,13.881605304931284,0
0,37.96318139326,38.033408788347266,18.711528754216324,18.32390145659171,13.528045325103838,19.63927993666829,0
0,37.7146364521709,36.96920526542921,23.931451318082388,26.349341821349178,16.184843911118087,11.365294630821722,0
0,38.281874139386325,37.98285361967169,17.451151420089765,19.64329754103976,8.758435094427053,18.638576598346564,0
0,40.51465856667351,40.269344240936476,22.64418223684296,28.831969882941156,15.808155880593473,11.682688683732355,1
0,36.33273480740826,36.50119327522519,16.688299297897117,24.850840596850958,8.818875133574863,11.4818942105573,0
0,38.886260190374514,38.787637856683574,20.62875318651738,21.545267914554174,14.121198494875687,17.34099227582034,1
0,36.58728412881035,36.505210559795664,20.978091059297512,26.84868002554268,11.16808285778946,9.738604103267672,0
0,37.72806813421057,37.9818502448744,12.60945558855008,27.26871939069997,7.3761749085440425,10.459348743510596,0
0,39.28895059696737,39.02514220732693,15.418240884637177,19.357224084134153,14.571161553862185,19.931726512833215,1
0,38.264280019095466,37.81923425473967,19.55953234807036,20.095718157541263,8.613151422588214,18.168561861554203,0
0,37.1222552220707,37.04768538155256,11.060449122765492,29.03932730592905,8.119481112295098,8.08292791614165,0
0,37.48469629074003,37.14023107539641,15.423102816444349,17.47111557544908,10.299875143072597,20.013580715290953,0
0,38.87959774893468,38.39494194996445,18.021991994217885,15.632256254444012,13.839482937113802,23.247341494490666,0
0,37.469633368282864,37.625513361286856,24.94336739566958,21.81082983914324,8.807957745487533,15.658803529139625,0
0,38.41645858958198,38.563854811970764,17.11800343933661,27.018148503654434,8.20393846538263,11.398310085927545,1
0,38.24557183990382,38.607399827242716,22.240851356714856,26.575021594661187,6.119443508560372,11.67055024524263,1
0,37.54839965239419,37.769656324530466,16.481009275999266,28.792959433692488,11.659717165220684,8.7554402187017,0
0,40.343944089325326,40.55601592027571,21.945860839295634,22.9980099655356,11.143746831782192,17.345934123789725,1
0,38.833919022318014,38.307992239412016,18.931222024301626,16.500970073498,8.806412923648516,22.332948948820015,0
0,36.1748574133424,36.30935732307968,23.298931622535974,23.830334615040243,6.643825968116289,12.344522798302158,0
0,38.38645431476943,38.106592526277616,16.16413828525165,26.675934215298174,11.151070495150043,11.710520099471257,0
0,37.53821353523161,37.24880062556762,19.064566297322184,16.399921804047395,15.458461332859574,21.138291731184218,0
0,39.05243333479623,39.25928111186829,19.45028020928241,17.589861016463846,14.583385575926124,21.46257231833238,1
0,37.4074792615673,37.03852512066132,16.2607441270071,15.184359917335064,16.329538678322045,22.223119344232238,0
0,38.08526355853311,37.448761690466384,12.164680655312223,23.904788691702155,6.114992252557867,14.180474866830952,0
0,38.70498727898046,38.91359187296649,11.403391103685033,28.30101587918857,17.59703180165518,10.403971399791892,1
0,39.06575519417012,39.11952040207975,10.250073258994497,25.05994974003149,10.09694703152938,14.005805454138631,1
0,36.99970359294423,36.96215518948908,23.10301396367822,29.73060131386473,17.884773553103578,7.2691022790794975,0
0,37.86549876415906,37.692435961700035,13.547123683580418,15.945504787496423,9.031433527221296,21.91999397666263,0
0,37.725054688839045,37.89163986978182,13.17260123922652,28.545016277272445,11.658436650938938,9.1800384115666,0
0,37.54667076742629,37.662311805513596,21.040531006390985,27.211024310800212,10.247132118903643,10.33564645662608,0
0,39.9654542402811,40.06229101754006,14.800241696310877,19.713622807492573,10.269128579931632,20.251831432788524,1
0,38.60498171096096,38.48317681377953,17.59067038617755,29.60289827755878,16.10738518497859,9.002083433402184,0
1,39.09979678005582,38.96544747021943,12.437665979461844,19.319066222571227,14.957027276848065,19.780730557484592,1
1,38.542810012698766,38.753283433140616,24.39618582192954,28.339570857423276,17.905817222760575,10.20323915527549,1
1,39.03136477112947,39.4543101707511,22.77372100025856,28.21122865611284,13.36217619261015,10.820136115016627,1
1,41.66973433559019,41.629081086007645,22.95684434447505,26.364864249044587,11.559079252734032,15.304870086545606,1
1,39.06578144451847,39.092383543142454,16.101606228580078,23.45205710719278,7.0808863553626935,15.613724337325692,1
1,43.72209668428861,43.62559967004597,21.43541820560759,16.800041244253322,17.958737034166283,26.922055440035287,1
1,40.94131327114516,40.95616339186042,12.158142330846703,22.979576017447474,12.618367835187394,17.961737253697688,1
1,40.540286960803336,40.45718444932141,10.129285038876704,20.35194383482402,14.405729636281702,20.188343125979316,1
1,39.18413488576442,38.52493395602136,10.299593988670422,26.883255497330275,10.880908646295737,12.300879388434147,1
1,41.21040284323168,41.40902449522038,18.799026061068407,26.371938097452674,12.57258849815083,14.838464745779003,1
1,39.55167082589089,40.050726499115285,16.830923578719112,28.65918761058908,17.310932782714644,10.892483215301809,1
1,40.45861275903896,40.21822038050819,17.770230233627796,15.222452436475619,7.9970332551792325,25.236160322563336,1
1,43.62810989974943,43.442907613981234,10.111947106258292,27.13654825234569,9.508471011963055,16.491561647403742,1
1,40.17512213035796,40.16738455362504,16.340299294861385,29.07693079687003,7.824716733336388,11.098191333487932,1
1,41.794055324171374,41.74528394610703,20.77102241801291,26.83950673662225,15.506590845657296,14.954548587549123,1
1,39.38587064733635,39.62437666481556,16.64040552951154,16.952916898055502,6.744543125061955,22.432953749280845,1
1,40.25451496235394,40.350246507419094,20.98328809468333,16.219186572613317,6.97957979821606,24.03532838974062,1
1,42.60204082632616,42.31749857122308,13.495284465952523,15.312678597115513,9.581929353448425,27.289362229210646,1
1,39.4849428248759,39.26455057290064,22.19713006722588,24.431178387421063,12.170258171052135,15.053764437454838,1
1,42.656183125396005,42.984439281776815,18.826468606801782,24.44508977789831,10.875297606715039,18.211093347497695,1
1,41.22007751609212,41.46157035429381,13.161446491448594,29.80370571327318,6.537795728049687,11.416371802818936,1
1,39.56879319133745,39.85223481910751,13.550807137807494,20.970647611561436,17.48989869445142,18.598145579776013,1
1,41.12213006077217,40.740171245812306,19.420456968543057,19.978594273462452,17.434434244297005,21.14353578730972,1
1,41.56432078451475,42.02506900873787,22.44909389818665,24.366373907765887,9.352275878889118,17.197946876748862,1
1,41.10835295088236,40.640926959299094,16.234416730437328,27.38413008761391,14.778307383222979,13.724222863268452,1
1,38.2587078641424,38.44758712605724,13.874506436913883,29.05160924284503,12.942904936598685,9.207098621297373,0
1,39.35472167142767,38.80362510005852,23.00517410365901,27.046862492685577,8.849720340067488,12.307859178742092,1
1,39.97822577378304,39.90879912232611,20.039024376262525,21.40010970923707,9.146058620899385,18.578116064545966,1
1,40.20323654216994,40.62381029176255,16.72128230924615,24.52371352968096,11.893838091725407,15.679523012488978,1
1,41.10687372681588,41.17724408079407,17.318502929189528,27.844489900741756,11.030843297968321,13.262383826074121,1
1,40.531011301213226,40.40112683740259,13.063847019045946,22.359145324676092,9.49475193877517,18.171865976537134,1
1,38.56405233367686,38.45399760275535,19.40203945097266,18.25029965558089,15.690139155661786,20.313752678095973,0
1,40.79425720630775,40.77963318723025,15.38113765814333,17.545851596218093,11.77755501164862,23.248405610089655,1
1,41.09376146886897,41.17998107065063,24.93467765011524,15.00236616867085,13.858176748669534,26.09139530019812,1
1,41.02772758231035,41.413811440602245,17.202752728928317,25.773569924719265,8.271282002014505,15.254157657591083,1
1,41.705014943221,41.56666833493848,17.288284092844197,16.666458132689858,12.40209195019784,25.038556810531144,1
1,41.38409880091357,41.03073930803649,18.487776811160078,18.657586495439105,9.815712593359457,22.726512305474465,1
1,40.896934102996966,41.004254840217264,23.751340046781202,19.4681449728419,12.316963324738538,21.428789130155067,1
1,40.20878457510376,40.192754416783586,22.012271497896254,23.405697902051525,15.369910000931139,16.80308667305224,1
1,38.14075078642921,37.812245126724505,16.76695104696762,20.96935915943654,15.22695852109514,17.17139162699267,0
1,40.85850368487236,40.87903912095722,20.780488989591937,25.120109880347428,10.25064813641131,15.738393804524932,1
1,40.56999399331204,40.61332336088056,18.793532481711424,15.834579889930541,14.33132540495567,24.735414103381498,1
1,40.65305248835399,40.80512729668827,17.385505730518734,16.85908791396659,17.295479404731324,23.793964574387402,1
1,38.6402268514336,38.32009461957601,12.884736591765257,22.488172552999,13.508031959098878,16.152054298434603,0
1,38.89462649746925,39.19956422545838,16.959043951823364,20.05447181770245,7.780921480591646,18.840154679766798,1
1,41.66909870933277,41.32450239646984,13.68727880533862,19.437200441270395,14.156503551349141,22.231898268062377,1
1,40.24857829998635,39.9519566305155,23.72263224777482,16.00542118556284,7.258852636191736,24.243157114423507,1
1,41.18595090658441,41.29251369903024,15.031102202445204,28.435787621220022,16.465324905516326,12.750163285364387,1
1,40.3368138889696,40.796981769664995,24.283960218000583,25.37727879187576,12.199925949623283,14.959535097093841,1
1,40.33868298134447,40.52540582118164,17.995829351420667,16.82427235229474,10.621688835738954,23.514410629049728,1
1,41.5197689477688,41.93219448507154,19.473165680142404,15.975689366057109,6.684079135796308,25.544079581711692,1
1,39.62914185331741,39.94301529598825,18.144106667339916,29.623088001468645,10.569404815105315,10.006053851848762,1
1,40.42495701002328,41.31825929394726,11.940709254500513,25.21758825659257,16.83848001498947,15.207368753430707,1
1,39.69904212468344,39.68990527146875,15.637318285119115,21.261841066406124,6.251795955435638,18.437201058277314,1
1,39.73515490433799,40.055792275109305,11.487191684164358,25.525965611336773,11.69577789338166,14.209189293001216,1
1,39.89807623949076,40.04924018562238,19.344310662750726,26.344976797202385,17.17389709332747,13.553099442288378,1
1,40.58877390312382,40.84640453571335,16.703112928006583,26.69943303583169,10.738091997180252,13.889340867292134,1
1,39.67762679183748,40.10265472332163,21.66977457356405,22.168159584795866,11.138108249545805,17.509467207041617,1
1,41.932482963245576,41.98841406902502,13.307057214990547,21.44824137187272,12.942720662389439,20.484241591372857,1
1,39.137010507114645,38.89867662988773,12.468490876440024,15.165421264033505,11.555248002926202,23.97158924308114,1
1,40.05706686259023,40.10881314618298,16.09498346445652,28.89835672712757,8.02322029485063,11.158710135462663,1
1,39.72834962424357,39.70760305459333,23.89878074827572,24.049618175834148,6.222666468838325,15.678731448409422,1
1,42.18107124965985,42.33562152753721,20.656327225186175,18.04730905784952,13.31773989574442,24.13376219181033,1
1,40.55552120946504,40.94964758966943,16.28385437189378,28.79405129132155,17.049679044093747,11.76146991814349,1
1,41.641397901309226,41.61020817178756,17.75908254631466,28.723978526554447,7.276369596325988,12.917419374754779,1
1,38.36877151505193,38.281297900276066,11.263195167656475,29.837762465491437,8.531432631033042,8.531009049560495,0
1,40.64716534563004,40.81511321242333,24.7686384456417,28.110848447084685,10.442753829899683,12.536316898545358,1
1,41.45652003431047,41.3002658734616,19.996109570423783,29.96676581730097,15.704906748253435,11.489754217009502,1
1,40.40696918605805,39.99063765742521,14.281061026951338,18.67029282184909,9.231123797651732,21.73667636420896,1
1,41.68512448758496,41.45893004977609,18.787125913228664,27.633743777988514,16.584652851345222,14.051380709596444,1
1,39.62752501486951,39.881236602944504,11.64223549103491,27.345424631936467,6.659494495800796,12.282100382933045,1
1,42.13215167224125,42.512287156893514,24.487550032113752,18.464105388311005,17.29147945510722,23.668046283930245,1
1,43.28856756070502,43.00818749411989,12.62177481825049,16.47656323501486,12.728964934485179,26.812004325690157,1
1,39.82830987142844,39.70246953835869,19.720454770828212,29.691307705163993,13.905332141852455,10.137002166264445,1
1,39.72084672217899,39.90447705381752,13.681816938083957,19.440368272809156,10.412274270436237,20.280478449369834,1
1,42.18939982025301,41.69549298514386,20.763420739728037,28.06337685701709,15.383931426132724,14.126022963235918,1
1,42.353443789449926,42.17950474143905,21.652320508604216,15.061907320119058,7.998795001012873,27.291536469330868,1
1,39.62028196470075,39.297477023133645,20.101295933671487,15.315372108294033,6.586941903341844,24.304909856406717,1
1,39.75375713777538,40.20409544295644,19.217491903827888,21.988069630445526,10.746203317290686,17.765687507329854,1
1,39.93368000848134,39.69135423792779,23.387036409280174,18.580720259025952,16.244348567772473,21.352959749455387,1
1,38.55221433565544,39.01721904598769,11.179400664846371,25.347619251539463,15.059122039652337,13.20459508411598,1
1,39.10575246957054,39.45213228093185,14.963721486702928,23.483464883519314,12.205871645867497,15.622287586051225,1
1,38.99461700322231,38.85070170430594,13.724312194462689,16.16228696175737,12.865652965984243,22.83233004146494,1
1,39.30186316536463,39.12048460444212,24.820209430981322,17.439424444735756,7.558713915585065,21.862438720628873,1
1,40.25490964639718,40.27343408759299,15.840846695003101,20.820739050876213,16.088178103410986,19.434170595520968,1
1,40.60447915229747,40.69772751232535,20.98919048860598,17.784060959331498,15.443516195570364,22.820418192965974,1
1,42.3156506406583,42.40493331833073,20.270877458215068,26.883335208658927,13.877644726643313,15.43231543199937,1
1,39.00213974703957,38.97007157173361,13.181218562160666,21.2410535332992,11.594292435947262,17.76108621374037,1
1,41.57961911801956,41.728788175978906,13.584965203173269,16.40147800263749,17.57351121935415,25.17814111538207,1
1,40.02181450250684,40.161878851727344,14.219268453295513,22.265143534081872,16.54838366251765,17.75667096842497,1
1,40.23569717745183,40.04909941827263,16.166909173890687,16.362572715921214,13.733165922175424,23.87312446153062,1
1,41.17726533981658,40.86452752334962,13.514875984757902,16.93405958129726,10.461611972607455,24.24320575851932,1
1,38.840461371969006,38.691246820156614,10.294772241202717,18.59414748042308,13.416267344178149,20.246313891545928,1
1,40.79713267003926,40.596856675370304,23.190895852107932,27.892915578712348,12.905291118367984,12.904217091326913,1
1,40.51638787067697,40.50904649612004,24.48414747071326,28.86918798499458,10.730903854018997,11.647199885682394,1
1,40.94018664321059,40.86084907248015,15.123555805473519,27.393865939981037,9.680087660256913,13.54632070322955,1
1,40.67591923708016,40.65991073390986,15.077603191382092,20.01115826126771,10.884129506847868,20.66476097581245,1
1,43.49189018188416,44.04730642706694,10.106377191615564,19.086696616632473,12.886936872400774,24.405193565251686,1
1,39.47093802047328,39.45410131710518,20.20376032495561,23.23733536185359,11.137618136533133,16.233602658619688,1
1,39.60970395849763,39.99337762073603,22.38159843622943,25.827797407996684,9.162893858416606,13.781906550500949,1
1,39.4899173156478,39.50079526542078,12.199124505400047,29.900591822402625,15.131559813129705,9.589325493245177,1
1,39.577879745091664,39.42421151457453,12.39499524050726,16.973560678183894,12.377609951488955,22.60431906690777,1
1,39.471396734501525,39.374084960117145,21.851248749571567,15.739379985357067,6.812101958707199,23.732016749144456,1
1,41.84572149043981,41.856677293320566,19.24436122531217,25.415338334929064,10.419798067513506,16.430383155510743,1
1,42.14665552238681,42.20013290597953,10.672908364415756,27.483386752558584,16.618961486543924,14.663268769828225,1
1,39.55802981812568,39.318438146416035,19.338204856934226,27.69523169799635,15.062838374399423,11.862798120129334,1
1,39.2179377549645,38.71858437411074,14.63376584265649,25.17695323615741,9.878961407328084,14.040984518807093,1
1,40.912840223302325,41.04551810350569,15.530877332062689,29.310237061787806,17.258197824534108,11.60260316151452,1
1,39.582110042434735,39.77867942837465,21.5459712744532,22.665071453168803,6.919234900298521,16.917038589265932,1
1,41.12281136308216,41.330342224199654,22.16402789008916,28.70722197504319,17.534816446706266,12.415589388038967,1
1,40.563799927106686,40.563862543561015,16.00534940259746,29.517182054872848,8.948461109816108,11.046617872233838,1
1,38.3295326505036,38.51834110515963,24.20729404009532,27.707361855046614,6.109130163629031,10.622170795456988,1
1,42.31175676172908,42.462828972408964,16.096940769281083,19.64637844887931,11.20569643821992,22.665378312849768,1
1,42.634640975024176,42.75645412185957,21.57754052845165,17.94323476755443,10.307645156244103,24.691406207469747,1
1,39.50337470237029,39.37422559220218,17.258158968463885,23.221800974727277,12.469068062481526,16.28157372764301,1
1,39.79598797208322,39.58563822995438,23.462984897831262,21.795221255702828,15.561274326838145,18.00076671638039,1
1,40.67162500794237,40.53466899893687,23.616418654752678,28.166375132890995,16.109169625805364,12.505249875051373,1
1,40.73479382698313,40.767996199471945,11.311252118066257,16.500475066007304,10.814759995340301,24.234318760975825,1
1,41.15610755447468,41.26907119264261,24.047399969653384,18.86610091967278,11.158148924476203,22.2900066348019,1
1,42.913265900396254,42.46978412665776,22.383022622806237,26.27698416778063,7.778132763953684,16.636281732615625,1
1,40.06996860425773,40.34860160260272,21.869660714690003,16.42479967465968,6.570571306573962,23.64516892959805,1
1,39.26221358210001,39.12150827031739,13.013670095282837,19.811466210325502,13.694579882820296,19.450747371774508,1
1,38.50688500358111,38.57354135271352,22.076788131319972,20.807330910809746,6.773251506632308,17.699554092771365,1
1,39.3497909480755,39.785288744412476,22.751991020275554,24.33890694844035,14.80596143305747,15.010883999635151,1
1,40.25693493526406,39.58102408251368,14.337255016812264,17.371989685790467,12.46908174026697,22.884945249473596,1
1,42.63292522257312,42.576727461158036,24.283901175434856,27.909067355245643,8.382995738713001,14.723857867327478,1
1,39.627105311252976,39.52629493174405,10.747902195987464,21.713133531994114,12.474275322151795,17.913971779258862,1
1,40.590924337130566,40.60995739457433,12.248638798707095,28.755325678208347,8.195972599225186,11.835598658922219,1
1,40.27865023510542,40.303855610363925,18.063717070772714,22.018048704508974,11.264846490124944,18.260601530596443,1
1,41.84491125548251,42.26699516892711,18.636887066834646,19.125603884111,15.594723794906747,22.719307371371507,1
1,43.5850121536357,43.742980540557475,19.677251249513553,17.127432430315125,11.543031520927649,26.457579723320578,1
1,39.60987059520358,39.899550588634646,10.254536939731997,15.056176420669273,7.784391819570579,24.553694174534307,1
1,39.66372872472631,39.79614110180182,24.405501619331954,22.982362274772534,14.685944181875342,16.681366449953778,1
1,41.65740914018979,41.20714119636877,10.668821391012159,16.60735045390385,8.241220995240106,25.05005868628594,1
1,41.1864589365142,40.83299266836426,12.145929290851036,20.875916454467674,14.862598492441313,20.310542482046525,1
1,42.70071952345684,42.309287388651555,10.210217762890855,23.839076418556303,11.75222747059,18.861643104900537,1
1,41.05910664092375,41.12691769237167,18.50287649941142,19.135288453540504,11.444901109131619,21.923818187383247,1
1,39.83292028197682,39.89897308491607,23.98400325881458,17.62836438549173,16.217220454289695,22.20455589648509,1
1,41.0678512799,40.90703340528688,19.98920749120696,26.620824339140125,14.503242292088025,14.447026940759873,1
1,41.74131465475778,41.60638505932621,22.339862027206408,29.20186758422431,6.3949295634592715,12.53944707053347,1
1,41.36662683555657,41.747947149856564,10.1992180518787,16.50660626792949,9.554091775219229,24.860020567627082,1
1,40.959456240439486,40.7613291610738,18.13022947719589,17.333854865775116,16.451047930198783,23.62560137466437,1
1,41.6866770964659,41.96479848112967,16.89344466258283,29.40018985879078,6.219914022542383,12.286487237675118,1
1,41.820084267579375,41.91546589338253,17.484519163311894,15.566763327183693,12.543041355143645,26.25332094039568,1
1,42.09680668834879,42.14268411961394,11.083197780027819,29.664485048257085,14.733908030087326,12.432321640091708,1
1,41.143322853866536,41.3794426620298,20.26653041603961,15.069667246274832,13.462273025814909,26.073655607591704,1
1,40.08274649558809,40.37515976132184,17.548306222879518,28.105029834769972,15.126386425253237,11.977716660818118,1
1,40.49072779236332,40.54312097828147,21.47723274791896,19.609877714816243,14.70830218697695,20.88085007754708,1
1,41.86846165646086,42.067369337018725,17.27935951092573,29.078832872659447,14.30436834183736,12.789628783801412,1
1,39.23798362771659,39.32196656536373,12.240724543396482,19.754179329533784,15.858478331107825,19.483804298182804,1
